route,origin,dest,n_flights,avg_arr_delay,avg_dep_delay,pct_arr_del15
ABE-ATL,ABE,ATL,155,1.4580645161290322,11.987096774193548,0.1935483870967742
ABE-BNA,ABE,BNA,18,-7.666666666666667,5.833333333333333,0.1111111111111111
ABE-CLT,ABE,CLT,174,-2.7241379310344827,8.729885057471265,0.13218390804597702
ABE-DEN,ABE,DEN,17,-0.058823529411764705,-6.470588235294118,0.29411764705882354
ABE-FLL,ABE,FLL,20,-6.45,11.15,0.2
ABE-MLB,ABE,MLB,17,-17.529411764705884,-3.8823529411764706,0.11764705882352941
ABE-MYR,ABE,MYR,17,-8.235294117647058,-0.4117647058823529,0.11764705882352941
ABE-ORD,ABE,ORD,71,-1.7183098591549295,11.492957746478874,0.1267605633802817
ABE-PGD,ABE,PGD,30,-5.833333333333333,5.3,0.23333333333333334
ABE-PIE,ABE,PIE,35,13.571428571428571,25.085714285714285,0.17142857142857143
ABE-SFB,ABE,SFB,98,24.653061224489797,33.89795918367347,0.16326530612244897
ABE-SRQ,ABE,SRQ,17,-11.588235294117647,-6.470588235294118,0.17647058823529413
ABI-DFW,ABI,DFW,290,3.7586206896551726,2.1758620689655173,0.1724137931034483
ABQ-ATL,ABQ,ATL,137,-7.875912408759124,-1.0875912408759123,0.058394160583941604
ABQ-AUS,ABQ,AUS,116,2.543103448275862,6.525862068965517,0.19827586206896552
ABQ-BUR,ABQ,BUR,36,11.027777777777779,21.555555555555557,0.2222222222222222
ABQ-BWI,ABQ,BWI,59,9.915254237288135,15.389830508474576,0.2542372881355932
ABQ-DAL,ABQ,DAL,273,0.17582417582417584,6.029304029304029,0.10622710622710622
ABQ-DEN,ABQ,DEN,385,0.5402597402597402,7.898701298701298,0.17142857142857143
ABQ-DFW,ABQ,DFW,352,14.664772727272727,16.150568181818183,0.26136363636363635
ABQ-HOU,ABQ,HOU,139,2.985611510791367,9.086330935251798,0.11510791366906475
ABQ-IAH,ABQ,IAH,67,9.716417910447761,15.686567164179104,0.16417910447761194
ABQ-JFK,ABQ,JFK,14,46.214285714285715,44.42857142857143,0.42857142857142855
ABQ-LAS,ABQ,LAS,282,5.095744680851064,11.039007092198581,0.18439716312056736
ABQ-LAX,ABQ,LAX,341,0.9237536656891495,4.381231671554252,0.11730205278592376
ABQ-LGB,ABQ,LGB,52,7.884615384615385,9.096153846153847,0.19230769230769232
ABQ-MCI,ABQ,MCI,53,4.39622641509434,5.452830188679245,0.20754716981132076
ABQ-MCO,ABQ,MCO,8,6.25,-1.125,0.25
ABQ-MDW,ABQ,MDW,58,-7.913793103448276,1.8620689655172413,0.08620689655172414
ABQ-MSP,ABQ,MSP,7,-8.142857142857142,-6.714285714285714,0.0
ABQ-OAK,ABQ,OAK,59,-6.762711864406779,1.3898305084745763,0.06779661016949153
ABQ-ORD,ABQ,ORD,112,5.321428571428571,10.723214285714286,0.22321428571428573
ABQ-PHX,ABQ,PHX,447,3.3982102908277403,7.118568232662192,0.18120805369127516
ABQ-SAN,ABQ,SAN,74,0.12162162162162163,6.702702702702703,0.17567567567567569
ABQ-SEA,ABQ,SEA,47,13.48936170212766,15.957446808510639,0.3829787234042553
ABQ-SFO,ABQ,SFO,116,10.241379310344827,12.775862068965518,0.25862068965517243
ABQ-SLC,ABQ,SLC,166,-9.421686746987952,0.8674698795180723,0.08433734939759036
ABR-MSP,ABR,MSP,115,-5.139130434782609,9.695652173913043,0.09565217391304348
ABY-ATL,ABY,ATL,120,21.491666666666667,26.483333333333334,0.15833333333333333
ACT-DFW,ACT,DFW,173,14.173410404624278,16.24277456647399,0.21965317919075145
ACV-DEN,ACV,DEN,44,26.818181818181817,32.0,0.29545454545454547
ACV-LAX,ACV,LAX,58,33.06896551724138,37.55172413793103,0.1724137931034483
ACV-SFO,ACV,SFO,176,26.789772727272727,27.892045454545453,0.3181818181818182
ACY-FLL,ACY,FLL,107,0.45794392523364486,6.177570093457944,0.24299065420560748
ACY-MCO,ACY,MCO,171,3.6608187134502925,5.719298245614035,0.17543859649122806
ACY-MYR,ACY,MYR,16,11.0625,17.375,0.25
ACY-PBI,ACY,PBI,60,3.25,7.45,0.2
ACY-RSW,ACY,RSW,91,6.967032967032967,8.67032967032967,0.23076923076923078
ACY-TPA,ACY,TPA,93,-4.0,-1.6989247311827957,0.15053763440860216
ADK-ANC,ADK,ANC,13,-18.23076923076923,-23.76923076923077,0.15384615384615385
ADQ-ANC,ADQ,ANC,111,0.8288288288288288,4.882882882882883,0.22522522522522523
AEX-ATL,AEX,ATL,118,7.669491525423729,14.008474576271187,0.1694915254237288
AEX-DFW,AEX,DFW,172,20.686046511627907,19.098837209302324,0.2616279069767442
AGS-ATL,AGS,ATL,339,21.710914454277287,28.616519174041297,0.25073746312684364
AGS-CLT,AGS,CLT,36,6.777777777777778,12.75,0.16666666666666666
AGS-DCA,AGS,DCA,49,1.469387755102041,4.122448979591836,0.16326530612244897
AGS-DFW,AGS,DFW,59,14.745762711864407,25.322033898305083,0.2711864406779661
ALB-ATL,ALB,ATL,148,-11.891891891891891,4.364864864864865,0.0945945945945946
ALB-BNA,ALB,BNA,16,10.8125,23.6875,0.1875
ALB-BWI,ALB,BWI,259,-5.77992277992278,3.505791505791506,0.08108108108108109
ALB-CLT,ALB,CLT,179,3.122905027932961,11.597765363128492,0.20670391061452514
ALB-DCA,ALB,DCA,164,9.597560975609756,11.646341463414634,0.20121951219512196
ALB-DEN,ALB,DEN,1,57.0,67.0,1.0
ALB-DFW,ALB,DFW,60,5.666666666666667,9.116666666666667,0.21666666666666667
ALB-DTW,ALB,DTW,171,-1.456140350877193,9.818713450292398,0.17543859649122806
ALB-EWR,ALB,EWR,18,-10.38888888888889,-3.4444444444444446,0.05555555555555555
ALB-FLL,ALB,FLL,61,14.0,10.737704918032787,0.3770491803278688
ALB-LGA,ALB,LGA,101,-8.811881188118813,2.881188118811881,0.06930693069306931
ALB-MCO,ALB,MCO,177,9.322033898305085,13.112994350282486,0.2598870056497175
ALB-MDW,ALB,MDW,85,-4.341176470588235,8.16470588235294,0.12941176470588237
ALB-MIA,ALB,MIA,8,-1.375,-2.5,0.25
ALB-MYR,ALB,MYR,7,20.285714285714285,27.285714285714285,0.2857142857142857
ALB-ORD,ALB,ORD,138,-8.652173913043478,4.246376811594203,0.13043478260869565
ALB-PGD,ALB,PGD,28,-1.25,11.071428571428571,0.17857142857142858
ALB-PIE,ALB,PIE,20,-12.15,5.2,0.15
ALB-SFB,ALB,SFB,20,-12.0,1.2,0.15
ALB-TPA,ALB,TPA,60,3.9,9.333333333333334,0.2833333333333333
ALW-SEA,ALW,SEA,104,13.663461538461538,4.634615384615385,0.2403846153846154
AMA-AUS,AMA,AUS,35,6.228571428571429,6.085714285714285,0.14285714285714285
AMA-DAL,AMA,DAL,214,-9.074766355140186,0.3177570093457944,0.08411214953271028
AMA-DEN,AMA,DEN,66,1.8333333333333333,2.0,0.2727272727272727
AMA-DFW,AMA,DFW,341,11.821114369501466,9.862170087976539,0.2287390029325513
AMA-HOU,AMA,HOU,7,-8.714285714285714,2.142857142857143,0.14285714285714285
AMA-IAH,AMA,IAH,48,-3.1666666666666665,9.625,0.14583333333333334
AMA-LAS,AMA,LAS,59,3.6440677966101696,11.813559322033898,0.2711864406779661
ANC-ADK,ANC,ADK,13,-15.692307692307692,-7.3076923076923075,0.07692307692307693
ANC-ADQ,ANC,ADQ,110,1.9454545454545455,6.218181818181818,0.2
ANC-BET,ANC,BET,114,8.62280701754386,9.859649122807017,0.2719298245614035
ANC-BRW,ANC,BRW,51,21.529411764705884,26.666666666666668,0.29411764705882354
ANC-CDV,ANC,CDV,59,13.64406779661017,17.661016949152543,0.288135593220339
ANC-DEN,ANC,DEN,60,12.616666666666667,21.75,0.2
ANC-DFW,ANC,DFW,7,2.857142857142857,-2.142857142857143,0.14285714285714285
ANC-FAI,ANC,FAI,72,2.7916666666666665,7.680555555555555,0.2222222222222222
ANC-HNL,ANC,HNL,54,-1.6481481481481481,2.6296296296296298,0.14814814814814814
ANC-JNU,ANC,JNU,175,6.8742857142857146,8.382857142857143,0.24
ANC-KOA,ANC,KOA,51,9.941176470588236,17.607843137254903,0.27450980392156865
ANC-LAS,ANC,LAS,16,-1.9375,9.8125,0.25
ANC-LAX,ANC,LAX,56,9.928571428571429,9.928571428571429,0.23214285714285715
ANC-MSP,ANC,MSP,32,77.25,77.28125,0.28125
ANC-OGG,ANC,OGG,12,-1.8333333333333333,12.916666666666666,0.16666666666666666
ANC-OME,ANC,OME,54,4.37037037037037,8.518518518518519,0.18518518518518517
ANC-ORD,ANC,ORD,9,22.88888888888889,33.111111111111114,0.2222222222222222
ANC-OTZ,ANC,OTZ,1,1.0,-6.0,0.0
ANC-PDX,ANC,PDX,53,5.169811320754717,4.339622641509434,0.22641509433962265
ANC-PHX,ANC,PHX,54,4.407407407407407,4.074074074074074,0.25925925925925924
ANC-SCC,ANC,SCC,85,4.6,6.235294117647059,0.18823529411764706
ANC-SEA,ANC,SEA,954,4.69392033542977,9.135220125786164,0.18343815513626835
APN-DTW,APN,DTW,88,10.602272727272727,19.863636363636363,0.22727272727272727
ASE-ATL,ASE,ATL,108,48.55555555555556,52.657407407407405,0.46296296296296297
ASE-AUS,ASE,AUS,43,14.534883720930232,17.674418604651162,0.32558139534883723
ASE-DEN,ASE,DEN,439,23.036446469248293,29.132118451025057,0.35079726651480636
ASE-DFW,ASE,DFW,231,14.943722943722944,23.83982683982684,0.3203463203463203
ASE-IAH,ASE,IAH,168,45.107142857142854,51.785714285714285,0.42857142857142855
ASE-LAX,ASE,LAX,278,18.14748201438849,28.01798561151079,0.3057553956834532
ASE-ORD,ASE,ORD,263,20.775665399239543,30.330798479087452,0.33079847908745247
ASE-PHX,ASE,PHX,53,18.92452830188679,26.32075471698113,0.33962264150943394
ASE-SFO,ASE,SFO,109,49.57798165137615,61.55045871559633,0.45871559633027525
ATL-ABE,ATL,ABE,155,3.5483870967741935,5.851612903225806,0.15483870967741936
ATL-ABQ,ATL,ABQ,137,-6.905109489051095,2.240875912408759,0.08759124087591241
ATL-ABY,ATL,ABY,120,11.916666666666666,21.075,0.16666666666666666
ATL-AEX,ATL,AEX,118,-3.8135593220338984,1.8135593220338984,0.1271186440677966
ATL-AGS,ATL,AGS,339,14.997050147492626,17.870206489675518,0.20648967551622419
ATL-ALB,ATL,ALB,148,4.966216216216216,6.472972972972973,0.14864864864864866
ATL-ASE,ATL,ASE,118,15.415254237288135,22.949152542372882,0.3305084745762712
ATL-ATW,ATL,ATW,63,28.047619047619047,32.19047619047619,0.19047619047619047
ATL-AUS,ATL,AUS,559,4.001788908765653,5.966010733452594,0.2075134168157424
ATL-AVL,ATL,AVL,322,-1.2267080745341614,3.5341614906832297,0.09627329192546584
ATL-BDL,ATL,BDL,281,5.359430604982206,5.708185053380783,0.17793594306049823
ATL-BHM,ATL,BHM,445,2.746067415730337,5.874157303370787,0.12359550561797752
ATL-BMI,ATL,BMI,118,32.889830508474574,38.29661016949152,0.19491525423728814
ATL-BNA,ATL,BNA,538,2.395910780669145,6.641263940520446,0.13197026022304834
ATL-BOI,ATL,BOI,60,0.7166666666666667,7.566666666666666,0.18333333333333332
ATL-BOS,ATL,BOS,660,0.9196969696969697,8.51060606060606,0.14545454545454545
ATL-BQK,ATL,BQK,120,22.566666666666666,25.5,0.30833333333333335
ATL-BTR,ATL,BTR,205,2.848780487804878,8.853658536585366,0.16097560975609757
ATL-BTV,ATL,BTV,60,1.4166666666666667,13.266666666666667,0.06666666666666667
ATL-BUF,ATL,BUF,160,6.35,8.39375,0.16875
ATL-BWI,ATL,BWI,850,4.576470588235294,9.08,0.17882352941176471
ATL-BZN,ATL,BZN,64,-3.03125,7.75,0.140625
ATL-CAE,ATL,CAE,341,-0.9413489736070382,3.1173020527859236,0.11730205278592376
ATL-CHA,ATL,CHA,331,-2.782477341389728,4.413897280966768,0.11782477341389729
ATL-CHO,ATL,CHO,167,1.6047904191616766,7.269461077844311,0.1317365269461078
ATL-CHS,ATL,CHS,392,3.877551020408163,4.244897959183674,0.14540816326530612
ATL-CID,ATL,CID,62,0.3870967741935484,10.983870967741936,0.08064516129032258
ATL-CLE,ATL,CLE,411,1.610705596107056,5.199513381995134,0.14841849148418493
ATL-CLT,ATL,CLT,729,-0.8106995884773662,5.510288065843621,0.12345679012345678
ATL-CMH,ATL,CMH,431,4.916473317865429,5.960556844547564,0.1740139211136891
ATL-COS,ATL,COS,60,-0.95,3.683333333333333,0.2
ATL-CRW,ATL,CRW,159,27.465408805031448,31.855345911949687,0.29559748427672955
ATL-CSG,ATL,CSG,158,25.4873417721519,28.924050632911392,0.3227848101265823
ATL-CVG,ATL,CVG,397,6.259445843828716,7.9672544080604535,0.17380352644836272
ATL-DAB,ATL,DAB,219,2.7488584474885847,3.3515981735159817,0.1278538812785388
ATL-DAL,ATL,DAL,455,0.6989010989010989,6.764835164835165,0.16263736263736264
ATL-DAY,ATL,DAY,204,1.1813725490196079,4.7254901960784315,0.12254901960784313
ATL-DCA,ATL,DCA,1105,5.224434389140272,7.592760180995475,0.15746606334841629
ATL-DEN,ATL,DEN,910,0.11098901098901098,7.067032967032967,0.17692307692307693
ATL-DFW,ATL,DFW,939,10.939297124600639,14.14909478168264,0.2364217252396166
ATL-DHN,ATL,DHN,120,17.241666666666667,21.45,0.2
ATL-DSM,ATL,DSM,177,-3.2203389830508473,3.711864406779661,0.10734463276836158
ATL-DTW,ATL,DTW,777,3.184041184041184,8.05019305019305,0.19176319176319176
ATL-ECP,ATL,ECP,320,3.409375,4.91875,0.159375
ATL-EGE,ATL,EGE,100,-7.08,3.16,0.11
ATL-ELP,ATL,ELP,106,-1.0849056603773586,3.1226415094339623,0.1509433962264151
ATL-EVV,ATL,EVV,158,1.8481012658227849,7.974683544303797,0.12658227848101267
ATL-EWR,ATL,EWR,889,0.16310461192350956,7.705286839145107,0.14285714285714285
ATL-EYW,ATL,EYW,245,20.306122448979593,23.771428571428572,0.22857142857142856
ATL-FAY,ATL,FAY,120,0.18333333333333332,2.716666666666667,0.10833333333333334
ATL-FLL,ATL,FLL,1411,7.927710843373494,11.669737774627924,0.21970233876683204
ATL-FSD,ATL,FSD,63,-6.111111111111111,2.1746031746031744,0.07936507936507936
ATL-FWA,ATL,FWA,155,2.303225806451613,8.55483870967742,0.11612903225806452
ATL-GEG,ATL,GEG,60,-0.3333333333333333,11.766666666666667,0.26666666666666666
ATL-GNV,ATL,GNV,261,-2.2528735632183907,1.6398467432950192,0.12643678160919541
ATL-GPT,ATL,GPT,177,-4.836158192090395,6.350282485875706,0.0903954802259887
ATL-GRB,ATL,GRB,60,19.15,22.65,0.15
ATL-GRR,ATL,GRR,212,0.25471698113207547,5.613207547169812,0.1509433962264151
ATL-GSO,ATL,GSO,375,-0.3546666666666667,3.752,0.128
ATL-GSP,ATL,GSP,504,2.8412698412698414,5.615079365079365,0.14484126984126985
ATL-GTR,ATL,GTR,114,6.780701754385965,13.18421052631579,0.12280701754385964
ATL-HDN,ATL,HDN,60,-1.7166666666666666,9.45,0.08333333333333333
ATL-HNL,ATL,HNL,60,14.6,17.0,0.35
ATL-HOU,ATL,HOU,464,-1.5495689655172413,6.385775862068965,0.1400862068965517
ATL-HPN,ATL,HPN,268,10.134328358208956,14.985074626865671,0.21641791044776118
ATL-HSV,ATL,HSV,369,-0.7560975609756098,4.929539295392954,0.11924119241192412
ATL-IAD,ATL,IAD,425,0.5741176470588235,3.971764705882353,0.11294117647058824
ATL-IAH,ATL,IAH,646,7.024767801857585,13.357585139318886,0.20123839009287925
ATL-ICT,ATL,ICT,165,4.430303030303031,3.242424242424242,0.20606060606060606
ATL-ILM,ATL,ILM,181,-1.3370165745856353,2.4751381215469612,0.08839779005524862
ATL-IND,ATL,IND,489,1.329243353783231,5.7280163599182,0.12678936605316973
ATL-JAC,ATL,JAC,48,-9.833333333333334,1.6875,0.0625
ATL-JAN,ATL,JAN,435,1.450574712643678,6.848275862068966,0.17011494252873563
ATL-JAX,ATL,JAX,704,3.4176136363636362,6.7741477272727275,0.18892045454545456
ATL-JFK,ATL,JFK,475,4.692631578947369,13.170526315789473,0.1831578947368421
ATL-LAS,ATL,LAS,759,8.013175230566535,16.972332015810277,0.25559947299077734
ATL-LAX,ATL,LAX,767,0.6492829204693612,10.405475880052151,0.20208604954367665
ATL-LEX,ATL,LEX,284,-3.158450704225352,3.362676056338028,0.1056338028169014
ATL-LFT,ATL,LFT,146,8.767123287671232,12.191780821917808,0.2602739726027397
ATL-LGA,ATL,LGA,1251,1.2533972821742605,10.742605915267786,0.14148681055155876
ATL-LIT,ATL,LIT,342,1.4532163742690059,4.587719298245614,0.11988304093567251
ATL-MCI,ATL,MCI,493,2.890466531440162,5.918864097363083,0.1663286004056795
ATL-MCO,ATL,MCO,1520,8.521052631578947,10.411184210526315,0.21973684210526315
ATL-MDT,ATL,MDT,142,1.2464788732394365,5.373239436619718,0.1056338028169014
ATL-MDW,ATL,MDW,495,5.781818181818182,13.406060606060606,0.15757575757575756
ATL-MEM,ATL,MEM,478,-0.5690376569037657,5.077405857740586,0.12761506276150628
ATL-MGM,ATL,MGM,212,13.15566037735849,18.150943396226417,0.2028301886792453
ATL-MIA,ATL,MIA,1197,11.654135338345865,11.750208855472014,0.26148705096073516
ATL-MKE,ATL,MKE,352,5.454545454545454,8.911931818181818,0.16477272727272727
ATL-MLB,ATL,MLB,211,-1.080568720379147,3.5734597156398102,0.12796208530805686
ATL-MLI,ATL,MLI,116,11.85344827586207,18.68103448275862,0.23275862068965517
ATL-MLU,ATL,MLU,118,12.432203389830509,19.3135593220339,0.2033898305084746
ATL-MOB,ATL,MOB,222,1.7927927927927927,9.072072072072071,0.15315315315315314
ATL-MSN,ATL,MSN,163,-4.110429447852761,2.331288343558282,0.08588957055214724
ATL-MSP,ATL,MSP,559,-3.3470483005366725,7.268336314847943,0.10912343470483005
ATL-MSY,ATL,MSY,775,5.030967741935484,7.811612903225806,0.19483870967741934
ATL-MTJ,ATL,MTJ,54,-8.462962962962964,0.42592592592592593,0.09259259259259259
ATL-MYR,ATL,MYR,196,-0.46938775510204084,2.9693877551020407,0.08163265306122448
ATL-OAJ,ATL,OAJ,120,0.35833333333333334,7.408333333333333,0.09166666666666666
ATL-OKC,ATL,OKC,327,-2.125382262996942,4.681957186544342,0.12232415902140673
ATL-OMA,ATL,OMA,328,-4.1676829268292686,2.7591463414634148,0.125
ATL-ONT,ATL,ONT,121,-7.909090909090909,4.818181818181818,0.14049586776859505
ATL-ORD,ATL,ORD,815,6.511656441717792,12.12638036809816,0.18282208588957055
ATL-ORF,ATL,ORF,322,5.298136645962733,5.9813664596273295,0.15527950310559005
ATL-PBI,ATL,PBI,675,4.302222222222222,7.08,0.1985185185185185
ATL-PDX,ATL,PDX,147,-10.80952380952381,6.142857142857143,0.08163265306122448
ATL-PHL,ATL,PHL,813,2.325953259532595,6.027060270602706,0.15498154981549817
ATL-PHX,ATL,PHX,533,1.75046904315197,7.806754221388368,0.20075046904315197
ATL-PIT,ATL,PIT,384,4.6328125,7.471354166666667,0.15104166666666666
ATL-PNS,ATL,PNS,332,-0.8102409638554217,2.3072289156626504,0.12650602409638553
ATL-PSP,ATL,PSP,60,-1.9333333333333333,2.316666666666667,0.18333333333333332
ATL-PVD,ATL,PVD,147,6.63265306122449,7.7687074829931975,0.19047619047619047
ATL-PWM,ATL,PWM,60,11.033333333333333,13.033333333333333,0.13333333333333333
ATL-RDU,ATL,RDU,706,2.539660056657224,5.395184135977337,0.14447592067988668
ATL-RIC,ATL,RIC,489,2.2576687116564416,6.505112474437627,0.1738241308793456
ATL-ROA,ATL,ROA,172,6.215116279069767,11.395348837209303,0.14534883720930233
ATL-ROC,ATL,ROC,148,4.337837837837838,4.371621621621622,0.16216216216216217
ATL-RSW,ATL,RSW,638,5.15987460815047,6.540752351097178,0.1896551724137931
ATL-SAN,ATL,SAN,285,-8.136842105263158,2.7403508771929825,0.11578947368421053
ATL-SAT,ATL,SAT,438,0.5319634703196348,5.561643835616438,0.1506849315068493
ATL-SAV,ATL,SAV,407,-0.6904176904176904,3.0245700245700244,0.10073710073710074
ATL-SBN,ATL,SBN,163,26.58282208588957,30.76073619631902,0.31901840490797545
ATL-SDF,ATL,SDF,410,-0.7902439024390244,2.9658536585365853,0.11463414634146342
ATL-SEA,ATL,SEA,428,-9.588785046728972,7.450934579439252,0.12149532710280374
ATL-SFO,ATL,SFO,374,4.954545454545454,13.382352941176471,0.24331550802139038
ATL-SGF,ATL,SGF,165,16.993939393939392,19.284848484848485,0.2727272727272727
ATL-SHV,ATL,SHV,152,8.493421052631579,13.25,0.14473684210526316
ATL-SJC,ATL,SJC,107,-8.130841121495328,2.7383177570093458,0.14018691588785046
ATL-SJU,ATL,SJU,387,0.27648578811369506,8.819121447028424,0.1731266149870801
ATL-SLC,ATL,SLC,497,-4.6720321931589535,6.748490945674044,0.16297786720321933
ATL-SMF,ATL,SMF,144,-6.652777777777778,4.152777777777778,0.1597222222222222
ATL-SNA,ATL,SNA,133,-0.3308270676691729,8.06766917293233,0.18796992481203006
ATL-SRQ,ATL,SRQ,469,4.961620469083155,6.445628997867804,0.16417910447761194
ATL-STL,ATL,STL,493,4.174442190669371,7.1359026369168355,0.16024340770791076
ATL-STT,ATL,STT,127,-2.921259842519685,3.0,0.11811023622047244
ATL-STX,ATL,STX,43,-5.488372093023256,3.0,0.09302325581395349
ATL-SYR,ATL,SYR,148,6.655405405405405,6.858108108108108,0.20945945945945946
ATL-TLH,ATL,TLH,311,0.9807073954983923,3.202572347266881,0.12540192926045016
ATL-TPA,ATL,TPA,1092,6.402014652014652,9.121794871794872,0.20054945054945056
ATL-TRI,ATL,TRI,218,14.20183486238532,19.23394495412844,0.1834862385321101
ATL-TTN,ATL,TTN,10,3.1,11.3,0.3
ATL-TUL,ATL,TUL,204,-0.3333333333333333,6.014705882352941,0.1323529411764706
ATL-TUS,ATL,TUS,135,-7.022222222222222,1.1851851851851851,0.1037037037037037
ATL-TYS,ATL,TYS,380,3.0157894736842104,7.9868421052631575,0.14736842105263157
ATL-VLD,ATL,VLD,120,-2.175,4.683333333333334,0.14166666666666666
ATL-VPS,ATL,VPS,298,-0.540268456375839,5.419463087248322,0.13758389261744966
ATL-XNA,ATL,XNA,213,-1.4460093896713615,6.352112676056338,0.12206572769953052
ATW-ATL,ATW,ATL,62,27.306451612903224,35.83870967741935,0.27419354838709675
ATW-AZA,ATW,AZA,34,10.147058823529411,30.705882352941178,0.08823529411764706
ATW-BNA,ATW,BNA,19,45.473684210526315,51.31578947368421,0.2631578947368421
ATW-CLT,ATW,CLT,58,8.310344827586206,23.224137931034484,0.13793103448275862
ATW-DEN,ATW,DEN,59,25.016949152542374,32.83050847457627,0.3389830508474576
ATW-DTW,ATW,DTW,118,13.559322033898304,23.88135593220339,0.22033898305084745
ATW-FLL,ATW,FLL,17,10.882352941176471,-2.8823529411764706,0.35294117647058826
ATW-LAS,ATW,LAS,18,-9.722222222222221,-2.6666666666666665,0.2222222222222222
ATW-MSP,ATW,MSP,118,18.8135593220339,34.71186440677966,0.211864406779661
ATW-ORD,ATW,ORD,254,23.12204724409449,26.81496062992126,0.2755905511811024
ATW-PGD,ATW,PGD,30,8.866666666666667,15.1,0.16666666666666666
ATW-PIE,ATW,PIE,28,-5.678571428571429,-1.2142857142857142,0.17857142857142858
ATW-SFB,ATW,SFB,34,2.0,-5.147058823529412,0.23529411764705882
ATW-SRQ,ATW,SRQ,17,-7.764705882352941,-5.588235294117647,0.11764705882352941
AUS-ABQ,AUS,ABQ,123,4.479674796747967,7.032520325203252,0.17886178861788618
AUS-AMA,AUS,AMA,36,6.972222222222222,10.694444444444445,0.1388888888888889
AUS-ASE,AUS,ASE,47,30.23404255319149,17.25531914893617,0.5319148936170213
AUS-ATL,AUS,ATL,557,-1.8061041292639137,5.14721723518851,0.12746858168761221
AUS-AVL,AUS,AVL,16,-5.75,-4.5625,0.0625
AUS-BNA,AUS,BNA,335,4.035820895522388,10.492537313432836,0.1880597014925373
AUS-BOS,AUS,BOS,204,8.784313725490197,15.936274509803921,0.24019607843137256
AUS-BUR,AUS,BUR,53,8.547169811320755,10.49056603773585,0.3018867924528302
AUS-BWI,AUS,BWI,165,-2.606060606060606,5.193939393939394,0.1393939393939394
AUS-BZN,AUS,BZN,1,21.0,34.0,1.0
AUS-CLT,AUS,CLT,285,5.947368421052632,11.003508771929825,0.17543859649122806
AUS-CMH,AUS,CMH,52,-2.3461538461538463,5.230769230769231,0.11538461538461539
AUS-CVG,AUS,CVG,60,10.35,11.716666666666667,0.18333333333333332
AUS-DAL,AUS,DAL,412,-1.8689320388349515,4.842233009708738,0.1262135922330097
AUS-DCA,AUS,DCA,58,2.0517241379310347,5.551724137931035,0.1724137931034483
AUS-DEN,AUS,DEN,648,7.427469135802469,10.804012345679013,0.1882716049382716
AUS-DFW,AUS,DFW,760,20.382894736842104,19.397368421052633,0.23289473684210527
AUS-DSM,AUS,DSM,16,-11.6875,-4.6875,0.125
AUS-DTW,AUS,DTW,148,-3.675675675675676,-0.2905405405405405,0.08783783783783784
AUS-EGE,AUS,EGE,12,36.25,37.75,0.4166666666666667
AUS-ELP,AUS,ELP,191,12.916230366492147,14.712041884816754,0.27225130890052357
AUS-EWR,AUS,EWR,258,-9.007751937984496,7.445736434108527,0.10077519379844961
AUS-FLL,AUS,FLL,246,6.630081300813008,12.691056910569106,0.25609756097560976
AUS-FSD,AUS,FSD,3,0.3333333333333333,9.0,0.3333333333333333
AUS-GRR,AUS,GRR,4,3.75,3.25,0.25
AUS-HNL,AUS,HNL,23,104.43478260869566,89.0,0.6956521739130435
AUS-HOU,AUS,HOU,289,1.6678200692041523,8.754325259515571,0.1695501730103806
AUS-HRL,AUS,HRL,104,-1.4038461538461537,5.1826923076923075,0.15384615384615385
AUS-IAD,AUS,IAD,171,-2.461988304093567,1.5204678362573099,0.11695906432748537
AUS-IAH,AUS,IAH,310,4.554838709677419,6.719354838709678,0.16451612903225807
AUS-IND,AUS,IND,87,4.827586206896552,8.275862068965518,0.20689655172413793
AUS-JAX,AUS,JAX,7,17.285714285714285,19.142857142857142,0.5714285714285714
AUS-JFK,AUS,JFK,390,12.061538461538461,17.58974358974359,0.2205128205128205
AUS-LAS,AUS,LAS,499,12.675350701402806,16.56312625250501,0.3046092184368738
AUS-LAX,AUS,LAX,576,7.956597222222222,10.505208333333334,0.24305555555555555
AUS-LBB,AUS,LBB,51,11.96078431372549,20.11764705882353,0.2549019607843137
AUS-LGB,AUS,LGB,104,2.75,6.5673076923076925,0.19230769230769232
AUS-MAF,AUS,MAF,36,10.944444444444445,13.86111111111111,0.25
AUS-MCI,AUS,MCI,114,5.964912280701754,9.798245614035087,0.18421052631578946
AUS-MCO,AUS,MCO,460,5.304347826086956,9.05,0.2108695652173913
AUS-MDW,AUS,MDW,192,-2.8125,5.15625,0.14583333333333334
AUS-MEM,AUS,MEM,7,20.571428571428573,26.571428571428573,0.2857142857142857
AUS-MIA,AUS,MIA,304,7.509868421052632,6.8618421052631575,0.24342105263157895
AUS-MSP,AUS,MSP,194,-1.8505154639175259,4.195876288659794,0.10824742268041238
AUS-MSY,AUS,MSY,290,6.731034482758621,10.089655172413794,0.21379310344827587
AUS-OAK,AUS,OAK,37,22.945945945945947,25.37837837837838,0.5135135135135135
AUS-OKC,AUS,OKC,85,19.48235294117647,25.91764705882353,0.24705882352941178
AUS-OMA,AUS,OMA,16,-3.1875,9.0,0.1875
AUS-ONT,AUS,ONT,59,14.271186440677965,21.694915254237287,0.3220338983050847
AUS-ORD,AUS,ORD,423,1.7872340425531914,8.401891252955084,0.13947990543735225
AUS-PDX,AUS,PDX,57,20.54385964912281,20.94736842105263,0.3684210526315789
AUS-PHL,AUS,PHL,149,21.046979865771814,28.563758389261746,0.20134228187919462
AUS-PHX,AUS,PHX,581,15.099827882960414,18.540447504302925,0.22719449225473323
AUS-PIT,AUS,PIT,59,9.711864406779661,13.745762711864407,0.3050847457627119
AUS-PSP,AUS,PSP,28,24.035714285714285,20.785714285714285,0.4642857142857143
AUS-PVU,AUS,PVU,17,-9.647058823529411,-5.705882352941177,0.0
AUS-RDU,AUS,RDU,127,24.8503937007874,26.401574803149607,0.33070866141732286
AUS-RNO,AUS,RNO,6,-11.666666666666666,-4.166666666666667,0.0
AUS-RSW,AUS,RSW,27,8.11111111111111,8.925925925925926,0.25925925925925924
AUS-SAN,AUS,SAN,246,6.382113821138211,6.878048780487805,0.23577235772357724
AUS-SDF,AUS,SDF,3,-17.333333333333332,-5.0,0.0
AUS-SEA,AUS,SEA,217,0.1382488479262673,7.990783410138249,0.18433179723502305
AUS-SFO,AUS,SFO,257,22.77821011673152,21.957198443579767,0.3424124513618677
AUS-SJC,AUS,SJC,206,7.718446601941747,10.048543689320388,0.3106796116504854
AUS-SLC,AUS,SLC,261,-0.40229885057471265,4.777777777777778,0.16091954022988506
AUS-SMF,AUS,SMF,80,11.825,16.7,0.4125
AUS-SNA,AUS,SNA,119,9.218487394957982,11.201680672268907,0.2605042016806723
AUS-SRQ,AUS,SRQ,2,-38.0,-6.5,0.0
AUS-STL,AUS,STL,105,-2.8666666666666667,2.580952380952381,0.11428571428571428
AUS-TPA,AUS,TPA,197,12.299492385786802,17.314720812182742,0.2182741116751269
AUS-TUL,AUS,TUL,53,4.264150943396227,5.169811320754717,0.1320754716981132
AUS-TYS,AUS,TYS,5,-11.4,-6.6,0.0
AVL-ATL,AVL,ATL,321,-0.13707165109034267,7.252336448598131,0.13395638629283488
AVL-AUS,AVL,AUS,16,-9.5,-4.5,0.0625
AVL-BOS,AVL,BOS,9,0.1111111111111111,-4.888888888888889,0.2222222222222222
AVL-BWI,AVL,BWI,2,9.5,13.0,0.5
AVL-CLT,AVL,CLT,389,5.809768637532134,7.992287917737789,0.18251928020565553
AVL-DCA,AVL,DCA,56,-1.625,1.3571428571428572,0.16071428571428573
AVL-DEN,AVL,DEN,66,-4.954545454545454,7.4393939393939394,0.18181818181818182
AVL-DFW,AVL,DFW,66,-1.6818181818181819,5.9393939393939394,0.13636363636363635
AVL-EWR,AVL,EWR,75,-8.96,1.48,0.08
AVL-EYW,AVL,EYW,17,75.70588235294117,71.70588235294117,0.23529411764705882
AVL-FLL,AVL,FLL,93,14.03225806451613,21.72043010752688,0.21505376344086022
AVL-HOU,AVL,HOU,5,-4.4,-5.8,0.2
AVL-LAS,AVL,LAS,18,-1.2777777777777777,0.5555555555555556,0.2777777777777778
AVL-LGA,AVL,LGA,118,1.0932203389830508,6.110169491525424,0.1271186440677966
AVL-MDW,AVL,MDW,5,18.2,12.0,0.4
AVL-MSP,AVL,MSP,6,-6.666666666666667,-1.5,0.16666666666666666
AVL-ORD,AVL,ORD,103,2.5145631067961167,8.320388349514563,0.1553398058252427
AVL-PBI,AVL,PBI,17,17.764705882352942,28.0,0.29411764705882354
AVL-PGD,AVL,PGD,22,-3.4545454545454546,-1.0,0.13636363636363635
AVL-PHX,AVL,PHX,17,31.705882352941178,16.941176470588236,0.47058823529411764
AVL-PIE,AVL,PIE,72,2.2777777777777777,6.083333333333333,0.19444444444444445
AVL-SFB,AVL,SFB,77,16.805194805194805,19.87012987012987,0.2597402597402597
AVL-SRQ,AVL,SRQ,17,7.411764705882353,13.647058823529411,0.11764705882352941
AVP-CLT,AVP,CLT,179,19.88826815642458,30.743016759776538,0.2122905027932961
AVP-ORD,AVP,ORD,67,16.62686567164179,32.0,0.14925373134328357
AZA-ATW,AZA,ATW,34,-13.411764705882353,-2.411764705882353,0.08823529411764706
AZA-BIL,AZA,BIL,35,-1.3714285714285714,8.857142857142858,0.11428571428571428
AZA-BIS,AZA,BIS,42,-14.523809523809524,-7.404761904761905,0.07142857142857142
AZA-BLI,AZA,BLI,21,-3.857142857142857,5.619047619047619,0.09523809523809523
AZA-BOI,AZA,BOI,17,8.764705882352942,11.882352941176471,0.23529411764705882
AZA-BZN,AZA,BZN,16,-11.875,-1.625,0.125
AZA-CID,AZA,CID,42,-0.6428571428571429,9.261904761904763,0.19047619047619047
AZA-CVG,AZA,CVG,4,-4.0,1.75,0.25
AZA-DSM,AZA,DSM,26,7.8076923076923075,11.461538461538462,0.2692307692307692
AZA-EUG,AZA,EUG,17,-8.588235294117647,-4.0588235294117645,0.11764705882352941
AZA-FAR,AZA,FAR,55,-19.563636363636363,-6.290909090909091,0.03636363636363636
AZA-FCA,AZA,FCA,16,-17.25,-5.75,0.0
AZA-FNT,AZA,FNT,17,-6.529411764705882,9.0,0.17647058823529413
AZA-FSD,AZA,FSD,64,-11.6875,-6.96875,0.09375
AZA-FWA,AZA,FWA,11,-1.6363636363636365,2.8181818181818183,0.09090909090909091
AZA-GEG,AZA,GEG,17,-5.0,11.352941176470589,0.17647058823529413
AZA-GFK,AZA,GFK,17,-15.764705882352942,-4.117647058823529,0.11764705882352941
AZA-GRI,AZA,GRI,19,-8.105263157894736,-4.105263157894737,0.10526315789473684
AZA-GRR,AZA,GRR,34,-3.4411764705882355,4.0,0.11764705882352941
AZA-GTF,AZA,GTF,17,70.29411764705883,81.76470588235294,0.11764705882352941
AZA-HOU,AZA,HOU,2,-10.0,-0.5,0.0
AZA-ICT,AZA,ICT,19,3.3157894736842106,5.421052631578948,0.2631578947368421
AZA-IDA,AZA,IDA,29,-6.379310344827586,-2.8620689655172415,0.13793103448275862
AZA-LAS,AZA,LAS,2,4.5,3.5,0.0
AZA-MFR,AZA,MFR,5,39.6,25.4,0.4
AZA-MLI,AZA,MLI,17,-8.705882352941176,-2.0588235294117645,0.058823529411764705
AZA-MOT,AZA,MOT,25,-6.04,-2.4,0.16
AZA-MSO,AZA,MSO,19,0.15789473684210525,12.210526315789474,0.05263157894736842
AZA-MSP,AZA,MSP,17,-5.529411764705882,2.823529411764706,0.11764705882352941
AZA-OMA,AZA,OMA,17,-2.8823529411764706,4.235294117647059,0.11764705882352941
AZA-PDX,AZA,PDX,18,-2.7777777777777777,-4.611111111111111,0.05555555555555555
AZA-PIA,AZA,PIA,23,-0.21739130434782608,11.130434782608695,0.17391304347826086
AZA-PSC,AZA,PSC,27,-0.6296296296296297,-1.8888888888888888,0.2222222222222222
AZA-PVU,AZA,PVU,99,12.343434343434344,14.747474747474747,0.18181818181818182
AZA-RAP,AZA,RAP,29,28.620689655172413,35.58620689655172,0.13793103448275862
AZA-RFD,AZA,RFD,23,-11.608695652173912,1.1304347826086956,0.043478260869565216
AZA-SBN,AZA,SBN,17,-19.352941176470587,-6.588235294117647,0.0
AZA-SGF,AZA,SGF,20,-8.6,-1.65,0.05
AZA-STC,AZA,STC,22,-10.272727272727273,-3.909090909090909,0.09090909090909091
AZA-TOL,AZA,TOL,8,3.375,1.0,0.25
AZA-XNA,AZA,XNA,17,1.1764705882352942,9.529411764705882,0.17647058823529413
AZO-DTW,AZO,DTW,152,-1.2763157894736843,6.355263157894737,0.17763157894736842
BDL-ATL,BDL,ATL,280,-3.4464285714285716,6.557142857142857,0.16071428571428573
BDL-BNA,BDL,BNA,58,-3.7586206896551726,10.0,0.1896551724137931
BDL-BWI,BDL,BWI,243,-0.7654320987654321,9.024691358024691,0.12757201646090535
BDL-CLT,BDL,CLT,235,13.459574468085107,19.817021276595746,0.20425531914893616
BDL-DCA,BDL,DCA,299,16.448160535117058,21.076923076923077,0.2040133779264214
BDL-DEN,BDL,DEN,52,-16.326923076923077,-0.09615384615384616,0.07692307692307693
BDL-DFW,BDL,DFW,58,-3.7241379310344827,1.293103448275862,0.2413793103448276
BDL-DTW,BDL,DTW,164,1.9695121951219512,7.621951219512195,0.24390243902439024
BDL-FLL,BDL,FLL,146,13.082191780821917,12.856164383561644,0.2945205479452055
BDL-IAD,BDL,IAD,77,7.922077922077922,11.480519480519481,0.14285714285714285
BDL-LGA,BDL,LGA,44,2.7045454545454546,6.363636363636363,0.18181818181818182
BDL-MCO,BDL,MCO,316,27.63607594936709,33.78481012658228,0.28164556962025317
BDL-MDW,BDL,MDW,100,1.85,11.76,0.13
BDL-MIA,BDL,MIA,114,5.5964912280701755,8.482456140350877,0.2543859649122807
BDL-MSP,BDL,MSP,119,-1.5798319327731092,11.260504201680673,0.12605042016806722
BDL-ORD,BDL,ORD,264,-3.602272727272727,4.204545454545454,0.14772727272727273
BDL-PBI,BDL,PBI,91,3.4945054945054945,7.527472527472527,0.26373626373626374
BDL-PHL,BDL,PHL,107,-1.691588785046729,2.1401869158878504,0.11214953271028037
BDL-RSW,BDL,RSW,66,8.030303030303031,5.424242424242424,0.22727272727272727
BDL-SJU,BDL,SJU,157,25.777070063694268,20.197452229299362,0.45222929936305734
BDL-TPA,BDL,TPA,125,5.152,8.776,0.288
BET-ANC,BET,ANC,114,21.5,18.04385964912281,0.4473684210526316
BFF-DEN,BFF,DEN,98,12.510204081632653,14.26530612244898,0.15306122448979592
BFL-DEN,BFL,DEN,60,-17.966666666666665,-2.6,0.06666666666666667
BFL-DFW,BFL,DFW,60,-2.3833333333333333,4.35,0.1
BFL-PHX,BFL,PHX,161,5.484472049689441,9.577639751552795,0.12422360248447205
BFL-SFO,BFL,SFO,75,-6.066666666666666,2.6933333333333334,0.13333333333333333
BGM-DTW,BGM,DTW,49,-8.183673469387756,7.755102040816326,0.10204081632653061
BGM-LGA,BGM,LGA,7,29.0,11.571428571428571,0.5714285714285714
BGR-DCA,BGR,DCA,145,-2.4689655172413794,6.682758620689655,0.1724137931034483
BGR-EWR,BGR,EWR,55,-19.69090909090909,-4.0,0.07272727272727272
BGR-FLL,BGR,FLL,5,280.0,280.4,0.8
BGR-JFK,BGR,JFK,57,-8.543859649122806,4.7368421052631575,0.15789473684210525
BGR-LGA,BGR,LGA,107,-6.672897196261682,1.9813084112149533,0.12149532710280374
BGR-PGD,BGR,PGD,17,-20.647058823529413,-7.823529411764706,0.17647058823529413
BGR-PIE,BGR,PIE,29,-19.413793103448278,7.379310344827586,0.10344827586206896
BGR-SFB,BGR,SFB,33,-2.909090909090909,15.757575757575758,0.21212121212121213
BHM-ATL,BHM,ATL,443,0.45372460496614,8.164785553047404,0.10609480812641084
BHM-BWI,BHM,BWI,52,8.346153846153847,10.48076923076923,0.25
BHM-CLT,BHM,CLT,340,5.761764705882353,8.708823529411765,0.15294117647058825
BHM-DAL,BHM,DAL,119,7.3277310924369745,13.92436974789916,0.2605042016806723
BHM-DCA,BHM,DCA,154,1.7922077922077921,5.603896103896104,0.16883116883116883
BHM-DEN,BHM,DEN,176,8.755681818181818,13.244318181818182,0.18181818181818182
BHM-DFW,BHM,DFW,308,9.113636363636363,13.383116883116884,0.21428571428571427
BHM-DTW,BHM,DTW,47,-6.638297872340425,3.851063829787234,0.10638297872340426
BHM-HOU,BHM,HOU,73,-0.0684931506849315,6.219178082191781,0.0958904109589041
BHM-IAH,BHM,IAH,35,10.314285714285715,11.914285714285715,0.14285714285714285
BHM-LAS,BHM,LAS,53,8.622641509433961,13.264150943396226,0.24528301886792453
BHM-LGA,BHM,LGA,181,1.4972375690607735,6.712707182320442,0.15469613259668508
BHM-MCO,BHM,MCO,128,8.296875,8.484375,0.234375
BHM-MDW,BHM,MDW,84,-6.071428571428571,-0.2857142857142857,0.05952380952380952
BHM-MIA,BHM,MIA,118,3.2457627118644066,4.6440677966101696,0.17796610169491525
BHM-ORD,BHM,ORD,49,3.3877551020408165,9.142857142857142,0.22448979591836735
BHM-PHL,BHM,PHL,56,22.857142857142858,27.125,0.25
BHM-TPA,BHM,TPA,67,3.0,6.119402985074627,0.19402985074626866
BIH-DEN,BIH,DEN,56,16.053571428571427,28.642857142857142,0.32142857142857145
BIH-SFO,BIH,SFO,39,0.9743589743589743,16.358974358974358,0.28205128205128205
BIL-AZA,BIL,AZA,35,7.6,8.257142857142858,0.17142857142857143
BIL-DEN,BIL,DEN,118,8.491525423728813,5.067796610169491,0.2457627118644068
BIL-DFW,BIL,DFW,68,13.455882352941176,14.897058823529411,0.23529411764705882
BIL-LAS,BIL,LAS,16,12.3125,16.4375,0.3125
BIL-MSP,BIL,MSP,60,2.3833333333333333,-1.95,0.18333333333333332
BIL-PHX,BIL,PHX,60,14.066666666666666,0.95,0.3
BIL-SLC,BIL,SLC,165,3.2545454545454544,0.5696969696969697,0.15757575757575756
BIS-AZA,BIS,AZA,42,4.119047619047619,9.095238095238095,0.21428571428571427
BIS-DEN,BIS,DEN,174,34.41954022988506,37.333333333333336,0.27011494252873564
BIS-DFW,BIS,DFW,59,-5.389830508474576,8.440677966101696,0.15254237288135594
BIS-LAS,BIS,LAS,16,-0.6875,6.375,0.25
BIS-MSP,BIS,MSP,226,14.132743362831858,21.97345132743363,0.168141592920354
BIS-SFB,BIS,SFB,9,40.77777777777778,40.888888888888886,0.2222222222222222
BJI-MSP,BJI,MSP,117,16.316239316239315,20.188034188034187,0.1794871794871795
BLI-AZA,BLI,AZA,21,3.4285714285714284,7.857142857142857,0.09523809523809523
BLI-DEN,BLI,DEN,7,10.428571428571429,0.42857142857142855,0.2857142857142857
BLI-LAS,BLI,LAS,146,8.582191780821917,11.431506849315069,0.1095890410958904
BLI-LAX,BLI,LAX,17,-0.5294117647058824,-2.588235294117647,0.17647058823529413
BLI-OAK,BLI,OAK,67,1.9402985074626866,8.134328358208956,0.14925373134328357
BLI-PSP,BLI,PSP,22,-3.909090909090909,-1.7272727272727273,0.045454545454545456
BLI-SEA,BLI,SEA,120,15.733333333333333,12.466666666666667,0.275
BLV-FLL,BLV,FLL,4,140.25,122.25,0.75
BLV-LAS,BLV,LAS,4,64.5,51.5,0.5
BLV-PGD,BLV,PGD,21,91.23809523809524,94.47619047619048,0.38095238095238093
BLV-PIE,BLV,PIE,19,62.78947368421053,62.36842105263158,0.2631578947368421
BLV-SFB,BLV,SFB,20,-5.0,-2.5,0.1
BLV-SRQ,BLV,SRQ,16,3.3125,6.5625,0.1875
BLV-VPS,BLV,VPS,29,-13.620689655172415,0.9310344827586207,0.10344827586206896
BMI-ATL,BMI,ATL,116,9.129310344827585,19.17241379310345,0.21551724137931033
BMI-DFW,BMI,DFW,114,7.359649122807017,10.271929824561404,0.21052631578947367
BMI-PIE,BMI,PIE,16,20.5625,21.5,0.25
BMI-SFB,BMI,SFB,19,39.73684210526316,37.68421052631579,0.5263157894736842
BNA-ABE,BNA,ABE,17,8.823529411764707,9.764705882352942,0.11764705882352941
BNA-ALB,BNA,ALB,16,20.3125,17.4375,0.1875
BNA-ATL,BNA,ATL,536,-0.8694029850746269,4.365671641791045,0.11567164179104478
BNA-ATW,BNA,ATW,19,42.10526315789474,50.78947368421053,0.10526315789473684
BNA-AUS,BNA,AUS,329,0.7325227963525835,7.933130699088146,0.18541033434650456
BNA-BDL,BNA,BDL,60,4.866666666666666,8.45,0.13333333333333333
BNA-BOS,BNA,BOS,316,3.3259493670886076,9.778481012658228,0.16772151898734178
BNA-BUR,BNA,BUR,52,11.326923076923077,12.788461538461538,0.3269230769230769
BNA-BWI,BNA,BWI,259,2.972972972972973,9.505791505791505,0.15057915057915058
BNA-BZN,BNA,BZN,16,-6.4375,11.125,0.125
BNA-CAK,BNA,CAK,16,-19.0625,-4.1875,0.0625
BNA-CHS,BNA,CHS,102,4.382352941176471,8.431372549019608,0.19607843137254902
BNA-CID,BNA,CID,15,17.4,23.333333333333332,0.26666666666666666
BNA-CLE,BNA,CLE,122,3.5655737704918034,8.975409836065573,0.20491803278688525
BNA-CLT,BNA,CLT,583,15.363636363636363,16.542024013722127,0.2538593481989708
BNA-CMH,BNA,CMH,113,3.584070796460177,8.982300884955752,0.168141592920354
BNA-DAL,BNA,DAL,326,-0.1441717791411043,9.47239263803681,0.15337423312883436
BNA-DCA,BNA,DCA,631,3.8969889064976226,6.014263074484944,0.1949286846275753
BNA-DEN,BNA,DEN,569,6.838312829525483,15.608084358523726,0.20210896309314588
BNA-DFW,BNA,DFW,508,32.74803149606299,35.13779527559055,0.25
BNA-DSM,BNA,DSM,31,35.67741935483871,41.38709677419355,0.2903225806451613
BNA-DTW,BNA,DTW,304,3.3914473684210527,6.092105263157895,0.17763157894736842
BNA-ECP,BNA,ECP,125,4.416,7.536,0.176
BNA-EWR,BNA,EWR,248,8.036290322580646,23.516129032258064,0.0967741935483871
BNA-FAR,BNA,FAR,19,-2.8947368421052633,4.2105263157894735,0.10526315789473684
BNA-FLL,BNA,FLL,377,5.119363395225464,7.108753315649867,0.22281167108753316
BNA-FNT,BNA,FNT,25,63.84,63.92,0.24
BNA-FSD,BNA,FSD,17,0.7647058823529411,2.0588235294117645,0.29411764705882354
BNA-GRR,BNA,GRR,22,13.0,19.181818181818183,0.3181818181818182
BNA-HDN,BNA,HDN,8,3.5,7.125,0.375
BNA-HOU,BNA,HOU,267,-3.4194756554307117,6.191011235955056,0.14606741573033707
BNA-IAD,BNA,IAD,134,14.507462686567164,13.470149253731343,0.1791044776119403
BNA-IAH,BNA,IAH,331,1.4712990936555892,8.66465256797583,0.20241691842900303
BNA-JAX,BNA,JAX,147,6.006802721088436,8.224489795918368,0.20408163265306123
BNA-JFK,BNA,JFK,289,12.190311418685122,15.498269896193772,0.19377162629757785
BNA-LAS,BNA,LAS,269,0.026022304832713755,13.37546468401487,0.1970260223048327
BNA-LAX,BNA,LAX,291,14.876288659793815,23.945017182130584,0.18556701030927836
BNA-LGA,BNA,LGA,613,11.101141924959217,10.893964110929852,0.18923327895595432
BNA-LGB,BNA,LGB,59,-8.830508474576272,8.305084745762711,0.0847457627118644
BNA-MCI,BNA,MCI,163,-1.0245398773006136,5.668711656441718,0.12883435582822086
BNA-MCO,BNA,MCO,480,8.15,13.616666666666667,0.2375
BNA-MDT,BNA,MDT,5,6.2,-4.0,0.4
BNA-MDW,BNA,MDW,259,-0.15057915057915058,9.424710424710424,0.138996138996139
BNA-MIA,BNA,MIA,461,12.767895878524946,11.676789587852495,0.2754880694143167
BNA-MKE,BNA,MKE,114,-0.8859649122807017,5.0,0.12280701754385964
BNA-MLB,BNA,MLB,17,-7.176470588235294,-3.764705882352941,0.11764705882352941
BNA-MSP,BNA,MSP,223,-4.802690582959642,3.5112107623318387,0.08968609865470852
BNA-MSY,BNA,MSY,185,3.918918918918919,9.243243243243244,0.16756756756756758
BNA-MYR,BNA,MYR,73,4.52054794520548,7.410958904109589,0.1506849315068493
BNA-OAK,BNA,OAK,44,33.09090909090909,29.65909090909091,0.4090909090909091
BNA-OKC,BNA,OKC,15,1.2666666666666666,13.333333333333334,0.2
BNA-OMA,BNA,OMA,12,-19.416666666666668,4.083333333333333,0.0
BNA-ORD,BNA,ORD,674,6.123145400593472,12.316023738872403,0.16468842729970326
BNA-ORF,BNA,ORF,67,6.626865671641791,9.08955223880597,0.16417910447761194
BNA-PGD,BNA,PGD,21,11.523809523809524,16.476190476190474,0.14285714285714285
BNA-PHL,BNA,PHL,380,4.481578947368421,7.905263157894737,0.15
BNA-PHX,BNA,PHX,338,3.6568047337278107,14.849112426035504,0.1893491124260355
BNA-PIA,BNA,PIA,16,-11.5,-3.625,0.0625
BNA-PIE,BNA,PIE,21,7.666666666666667,6.238095238095238,0.23809523809523808
BNA-PIT,BNA,PIT,128,2.9140625,6.7890625,0.1171875
BNA-PNS,BNA,PNS,119,-0.058823529411764705,8.470588235294118,0.17647058823529413
BNA-PVD,BNA,PVD,7,-9.142857142857142,-5.0,0.14285714285714285
BNA-PVU,BNA,PVU,16,-0.3125,2.1875,0.1875
BNA-RDU,BNA,RDU,326,9.5920245398773,13.248466257668712,0.1687116564417178
BNA-RIC,BNA,RIC,19,-7.578947368421052,-0.47368421052631576,0.05263157894736842
BNA-RSW,BNA,RSW,112,5.982142857142857,13.258928571428571,0.23214285714285715
BNA-SAN,BNA,SAN,112,1.4017857142857142,14.401785714285714,0.1875
BNA-SAT,BNA,SAT,108,-2.824074074074074,6.296296296296297,0.16666666666666666
BNA-SAV,BNA,SAV,111,4.711711711711712,10.045045045045045,0.23423423423423423
BNA-SEA,BNA,SEA,162,-11.203703703703704,2.376543209876543,0.13580246913580246
BNA-SFB,BNA,SFB,26,1.8846153846153846,4.615384615384615,0.19230769230769232
BNA-SFO,BNA,SFO,58,11.913793103448276,15.706896551724139,0.3103448275862069
BNA-SJC,BNA,SJC,29,5.206896551724138,12.068965517241379,0.3448275862068966
BNA-SJU,BNA,SJU,8,13.375,19.375,0.375
BNA-SLC,BNA,SLC,143,-4.713286713286713,4.083916083916084,0.11188811188811189
BNA-SNA,BNA,SNA,6,-6.166666666666667,9.666666666666666,0.16666666666666666
BNA-SRQ,BNA,SRQ,126,7.095238095238095,8.698412698412698,0.1746031746031746
BNA-STL,BNA,STL,174,-2.454022988505747,3.8505747126436782,0.09770114942528736
BNA-SYR,BNA,SYR,22,15.272727272727273,10.272727272727273,0.3181818181818182
BNA-TPA,BNA,TPA,322,3.0031055900621118,6.083850931677019,0.18012422360248448
BNA-VPS,BNA,VPS,126,-5.5476190476190474,4.285714285714286,0.10317460317460317
BNA-XNA,BNA,XNA,18,-20.833333333333332,-9.88888888888889,0.05555555555555555
BOI-ATL,BOI,ATL,60,14.4,16.45,0.25
BOI-AZA,BOI,AZA,17,68.94117647058823,73.94117647058823,0.17647058823529413
BOI-BUR,BOI,BUR,5,0.8,-3.6,0.2
BOI-DEN,BOI,DEN,406,7.894088669950739,10.527093596059114,0.19704433497536947
BOI-DFW,BOI,DFW,126,7.873015873015873,12.158730158730158,0.2857142857142857
BOI-GEG,BOI,GEG,50,1.36,0.86,0.16
BOI-LAS,BOI,LAS,305,8.79672131147541,11.911475409836065,0.23278688524590163
BOI-LAX,BOI,LAX,131,-4.312977099236641,3.549618320610687,0.10687022900763359
BOI-LGB,BOI,LGB,7,4.0,0.42857142857142855,0.42857142857142855
BOI-MSP,BOI,MSP,118,11.677966101694915,9.26271186440678,0.2457627118644068
BOI-OAK,BOI,OAK,118,1.1610169491525424,5.559322033898305,0.1864406779661017
BOI-ORD,BOI,ORD,59,-0.1016949152542373,-2.3220338983050848,0.1694915254237288
BOI-PDX,BOI,PDX,71,10.225352112676056,10.95774647887324,0.22535211267605634
BOI-PHX,BOI,PHX,244,4.80327868852459,10.241803278688524,0.16393442622950818
BOI-PSP,BOI,PSP,2,5.5,3.5,0.0
BOI-SAN,BOI,SAN,91,9.208791208791208,6.626373626373627,0.23076923076923078
BOI-SEA,BOI,SEA,614,2.1433224755700326,7.08957654723127,0.2003257328990228
BOI-SFO,BOI,SFO,215,19.669767441860465,23.78604651162791,0.25116279069767444
BOI-SJC,BOI,SJC,53,3.1132075471698113,6.867924528301887,0.1509433962264151
BOI-SLC,BOI,SLC,245,7.26530612244898,8.23265306122449,0.23673469387755103
BOI-SMF,BOI,SMF,72,-2.25,2.638888888888889,0.125
BOI-SNA,BOI,SNA,34,11.088235294117647,10.617647058823529,0.29411764705882354
BOS-ATL,BOS,ATL,660,-2.762121212121212,11.343939393939394,0.1606060606060606
BOS-AUS,BOS,AUS,204,-4.504901960784314,8.303921568627452,0.19607843137254902
BOS-AVL,BOS,AVL,9,-10.555555555555555,-3.2222222222222223,0.1111111111111111
BOS-BNA,BOS,BNA,318,-7.418238993710692,9.19811320754717,0.14150943396226415
BOS-BUF,BOS,BUF,105,7.923809523809524,14.00952380952381,0.24761904761904763
BOS-BWI,BOS,BWI,517,-2.3384912959381046,9.37330754352031,0.16247582205029013
BOS-BZN,BOS,BZN,10,-5.6,3.6,0.2
BOS-CHS,BOS,CHS,134,-0.835820895522388,7.82089552238806,0.1865671641791045
BOS-CLE,BOS,CLE,214,-5.747663551401869,5.654205607476635,0.16355140186915887
BOS-CLT,BOS,CLT,698,-2.848137535816619,9.962750716332378,0.166189111747851
BOS-CMH,BOS,CMH,210,-6.123809523809523,1.6333333333333333,0.10952380952380952
BOS-CVG,BOS,CVG,268,-5.746268656716418,4.298507462686567,0.14925373134328357
BOS-DCA,BOS,DCA,1448,2.7209944751381214,7.50207182320442,0.17679558011049723
BOS-DEN,BOS,DEN,440,-6.0204545454545455,9.543181818181818,0.14545454545454545
BOS-DFW,BOS,DFW,551,1.8729582577132486,13.740471869328493,0.21415607985480944
BOS-DTW,BOS,DTW,393,-2.1653944020356235,9.422391857506362,0.16539440203562342
BOS-EWR,BOS,EWR,564,-8.168439716312056,2.6400709219858154,0.10460992907801418
BOS-EYW,BOS,EYW,62,4.564516129032258,10.161290322580646,0.2903225806451613
BOS-FLL,BOS,FLL,562,14.409252669039146,20.59252669039146,0.30604982206405695
BOS-GRR,BOS,GRR,2,14.5,31.0,0.5
BOS-HDN,BOS,HDN,16,-34.4375,0.875,0.0
BOS-HNL,BOS,HNL,33,62.75757575757576,58.72727272727273,0.45454545454545453
BOS-IAD,BOS,IAD,235,-4.808510638297872,3.2680851063829786,0.11914893617021277
BOS-IAH,BOS,IAH,250,-8.096,4.244,0.176
BOS-IND,BOS,IND,291,-5.903780068728523,5.374570446735395,0.14432989690721648
BOS-JAX,BOS,JAX,169,4.520710059171598,12.65680473372781,0.22485207100591717
BOS-JFK,BOS,JFK,931,2.8302900107411384,9.951664876476906,0.21267454350161116
BOS-LAS,BOS,LAS,228,1.7719298245614035,13.267543859649123,0.23684210526315788
BOS-LAX,BOS,LAX,559,-8.792486583184258,10.889087656529517,0.15026833631484796
BOS-LGA,BOS,LGA,1208,4.96523178807947,12.088576158940397,0.1879139072847682
BOS-MCI,BOS,MCI,59,-10.932203389830509,5.661016949152542,0.1694915254237288
BOS-MCO,BOS,MCO,851,16.115158636897768,19.586368977673324,0.31609870740305523
BOS-MDW,BOS,MDW,149,-1.7651006711409396,14.0,0.18120805369127516
BOS-MEM,BOS,MEM,110,-9.327272727272728,9.409090909090908,0.13636363636363635
BOS-MIA,BOS,MIA,693,4.815295815295816,10.857142857142858,0.23665223665223664
BOS-MKE,BOS,MKE,89,-9.146067415730338,9.213483146067416,0.07865168539325842
BOS-MSP,BOS,MSP,299,-7.311036789297659,15.090301003344482,0.12709030100334448
BOS-MSY,BOS,MSY,118,-6.711864406779661,2.8220338983050848,0.1694915254237288
BOS-MYR,BOS,MYR,74,1.9054054054054055,7.608108108108108,0.14864864864864866
BOS-ORD,BOS,ORD,868,-2.7004608294930876,8.889400921658986,0.13248847926267282
BOS-PBI,BOS,PBI,344,15.276162790697674,19.136627906976745,0.3372093023255814
BOS-PDX,BOS,PDX,33,-13.212121212121213,7.757575757575758,0.12121212121212122
BOS-PHL,BOS,PHL,665,3.7142857142857144,9.227067669172932,0.1699248120300752
BOS-PHX,BOS,PHX,352,-7.1164772727272725,15.602272727272727,0.12215909090909091
BOS-PIT,BOS,PIT,275,6.345454545454546,14.84,0.23636363636363636
BOS-RDU,BOS,RDU,355,4.794366197183098,12.492957746478874,0.2056338028169014
BOS-RIC,BOS,RIC,232,1.1982758620689655,9.094827586206897,0.19827586206896552
BOS-RSW,BOS,RSW,440,14.995454545454546,18.602272727272727,0.33181818181818185
BOS-SAN,BOS,SAN,178,-8.51685393258427,9.52808988764045,0.1348314606741573
BOS-SAT,BOS,SAT,59,11.186440677966102,17.050847457627118,0.23728813559322035
BOS-SAV,BOS,SAV,76,4.368421052631579,6.947368421052632,0.2631578947368421
BOS-SDF,BOS,SDF,104,-13.51923076923077,3.2403846153846154,0.11538461538461539
BOS-SEA,BOS,SEA,305,-12.809836065573771,8.327868852459016,0.12786885245901639
BOS-SFO,BOS,SFO,549,-0.12386156648451731,12.389799635701275,0.2185792349726776
BOS-SJU,BOS,SJU,308,22.48051948051948,24.646103896103895,0.36363636363636365
BOS-SLC,BOS,SLC,171,-9.08187134502924,12.941520467836257,0.15204678362573099
BOS-SRQ,BOS,SRQ,78,3.1025641025641026,8.897435897435898,0.24358974358974358
BOS-STL,BOS,STL,224,-8.321428571428571,6.433035714285714,0.11160714285714286
BOS-STT,BOS,STT,18,6.055555555555555,8.444444444444445,0.2777777777777778
BOS-SYR,BOS,SYR,55,9.654545454545454,7.381818181818182,0.2909090909090909
BOS-TPA,BOS,TPA,396,11.007575757575758,19.457070707070706,0.26515151515151514
BOS-TYS,BOS,TYS,2,251.0,264.0,0.5
BPT-DFW,BPT,DFW,118,10.398305084745763,13.720338983050848,0.2033898305084746
BQK-ATL,BQK,ATL,120,19.766666666666666,19.608333333333334,0.26666666666666666
BQN-EWR,BQN,EWR,60,9.233333333333333,14.85,0.11666666666666667
BQN-FLL,BQN,FLL,59,13.898305084745763,12.389830508474576,0.13559322033898305
BQN-JFK,BQN,JFK,87,3.8735632183908044,14.379310344827585,0.20689655172413793
BQN-MCO,BQN,MCO,135,7.014814814814815,7.718518518518518,0.2074074074074074
BQN-TPA,BQN,TPA,82,10.109756097560975,4.512195121951219,0.23170731707317074
BRD-MSP,BRD,MSP,102,-4.294117647058823,8.794117647058824,0.13725490196078433
BRO-DFW,BRO,DFW,216,-1.9074074074074074,1.0787037037037037,0.125
BRW-ANC,BRW,ANC,50,24.88,22.68,0.34
BTM-SLC,BTM,SLC,110,-9.572727272727272,-5.572727272727272,0.07272727272727272
BTR-ATL,BTR,ATL,205,5.004878048780488,9.55609756097561,0.12195121951219512
BTR-CLT,BTR,CLT,118,4.991525423728813,6.932203389830509,0.22033898305084745
BTR-DCA,BTR,DCA,52,-1.0576923076923077,9.846153846153847,0.09615384615384616
BTR-DFW,BTR,DFW,272,22.610294117647058,21.55514705882353,0.2757352941176471
BTR-IAH,BTR,IAH,107,11.560747663551401,19.80373831775701,0.22429906542056074
BTV-ATL,BTV,ATL,60,4.033333333333333,20.166666666666668,0.18333333333333332
BTV-CLT,BTV,CLT,57,-6.105263157894737,3.3508771929824563,0.15789473684210525
BTV-DCA,BTV,DCA,205,16.307317073170733,24.08780487804878,0.25365853658536586
BTV-EWR,BTV,EWR,85,-4.2823529411764705,3.388235294117647,0.11764705882352941
BTV-IAD,BTV,IAD,103,-8.990291262135923,-1.4563106796116505,0.0970873786407767
BTV-JFK,BTV,JFK,121,-7.371900826446281,7.107438016528926,0.1487603305785124
BTV-LGA,BTV,LGA,138,8.717391304347826,17.463768115942027,0.17391304347826086
BTV-ORD,BTV,ORD,117,-3.324786324786325,9.709401709401709,0.1623931623931624
BTV-PHL,BTV,PHL,86,15.581395348837209,24.430232558139537,0.2558139534883721
BUF-ATL,BUF,ATL,160,6.475,12.46875,0.2375
BUF-BOS,BUF,BOS,102,7.7254901960784315,5.745098039215686,0.23529411764705882
BUF-BWI,BUF,BWI,229,-2.0829694323144103,7.22707423580786,0.1572052401746725
BUF-CLT,BUF,CLT,168,9.803571428571429,14.744047619047619,0.2261904761904762
BUF-DCA,BUF,DCA,154,17.357142857142858,22.207792207792206,0.2012987012987013
BUF-DEN,BUF,DEN,54,-4.018518518518518,9.25925925925926,0.2222222222222222
BUF-DFW,BUF,DFW,56,26.982142857142858,40.5,0.25
BUF-DTW,BUF,DTW,170,4.182352941176471,11.81764705882353,0.2
BUF-EWR,BUF,EWR,71,5.690140845070423,16.12676056338028,0.08450704225352113
BUF-FLL,BUF,FLL,82,11.963414634146341,13.487804878048781,0.3048780487804878
BUF-IAD,BUF,IAD,19,8.894736842105264,7.421052631578948,0.21052631578947367
BUF-JFK,BUF,JFK,379,12.176781002638522,14.511873350923484,0.21899736147757257
BUF-LAS,BUF,LAS,49,0.7142857142857143,19.448979591836736,0.24489795918367346
BUF-LAX,BUF,LAX,55,-20.327272727272728,-4.545454545454546,0.16363636363636364
BUF-LGA,BUF,LGA,269,0.7100371747211895,8.327137546468402,0.17100371747211895
BUF-MCO,BUF,MCO,279,2.878136200716846,10.096774193548388,0.24731182795698925
BUF-MDW,BUF,MDW,79,-11.341772151898734,2.3417721518987342,0.05063291139240506
BUF-MIA,BUF,MIA,15,8.466666666666667,3.0,0.4
BUF-ORD,BUF,ORD,227,12.845814977973568,19.555066079295155,0.22026431718061673
BUF-PHL,BUF,PHL,75,8.426666666666666,13.56,0.2
BUF-PHX,BUF,PHX,14,-21.857142857142858,5.142857142857143,0.07142857142857142
BUF-RSW,BUF,RSW,56,16.928571428571427,22.464285714285715,0.25
BUF-SRQ,BUF,SRQ,7,6.428571428571429,3.5714285714285716,0.2857142857142857
BUF-TPA,BUF,TPA,143,8.405594405594405,16.027972027972027,0.26573426573426573
BUR-ABQ,BUR,ABQ,49,-7.387755102040816,-1.0816326530612246,0.061224489795918366
BUR-AUS,BUR,AUS,53,-5.415094339622642,-0.41509433962264153,0.03773584905660377
BUR-BNA,BUR,BNA,52,-6.596153846153846,3.1153846153846154,0.15384615384615385
BUR-BOI,BUR,BOI,5,20.6,14.6,0.6
BUR-DAL,BUR,DAL,59,-8.898305084745763,0.847457627118644,0.0847457627118644
BUR-DEN,BUR,DEN,274,0.7153284671532847,8.273722627737227,0.14233576642335766
BUR-DFW,BUR,DFW,120,33.733333333333334,40.94166666666667,0.225
BUR-EUG,BUR,EUG,12,-5.5,3.75,0.25
BUR-HOU,BUR,HOU,13,-9.153846153846153,0.23076923076923078,0.0
BUR-JFK,BUR,JFK,60,10.55,14.516666666666667,0.31666666666666665
BUR-LAS,BUR,LAS,697,3.7532281205164995,9.074605451936872,0.1836441893830703
BUR-MDW,BUR,MDW,1,-18.0,-3.0,0.0
BUR-OAK,BUR,OAK,486,-1.5020576131687242,4.2633744855967075,0.10699588477366255
BUR-PDX,BUR,PDX,113,-3.6194690265486726,-3.0265486725663715,0.13274336283185842
BUR-PHX,BUR,PHX,486,4.656378600823046,12.074074074074074,0.17078189300411523
BUR-RNO,BUR,RNO,60,-3.2,5.2,0.15
BUR-SEA,BUR,SEA,206,1.4660194174757282,7.723300970873787,0.1553398058252427
BUR-SFO,BUR,SFO,522,15.509578544061302,15.814176245210728,0.3390804597701149
BUR-SJC,BUR,SJC,365,-2.5315068493150683,4.235616438356164,0.12054794520547946
BUR-SLC,BUR,SLC,230,-1.2391304347826086,8.482608695652173,0.11739130434782609
BUR-SMF,BUR,SMF,399,-3.418546365914787,4.421052631578948,0.12531328320802004
BUR-STS,BUR,STS,34,26.38235294117647,25.029411764705884,0.38235294117647056
BWI-ABQ,BWI,ABQ,59,1.8983050847457628,11.847457627118644,0.2711864406779661
BWI-ALB,BWI,ALB,277,7.9422382671480145,13.866425992779783,0.2779783393501805
BWI-ATL,BWI,ATL,808,3.227722772277228,9.301980198019802,0.2042079207920792
BWI-AUS,BWI,AUS,188,1.3138297872340425,8.75,0.2127659574468085
BWI-AVL,BWI,AVL,2,-6.0,-7.5,0.0
BWI-BDL,BWI,BDL,238,12.72689075630252,15.823529411764707,0.29831932773109243
BWI-BHM,BWI,BHM,52,-1.2307692307692308,8.115384615384615,0.1346153846153846
BWI-BNA,BWI,BNA,253,-1.3122529644268774,9.474308300395258,0.19367588932806323
BWI-BOS,BWI,BOS,530,5.362264150943396,10.369811320754717,0.20943396226415095
BWI-BUF,BWI,BUF,246,12.191056910569106,16.004065040650406,0.3008130081300813
BWI-CHS,BWI,CHS,170,4.141176470588236,10.905882352941177,0.18823529411764706
BWI-CLE,BWI,CLE,145,10.689655172413794,19.586206896551722,0.2827586206896552
BWI-CLT,BWI,CLT,418,1.1913875598086126,9.401913875598087,0.1937799043062201
BWI-CMH,BWI,CMH,149,4.295302013422819,11.778523489932885,0.2214765100671141
BWI-CVG,BWI,CVG,111,2.675675675675676,9.486486486486486,0.18018018018018017
BWI-DAL,BWI,DAL,247,1.105263157894737,13.473684210526315,0.22267206477732793
BWI-DEN,BWI,DEN,440,-3.661363636363636,10.922727272727272,0.175
BWI-DFW,BWI,DFW,230,14.230434782608695,21.604347826086958,0.21304347826086956
BWI-DTW,BWI,DTW,291,4.120274914089347,10.745704467353951,0.21993127147766323
BWI-FLL,BWI,FLL,652,7.47239263803681,11.484662576687116,0.25920245398773006
BWI-GRR,BWI,GRR,57,2.087719298245614,6.508771929824562,0.17543859649122806
BWI-GSP,BWI,GSP,60,10.75,16.933333333333334,0.26666666666666666
BWI-HOU,BWI,HOU,174,6.660919540229885,14.833333333333334,0.27586206896551724
BWI-IAH,BWI,IAH,135,-9.311111111111112,0.4222222222222222,0.1037037037037037
BWI-IND,BWI,IND,166,-0.536144578313253,6.945783132530121,0.1686746987951807
BWI-ISP,BWI,ISP,206,9.45631067961165,12.990291262135923,0.27184466019417475
BWI-JAN,BWI,JAN,51,-0.6274509803921569,6.509803921568627,0.13725490196078433
BWI-JAX,BWI,JAX,231,3.0865800865800868,9.757575757575758,0.19913419913419914
BWI-JFK,BWI,JFK,110,11.336363636363636,22.154545454545456,0.21818181818181817
BWI-LAS,BWI,LAS,261,0.7547892720306514,17.134099616858236,0.24521072796934865
BWI-LAX,BWI,LAX,226,-6.668141592920354,11.163716814159292,0.18584070796460178
BWI-MCI,BWI,MCI,82,1.0609756097560976,12.121951219512194,0.23170731707317074
BWI-MCO,BWI,MCO,941,5.267800212539851,10.560042507970245,0.22104144527098832
BWI-MDW,BWI,MDW,233,0.8540772532188842,10.854077253218884,0.1630901287553648
BWI-MEM,BWI,MEM,37,-2.3513513513513513,17.43243243243243,0.16216216216216217
BWI-MHT,BWI,MHT,226,7.938053097345133,14.327433628318584,0.24778761061946902
BWI-MIA,BWI,MIA,474,9.025316455696203,13.470464135021096,0.25949367088607594
BWI-MKE,BWI,MKE,108,0.9166666666666666,12.018518518518519,0.16666666666666666
BWI-MSP,BWI,MSP,170,-4.458823529411765,6.0058823529411764,0.08235294117647059
BWI-MSY,BWI,MSY,131,9.053435114503817,15.526717557251908,0.26717557251908397
BWI-MYR,BWI,MYR,144,1.8888888888888888,9.409722222222221,0.19444444444444445
BWI-OAK,BWI,OAK,59,1.0847457627118644,17.152542372881356,0.2542372881355932
BWI-ORD,BWI,ORD,405,4.214814814814815,13.33827160493827,0.17530864197530865
BWI-ORF,BWI,ORF,241,8.564315352697095,15.302904564315353,0.2572614107883817
BWI-PBI,BWI,PBI,239,4.497907949790795,12.891213389121338,0.2301255230125523
BWI-PGD,BWI,PGD,4,-11.5,-5.0,0.0
BWI-PHX,BWI,PHX,157,-3.4522292993630574,13.318471337579618,0.21656050955414013
BWI-PIT,BWI,PIT,178,1.7865168539325842,10.308988764044944,0.15730337078651685
BWI-PVD,BWI,PVD,259,6.864864864864865,13.505791505791505,0.19305019305019305
BWI-PWM,BWI,PWM,169,5.579881656804734,9.307692307692308,0.23668639053254437
BWI-RDU,BWI,RDU,286,3.1433566433566433,10.951048951048952,0.21678321678321677
BWI-ROC,BWI,ROC,186,9.279569892473118,15.60752688172043,0.24731182795698925
BWI-RSW,BWI,RSW,229,11.786026200873362,14.02183406113537,0.28820960698689957
BWI-SAN,BWI,SAN,102,-6.46078431372549,12.382352941176471,0.18627450980392157
BWI-SAT,BWI,SAT,113,2.4070796460176993,11.150442477876107,0.2831858407079646
BWI-SAV,BWI,SAV,120,4.883333333333334,9.333333333333334,0.23333333333333334
BWI-SDF,BWI,SDF,117,1.4188034188034189,11.384615384615385,0.20512820512820512
BWI-SEA,BWI,SEA,40,0.275,14.775,0.225
BWI-SFO,BWI,SFO,45,-13.0,0.4222222222222222,0.15555555555555556
BWI-SJU,BWI,SJU,244,8.401639344262295,17.5,0.29508196721311475
BWI-SLC,BWI,SLC,120,8.625,22.0,0.21666666666666667
BWI-SRQ,BWI,SRQ,253,4.600790513833992,10.8300395256917,0.2648221343873518
BWI-STL,BWI,STL,172,-0.37209302325581395,9.476744186046512,0.16279069767441862
BWI-SYR,BWI,SYR,171,3.0760233918128654,11.842105263157896,0.16374269005847952
BWI-TPA,BWI,TPA,515,5.963106796116505,9.576699029126214,0.21165048543689322
BZN-ATL,BZN,ATL,64,6.109375,10.21875,0.234375
BZN-AUS,BZN,AUS,1,18.0,30.0,1.0
BZN-AZA,BZN,AZA,16,-9.4375,-1.625,0.125
BZN-BNA,BZN,BNA,16,92.4375,98.875,0.1875
BZN-BOS,BZN,BOS,10,53.5,44.5,0.6
BZN-DEN,BZN,DEN,363,13.214876033057852,14.402203856749312,0.23415977961432508
BZN-DFW,BZN,DFW,108,59.120370370370374,60.388888888888886,0.28703703703703703
BZN-EWR,BZN,EWR,58,-2.413793103448276,3.8448275862068964,0.13793103448275862
BZN-IAH,BZN,IAH,22,58.5,60.18181818181818,0.36363636363636365
BZN-JFK,BZN,JFK,8,18.875,12.375,0.25
BZN-LAS,BZN,LAS,128,8.8984375,10.1328125,0.2890625
BZN-LAX,BZN,LAX,186,3.6774193548387095,4.118279569892473,0.1774193548387097
BZN-MSP,BZN,MSP,109,7.908256880733945,7.064220183486238,0.21100917431192662
BZN-ORD,BZN,ORD,140,35.58571428571429,38.15,0.18571428571428572
BZN-PDX,BZN,PDX,8,10.25,8.5,0.25
BZN-SAN,BZN,SAN,21,10.476190476190476,1.6666666666666667,0.3333333333333333
BZN-SEA,BZN,SEA,119,7.285714285714286,10.563025210084033,0.19327731092436976
BZN-SFO,BZN,SFO,56,29.107142857142858,31.660714285714285,0.39285714285714285
BZN-SLC,BZN,SLC,176,20.84659090909091,23.272727272727273,0.24431818181818182
CAE-ATL,CAE,ATL,339,-5.864306784660767,3.03834808259587,0.09734513274336283
CAE-CLT,CAE,CLT,129,1.9534883720930232,9.054263565891473,0.13953488372093023
CAE-DCA,CAE,DCA,154,5.01948051948052,8.74025974025974,0.21428571428571427
CAE-DFW,CAE,DFW,118,27.6864406779661,28.95762711864407,0.3050847457627119
CAE-LGA,CAE,LGA,93,-9.043010752688172,-2.053763440860215,0.10752688172043011
CAE-ORD,CAE,ORD,115,2.1652173913043478,3.217391304347826,0.1565217391304348
CAK-BNA,CAK,BNA,16,-34.375,-16.875,0.0625
CAK-CLT,CAK,CLT,177,-2.6610169491525424,3.4180790960451977,0.13559322033898305
CAK-DCA,CAK,DCA,58,-8.120689655172415,-0.3620689655172414,0.08620689655172414
CAK-FLL,CAK,FLL,17,12.117647058823529,20.705882352941178,0.17647058823529413
CAK-ORD,CAK,ORD,156,17.98076923076923,22.666666666666668,0.2948717948717949
CAK-PGD,CAK,PGD,17,0.23529411764705882,9.235294117647058,0.23529411764705882
CAK-PIE,CAK,PIE,16,-9.5,-4.8125,0.125
CAK-SAV,CAK,SAV,17,4.352941176470588,13.705882352941176,0.29411764705882354
CAK-SFB,CAK,SFB,17,10.941176470588236,14.117647058823529,0.17647058823529413
CAK-SRQ,CAK,SRQ,17,-18.58823529411765,-3.9411764705882355,0.0
CDC-SLC,CDC,SLC,102,-7.921568627450981,1.1764705882352942,0.08823529411764706
CDV-ANC,CDV,ANC,55,-0.07272727272727272,-2.018181818181818,0.2
CDV-YAK,CDV,YAK,58,-1.7413793103448276,5.706896551724138,0.1724137931034483
CHA-ATL,CHA,ATL,330,-1.4303030303030304,6.930303030303031,0.12121212121212122
CHA-CLT,CHA,CLT,173,9.040462427745664,9.335260115606937,0.2138728323699422
CHA-DCA,CHA,DCA,41,7.414634146341464,7.365853658536586,0.24390243902439024
CHA-DFW,CHA,DFW,169,3.5384615384615383,9.840236686390533,0.21301775147928995
CHA-DTW,CHA,DTW,40,3.875,10.75,0.175
CHA-ORD,CHA,ORD,155,15.587096774193549,14.96774193548387,0.2838709677419355
CHA-PIE,CHA,PIE,17,33.64705882352941,27.705882352941178,0.47058823529411764
CHA-SFB,CHA,SFB,17,6.882352941176471,9.235294117647058,0.23529411764705882
CHO-ATL,CHO,ATL,167,0.16766467065868262,6.473053892215569,0.15568862275449102
CHO-LGA,CHO,LGA,229,7.842794759825328,8.602620087336245,0.24890829694323144
CHO-ORD,CHO,ORD,54,0.6296296296296297,1.4814814814814814,0.12962962962962962
CHS-ATL,CHS,ATL,391,-1.2429667519181586,5.086956521739131,0.10485933503836317
CHS-BNA,CHS,BNA,102,1.3529411764705883,6.362745098039215,0.12745098039215685
CHS-BOS,CHS,BOS,132,9.325757575757576,17.348484848484848,0.2196969696969697
CHS-BWI,CHS,BWI,170,-2.264705882352941,4.3882352941176475,0.10588235294117647
CHS-CLT,CHS,CLT,442,6.02262443438914,10.46606334841629,0.14705882352941177
CHS-CVG,CHS,CVG,16,-5.0625,-5.75,0.0625
CHS-DAL,CHS,DAL,21,-3.9523809523809526,1.1904761904761905,0.09523809523809523
CHS-DCA,CHS,DCA,269,11.684014869888475,9.754646840148698,0.21189591078066913
CHS-DEN,CHS,DEN,119,4.100840336134453,10.638655462184873,0.21008403361344538
CHS-DFW,CHS,DFW,160,31.55625,33.89375,0.2625
CHS-DTW,CHS,DTW,7,-8.714285714285714,0.5714285714285714,0.14285714285714285
CHS-EWR,CHS,EWR,232,-7.7844827586206895,4.318965517241379,0.08620689655172414
CHS-FLL,CHS,FLL,104,8.163461538461538,13.596153846153847,0.2403846153846154
CHS-HOU,CHS,HOU,2,0.5,-2.0,0.0
CHS-IAD,CHS,IAD,113,7.876106194690266,9.619469026548673,0.1415929203539823
CHS-IAH,CHS,IAH,56,22.142857142857142,25.642857142857142,0.25
CHS-JFK,CHS,JFK,240,7.408333333333333,16.470833333333335,0.16666666666666666
CHS-LAS,CHS,LAS,30,17.533333333333335,12.366666666666667,0.4
CHS-LGA,CHS,LGA,219,1.7168949771689497,10.506849315068493,0.1141552511415525
CHS-MDW,CHS,MDW,67,11.074626865671641,15.895522388059701,0.1791044776119403
CHS-MIA,CHS,MIA,119,20.689075630252102,21.445378151260503,0.33613445378151263
CHS-MSP,CHS,MSP,7,-19.714285714285715,0.2857142857142857,0.0
CHS-ORD,CHS,ORD,173,-1.1849710982658959,5.502890173410405,0.13872832369942195
CHS-PHL,CHS,PHL,118,9.338983050847459,16.52542372881356,0.23728813559322035
CHS-PIT,CHS,PIT,4,-8.25,-3.25,0.0
CHS-RSW,CHS,RSW,19,1.105263157894737,9.526315789473685,0.15789473684210525
CHS-SEA,CHS,SEA,43,-16.511627906976745,0.6976744186046512,0.023255813953488372
CHS-TPA,CHS,TPA,26,-8.692307692307692,5.615384615384615,0.15384615384615385
CID-ATL,CID,ATL,62,45.54838709677419,54.645161290322584,0.20967741935483872
CID-AZA,CID,AZA,42,-0.023809523809523808,13.666666666666666,0.14285714285714285
CID-BNA,CID,BNA,15,12.266666666666667,13.533333333333333,0.3333333333333333
CID-CLT,CID,CLT,57,20.280701754385966,32.21052631578947,0.19298245614035087
CID-DCA,CID,DCA,85,22.647058823529413,21.811764705882354,0.3176470588235294
CID-DEN,CID,DEN,125,15.128,17.344,0.176
CID-DFW,CID,DFW,150,18.713333333333335,32.13333333333333,0.26
CID-FLL,CID,FLL,16,-7.6875,1.75,0.25
CID-LAS,CID,LAS,16,0.625,13.625,0.1875
CID-MCO,CID,MCO,6,-2.8333333333333335,4.666666666666667,0.5
CID-MIA,CID,MIA,6,-1.6666666666666667,-2.0,0.0
CID-MSP,CID,MSP,114,15.62280701754386,27.517543859649123,0.19298245614035087
CID-ORD,CID,ORD,236,23.991525423728813,29.076271186440678,0.24152542372881355
CID-PGD,CID,PGD,33,37.36363636363637,43.39393939393939,0.36363636363636365
CID-PHX,CID,PHX,58,10.89655172413793,19.362068965517242,0.27586206896551724
CID-PIE,CID,PIE,21,-22.0,-8.571428571428571,0.0
CID-SFB,CID,SFB,23,5.739130434782608,13.217391304347826,0.2608695652173913
CID-SRQ,CID,SRQ,17,-10.117647058823529,-4.470588235294118,0.11764705882352941
CIU-DTW,CIU,DTW,58,55.724137931034484,63.60344827586207,0.3103448275862069
CIU-MSP,CIU,MSP,54,32.2962962962963,39.370370370370374,0.24074074074074073
CKB-PIE,CKB,PIE,9,133.22222222222223,137.44444444444446,0.2222222222222222
CKB-SFB,CKB,SFB,19,8.789473684210526,10.578947368421053,0.21052631578947367
CLE-ATL,CLE,ATL,411,-4.180048661800487,5.54014598540146,0.145985401459854
CLE-BNA,CLE,BNA,123,-3.3008130081300813,7.390243902439025,0.13821138211382114
CLE-BOS,CLE,BOS,213,4.68075117370892,7.136150234741784,0.20657276995305165
CLE-BWI,CLE,BWI,145,-10.441379310344828,0.496551724137931,0.11724137931034483
CLE-CLT,CLE,CLT,284,5.595070422535211,12.602112676056338,0.1619718309859155
CLE-DCA,CLE,DCA,201,8.074626865671641,11.014925373134329,0.19900497512437812
CLE-DEN,CLE,DEN,258,-6.728682170542636,7.182170542635659,0.15503875968992248
CLE-DFW,CLE,DFW,233,7.982832618025751,16.386266094420602,0.2703862660944206
CLE-DTW,CLE,DTW,177,3.76271186440678,13.135593220338983,0.1807909604519774
CLE-EWR,CLE,EWR,302,-10.07615894039735,-0.7218543046357616,0.0695364238410596
CLE-FLL,CLE,FLL,221,-2.583710407239819,5.65158371040724,0.18552036199095023
CLE-IAD,CLE,IAD,95,-6.747368421052632,-2.126315789473684,0.08421052631578947
CLE-IAH,CLE,IAH,175,-0.10857142857142857,6.908571428571428,0.17142857142857143
CLE-JFK,CLE,JFK,266,-3.345864661654135,3.7969924812030076,0.11654135338345864
CLE-LAS,CLE,LAS,100,33.43,43.6,0.53
CLE-LAX,CLE,LAX,71,-14.549295774647888,-0.5774647887323944,0.04225352112676056
CLE-LGA,CLE,LGA,386,6.72279792746114,11.821243523316062,0.14248704663212436
CLE-MCO,CLE,MCO,401,12.094763092269327,19.630922693266832,0.23192019950124687
CLE-MDW,CLE,MDW,175,-1.92,7.771428571428571,0.16
CLE-MIA,CLE,MIA,96,4.447916666666667,13.125,0.19791666666666666
CLE-MSP,CLE,MSP,165,-2.8424242424242423,7.739393939393939,0.1393939393939394
CLE-ORD,CLE,ORD,386,4.655440414507772,10.683937823834198,0.13730569948186527
CLE-PHL,CLE,PHL,59,11.389830508474576,14.525423728813559,0.2711864406779661
CLE-PHX,CLE,PHX,166,4.132530120481928,15.204819277108435,0.18072289156626506
CLE-PIT,CLE,PIT,34,-4.382352941176471,-5.411764705882353,0.14705882352941177
CLE-RSW,CLE,RSW,233,6.789699570815451,13.965665236051501,0.2017167381974249
CLE-SEA,CLE,SEA,21,7.285714285714286,18.428571428571427,0.14285714285714285
CLE-SFO,CLE,SFO,51,-4.196078431372549,1.607843137254902,0.19607843137254902
CLE-SJU,CLE,SJU,24,8.75,6.916666666666667,0.2916666666666667
CLE-SRQ,CLE,SRQ,65,26.53846153846154,29.138461538461538,0.4
CLE-STL,CLE,STL,109,-1.651376146788991,6.568807339449541,0.1651376146788991
CLE-TPA,CLE,TPA,241,8.423236514522822,13.850622406639005,0.2821576763485477
CLL-DFW,CLL,DFW,175,6.8742857142857146,8.257142857142858,0.17714285714285713
CLT-ABE,CLT,ABE,176,4.545454545454546,6.965909090909091,0.13068181818181818
CLT-AGS,CLT,AGS,36,3.8333333333333335,6.638888888888889,0.16666666666666666
CLT-ALB,CLT,ALB,179,14.502793296089385,17.223463687150836,0.22905027932960895
CLT-ATL,CLT,ATL,731,1.7045143638850888,11.146374829001369,0.16279069767441862
CLT-ATW,CLT,ATW,58,15.689655172413794,16.103448275862068,0.3793103448275862
CLT-AUS,CLT,AUS,285,6.5473684210526315,10.098245614035088,0.256140350877193
CLT-AVL,CLT,AVL,388,2.3788659793814433,4.72680412371134,0.15979381443298968
CLT-AVP,CLT,AVP,179,30.01675977653631,31.837988826815643,0.30726256983240224
CLT-BDL,CLT,BDL,234,10.47008547008547,13.427350427350428,0.26495726495726496
CLT-BHM,CLT,BHM,344,3.2238372093023258,7.723837209302325,0.1686046511627907
CLT-BNA,CLT,BNA,584,5.402397260273973,9.20890410958904,0.20205479452054795
CLT-BOS,CLT,BOS,702,9.874643874643874,15.101139601139602,0.24074074074074073
CLT-BTR,CLT,BTR,119,0.8151260504201681,6.61344537815126,0.15126050420168066
CLT-BTV,CLT,BTV,56,14.732142857142858,9.625,0.39285714285714285
CLT-BUF,CLT,BUF,168,13.05952380952381,15.5,0.23809523809523808
CLT-BWI,CLT,BWI,418,8.691387559808613,11.557416267942584,0.22248803827751196
CLT-CAE,CLT,CAE,129,2.4263565891472867,8.465116279069768,0.14728682170542637
CLT-CAK,CLT,CAK,175,8.971428571428572,11.76,0.2571428571428571
CLT-CHA,CLT,CHA,174,2.028735632183908,5.258620689655173,0.1724137931034483
CLT-CHS,CLT,CHS,442,4.138009049773756,10.986425339366516,0.1832579185520362
CLT-CID,CLT,CID,57,34.175438596491226,37.56140350877193,0.2982456140350877
CLT-CLE,CLT,CLE,284,8.658450704225352,13.919014084507042,0.24647887323943662
CLT-CMH,CLT,CMH,290,17.217241379310344,20.517241379310345,0.28620689655172415
CLT-CRW,CLT,CRW,175,7.394285714285714,8.165714285714285,0.24571428571428572
CLT-CVG,CLT,CVG,290,18.651724137931033,20.93103448275862,0.30344827586206896
CLT-DAB,CLT,DAB,196,5.112244897959184,10.653061224489797,0.1836734693877551
CLT-DAL,CLT,DAL,60,5.466666666666667,6.683333333333334,0.16666666666666666
CLT-DAY,CLT,DAY,210,6.476190476190476,10.41904761904762,0.19047619047619047
CLT-DCA,CLT,DCA,519,14.58766859344894,16.803468208092486,0.28709055876685935
CLT-DEN,CLT,DEN,455,2.5802197802197804,10.043956043956044,0.21978021978021978
CLT-DFW,CLT,DFW,645,5.613953488372093,10.350387596899225,0.24651162790697675
CLT-DSM,CLT,DSM,117,7.0085470085470085,17.60683760683761,0.28205128205128205
CLT-DTW,CLT,DTW,460,3.608695652173913,9.076086956521738,0.15434782608695652
CLT-ECP,CLT,ECP,150,2.0533333333333332,6.92,0.14
CLT-EWR,CLT,EWR,550,6.110909090909091,13.294545454545455,0.18363636363636363
CLT-EYW,CLT,EYW,288,12.63888888888889,13.694444444444445,0.2222222222222222
CLT-FAY,CLT,FAY,44,-6.636363636363637,1.2045454545454546,0.11363636363636363
CLT-FLL,CLT,FLL,648,10.078703703703704,15.027777777777779,0.24537037037037038
CLT-GNV,CLT,GNV,7,2.0,3.142857142857143,0.14285714285714285
CLT-GPT,CLT,GPT,119,7.008403361344538,6.92436974789916,0.24369747899159663
CLT-GRR,CLT,GRR,169,8.390532544378699,11.44378698224852,0.31952662721893493
CLT-GSO,CLT,GSO,408,0.23774509803921567,9.068627450980392,0.16666666666666666
CLT-GSP,CLT,GSP,497,6.766599597585513,10.774647887323944,0.15090543259557343
CLT-HHH,CLT,HHH,117,0.5897435897435898,9.564102564102564,0.17094017094017094
CLT-HOU,CLT,HOU,7,-1.1428571428571428,0.0,0.2857142857142857
CLT-HPN,CLT,HPN,200,4.98,4.08,0.185
CLT-HSV,CLT,HSV,164,7.103658536585366,11.573170731707316,0.21951219512195122
CLT-IAD,CLT,IAD,299,2.5217391304347827,9.555183946488294,0.13712374581939799
CLT-IAH,CLT,IAH,381,3.057742782152231,9.561679790026247,0.1942257217847769
CLT-ILM,CLT,ILM,404,7.106435643564357,13.111386138613861,0.22524752475247525
CLT-IND,CLT,IND,291,7.5395189003436425,12.082474226804123,0.20618556701030927
CLT-JAN,CLT,JAN,49,3.0408163265306123,-1.4285714285714286,0.32653061224489793
CLT-JAX,CLT,JAX,400,9.3825,12.1875,0.23
CLT-JFK,CLT,JFK,501,13.271457085828343,17.726546906187625,0.23353293413173654
CLT-LAS,CLT,LAS,404,7.507425742574258,16.014851485148515,0.26732673267326734
CLT-LAX,CLT,LAX,458,4.327510917030568,12.779475982532752,0.22489082969432314
CLT-LEX,CLT,LEX,285,5.743859649122807,9.898245614035087,0.18947368421052632
CLT-LFT,CLT,LFT,58,6.689655172413793,7.4655172413793105,0.27586206896551724
CLT-LGA,CLT,LGA,890,8.624719101123596,13.812359550561798,0.23707865168539327
CLT-LIT,CLT,LIT,184,12.11413043478261,17.16304347826087,0.2554347826086957
CLT-MCI,CLT,MCI,185,8.362162162162162,12.027027027027026,0.24864864864864866
CLT-MCO,CLT,MCO,973,10.752312435765672,13.0,0.24768756423432683
CLT-MDT,CLT,MDT,105,0.21904761904761905,3.8857142857142857,0.11428571428571428
CLT-MDW,CLT,MDW,108,-0.8333333333333334,7.037037037037037,0.16666666666666666
CLT-MEM,CLT,MEM,288,11.590277777777779,15.222222222222221,0.2638888888888889
CLT-MHT,CLT,MHT,115,4.591304347826087,10.078260869565218,0.17391304347826086
CLT-MIA,CLT,MIA,551,11.5989110707804,13.070780399274048,0.24682395644283123
CLT-MKE,CLT,MKE,166,7.325301204819277,10.957831325301205,0.21686746987951808
CLT-MLB,CLT,MLB,180,3.033333333333333,12.166666666666666,0.21666666666666667
CLT-MLI,CLT,MLI,110,3.4454545454545453,10.554545454545455,0.18181818181818182
CLT-MSN,CLT,MSN,120,12.691666666666666,18.75,0.2833333333333333
CLT-MSP,CLT,MSP,341,-4.44574780058651,8.958944281524927,0.14076246334310852
CLT-MSY,CLT,MSY,282,6.212765957446808,10.670212765957446,0.2127659574468085
CLT-MYR,CLT,MYR,377,6.323607427055703,11.047745358090186,0.18037135278514588
CLT-OAJ,CLT,OAJ,25,0.32,3.2,0.12
CLT-OKC,CLT,OKC,120,8.933333333333334,18.091666666666665,0.31666666666666665
CLT-OMA,CLT,OMA,120,2.658333333333333,11.816666666666666,0.2
CLT-ONT,CLT,ONT,60,9.766666666666667,16.2,0.2833333333333333
CLT-ORD,CLT,ORD,669,7.426008968609866,13.433482810164424,0.19880418535127056
CLT-ORF,CLT,ORF,385,12.028571428571428,16.763636363636362,0.2519480519480519
CLT-PBI,CLT,PBI,403,6.054590570719603,9.11910669975186,0.228287841191067
CLT-PDX,CLT,PDX,60,24.783333333333335,37.583333333333336,0.23333333333333334
CLT-PHL,CLT,PHL,613,16.115823817292007,18.887438825448612,0.2707993474714519
CLT-PHX,CLT,PHX,472,1.1419491525423728,11.63135593220339,0.19915254237288135
CLT-PIA,CLT,PIA,113,7.15929203539823,8.752212389380531,0.24778761061946902
CLT-PIT,CLT,PIT,289,14.114186851211073,18.68166089965398,0.27335640138408307
CLT-PNS,CLT,PNS,286,10.923076923076923,14.786713286713287,0.26223776223776224
CLT-PVD,CLT,PVD,183,16.530054644808743,21.715846994535518,0.23497267759562843
CLT-PWM,CLT,PWM,60,23.566666666666666,26.433333333333334,0.4
CLT-RDU,CLT,RDU,582,10.474226804123711,13.328178694158076,0.2611683848797251
CLT-RIC,CLT,RIC,357,11.098039215686274,13.243697478991596,0.24369747899159663
CLT-ROA,CLT,ROA,73,8.63013698630137,6.219178082191781,0.2328767123287671
CLT-ROC,CLT,ROC,179,12.558659217877095,15.636871508379889,0.25139664804469275
CLT-RSW,CLT,RSW,403,5.359801488833747,10.41439205955335,0.21836228287841192
CLT-SAN,CLT,SAN,229,7.934497816593886,13.930131004366812,0.27074235807860264
CLT-SAT,CLT,SAT,230,6.413043478260869,12.804347826086957,0.22608695652173913
CLT-SAV,CLT,SAV,372,6.026881720430108,13.28763440860215,0.20698924731182797
CLT-SBN,CLT,SBN,163,10.595092024539877,11.83435582822086,0.26993865030674846
CLT-SDF,CLT,SDF,290,10.375862068965517,14.637931034482758,0.2517241379310345
CLT-SEA,CLT,SEA,165,-0.4909090909090909,15.375757575757575,0.18181818181818182
CLT-SFO,CLT,SFO,231,19.233766233766232,27.285714285714285,0.341991341991342
CLT-SGF,CLT,SGF,167,7.263473053892215,9.365269461077844,0.2994011976047904
CLT-SHV,CLT,SHV,117,-1.6923076923076923,7.034188034188034,0.1623931623931624
CLT-SJU,CLT,SJU,223,-2.004484304932735,8.659192825112108,0.16143497757847533
CLT-SLC,CLT,SLC,148,2.0337837837837838,15.047297297297296,0.17567567567567569
CLT-SMF,CLT,SMF,60,24.4,34.416666666666664,0.38333333333333336
CLT-SNA,CLT,SNA,60,-1.0,12.883333333333333,0.16666666666666666
CLT-SRQ,CLT,SRQ,342,16.461988304093566,19.72514619883041,0.26900584795321636
CLT-STL,CLT,STL,287,7.43205574912892,11.470383275261325,0.20557491289198607
CLT-STT,CLT,STT,118,-1.7203389830508475,5.483050847457627,0.11864406779661017
CLT-STX,CLT,STX,60,0.03333333333333333,8.5,0.18333333333333332
CLT-SYR,CLT,SYR,178,20.1123595505618,22.971910112359552,0.28651685393258425
CLT-TLH,CLT,TLH,124,2.5725806451612905,8.806451612903226,0.1532258064516129
CLT-TPA,CLT,TPA,631,8.10459587955626,9.091917591125197,0.23771790808240886
CLT-TRI,CLT,TRI,41,-4.463414634146342,-3.5365853658536586,0.12195121951219512
CLT-TUL,CLT,TUL,120,0.041666666666666664,8.533333333333333,0.18333333333333332
CLT-TYS,CLT,TYS,389,6.997429305912596,9.519280205655527,0.20308483290488433
CLT-VPS,CLT,VPS,178,4.589887640449438,7.455056179775281,0.2303370786516854
CLT-XNA,CLT,XNA,236,7.741525423728813,9.580508474576272,0.2796610169491525
CMH-ATL,CMH,ATL,431,0.42923433874709976,4.183294663573085,0.14153132250580047
CMH-AUS,CMH,AUS,52,-7.1923076923076925,3.2884615384615383,0.057692307692307696
CMH-BNA,CMH,BNA,118,1.0,10.432203389830509,0.2288135593220339
CMH-BOS,CMH,BOS,212,-2.5660377358490565,-2.7216981132075473,0.14622641509433962
CMH-BWI,CMH,BWI,149,-3.046979865771812,5.053691275167785,0.14093959731543623
CMH-CLT,CMH,CLT,290,12.772413793103448,18.079310344827586,0.23103448275862068
CMH-DAL,CMH,DAL,64,-3.375,8.3125,0.125
CMH-DCA,CMH,DCA,304,-2.5296052631578947,4.440789473684211,0.13157894736842105
CMH-DEN,CMH,DEN,267,0.5355805243445693,11.202247191011235,0.1760299625468165
CMH-DFW,CMH,DFW,237,11.012658227848101,17.89451476793249,0.2109704641350211
CMH-DTW,CMH,DTW,177,1.8022598870056497,7.468926553672317,0.1864406779661017
CMH-EWR,CMH,EWR,284,-18.75,-1.4788732394366197,0.04225352112676056
CMH-FLL,CMH,FLL,187,9.716577540106952,9.352941176470589,0.3155080213903743
CMH-HOU,CMH,HOU,53,-6.679245283018868,4.716981132075472,0.18867924528301888
CMH-IAD,CMH,IAD,128,-7.4453125,-3.078125,0.109375
CMH-IAH,CMH,IAH,111,1.990990990990991,6.5225225225225225,0.1981981981981982
CMH-JFK,CMH,JFK,271,-7.2250922509225095,-0.9003690036900369,0.1033210332103321
CMH-LAS,CMH,LAS,165,-0.48484848484848486,15.2,0.21212121212121213
CMH-LAX,CMH,LAX,57,-2.8596491228070176,6.473684210526316,0.15789473684210525
CMH-LGA,CMH,LGA,442,1.1719457013574661,4.414027149321267,0.12895927601809956
CMH-MCO,CMH,MCO,372,2.674731182795699,8.432795698924732,0.18548387096774194
CMH-MDW,CMH,MDW,188,-1.9787234042553192,6.218085106382978,0.1595744680851064
CMH-MIA,CMH,MIA,128,1.796875,5.1015625,0.234375
CMH-MSP,CMH,MSP,169,-1.5680473372781065,6.088757396449704,0.14792899408284024
CMH-ORD,CMH,ORD,410,6.717073170731707,10.2,0.2121951219512195
CMH-PHL,CMH,PHL,153,-7.549019607843137,-0.9411764705882353,0.08496732026143791
CMH-PHX,CMH,PHX,169,-3.1301775147928996,8.431952662721894,0.1301775147928994
CMH-RSW,CMH,RSW,142,8.401408450704226,9.795774647887324,0.28169014084507044
CMH-SEA,CMH,SEA,42,-12.666666666666666,11.0,0.14285714285714285
CMH-SFO,CMH,SFO,52,31.692307692307693,41.07692307692308,0.5192307692307693
CMH-SRQ,CMH,SRQ,23,1.391304347826087,5.3478260869565215,0.21739130434782608
CMH-STL,CMH,STL,99,-1.1414141414141414,4.4646464646464645,0.13131313131313133
CMH-TPA,CMH,TPA,160,1.875,8.25625,0.18125
CMI-DFW,CMI,DFW,114,8.859649122807017,14.035087719298245,0.21052631578947367
CMI-ORD,CMI,ORD,109,-0.30275229357798167,8.8348623853211,0.1559633027522936
CMX-ORD,CMX,ORD,103,1.4563106796116505,7.349514563106796,0.22330097087378642
CNY-DEN,CNY,DEN,29,-1.8620689655172413,3.413793103448276,0.10344827586206896
COS-ATL,COS,ATL,60,-3.683333333333333,9.45,0.15
COS-DAL,COS,DAL,140,-0.9857142857142858,6.635714285714286,0.17857142857142858
COS-DEN,COS,DEN,691,5.327062228654125,9.457308248914616,0.18523878437047755
COS-DFW,COS,DFW,297,25.21212121212121,26.643097643097644,0.2727272727272727
COS-HOU,COS,HOU,8,-4.75,5.75,0.125
COS-IAH,COS,IAH,30,21.8,23.666666666666668,0.23333333333333334
COS-LAS,COS,LAS,155,7.95483870967742,12.729032258064516,0.2129032258064516
COS-LGB,COS,LGB,52,1.4807692307692308,-0.6538461538461539,0.19230769230769232
COS-MDW,COS,MDW,59,3.2711864406779663,6.203389830508475,0.15254237288135594
COS-ORD,COS,ORD,68,15.485294117647058,23.558823529411764,0.14705882352941177
COS-PHX,COS,PHX,165,1.793939393939394,6.218181818181818,0.19393939393939394
COS-SAN,COS,SAN,1,14.0,21.0,0.0
COS-SAT,COS,SAT,1,42.0,42.0,1.0
COS-SLC,COS,SLC,60,-11.65,-3.3,0.05
COU-DFW,COU,DFW,164,5.945121951219512,11.652439024390244,0.18902439024390244
COU-ORD,COU,ORD,76,7.7368421052631575,12.263157894736842,0.23684210526315788
CPR-DEN,CPR,DEN,33,-5.848484848484849,-0.8484848484848485,0.06060606060606061
CPR-SLC,CPR,SLC,60,-12.266666666666667,-0.8666666666666667,0.06666666666666667
CRP-DFW,CRP,DFW,394,7.852791878172589,6.606598984771574,0.19543147208121828
CRP-HOU,CRP,HOU,215,-2.4186046511627906,4.134883720930232,0.09767441860465116
CRP-IAH,CRP,IAH,14,-1.5714285714285714,3.9285714285714284,0.14285714285714285
CRW-ATL,CRW,ATL,159,35.698113207547166,41.691823899371066,0.3018867924528302
CRW-CLT,CRW,CLT,176,17.823863636363637,19.380681818181817,0.2727272727272727
CRW-DCA,CRW,DCA,51,16.19607843137255,13.0,0.17647058823529413
CRW-ORD,CRW,ORD,111,30.98198198198198,36.585585585585584,0.26126126126126126
CSG-ATL,CSG,ATL,158,24.88607594936709,27.126582278481013,0.25949367088607594
CVG-ATL,CVG,ATL,398,-0.2814070351758794,4.703517587939698,0.1407035175879397
CVG-AUS,CVG,AUS,60,-4.066666666666666,6.65,0.16666666666666666
CVG-AZA,CVG,AZA,4,-5.0,4.75,0.0
CVG-BOS,CVG,BOS,266,1.018796992481203,0.5714285714285714,0.15037593984962405
CVG-BWI,CVG,BWI,105,0.8666666666666667,6.285714285714286,0.10476190476190476
CVG-CHS,CVG,CHS,16,-5.625,-0.3125,0.0625
CVG-CLT,CVG,CLT,289,16.22145328719723,21.100346020761247,0.23529411764705882
CVG-DCA,CVG,DCA,318,2.2452830188679247,4.8427672955974845,0.20125786163522014
CVG-DEN,CVG,DEN,299,1.060200668896321,11.501672240802675,0.14046822742474915
CVG-DFW,CVG,DFW,271,7.693726937269373,13.564575645756458,0.24354243542435425
CVG-DTW,CVG,DTW,178,-3.4269662921348316,5.353932584269663,0.12359550561797752
CVG-EWR,CVG,EWR,322,-10.549689440993788,2.782608695652174,0.09006211180124224
CVG-EYW,CVG,EYW,14,-3.642857142857143,-1.5714285714285714,0.14285714285714285
CVG-FLL,CVG,FLL,105,5.104761904761904,8.4,0.2
CVG-IAD,CVG,IAD,68,-6.014705882352941,-1.4852941176470589,0.10294117647058823
CVG-IAH,CVG,IAH,69,1.3478260869565217,7.3768115942028984,0.11594202898550725
CVG-JAX,CVG,JAX,19,14.631578947368421,11.105263157894736,0.10526315789473684
CVG-JFK,CVG,JFK,338,-5.8017751479289945,2.3224852071005917,0.10059171597633136
CVG-LAS,CVG,LAS,99,5.909090909090909,17.626262626262626,0.1919191919191919
CVG-LAX,CVG,LAX,46,-5.1521739130434785,10.434782608695652,0.2391304347826087
CVG-LGA,CVG,LGA,345,-1.96231884057971,2.3391304347826085,0.12173913043478261
CVG-MCO,CVG,MCO,322,4.8105590062111805,9.953416149068323,0.18012422360248448
CVG-MDW,CVG,MDW,158,1.3417721518987342,8.715189873417721,0.17721518987341772
CVG-MIA,CVG,MIA,213,10.713615023474178,10.112676056338028,0.29577464788732394
CVG-MSP,CVG,MSP,197,-1.3096446700507614,8.548223350253807,0.14720812182741116
CVG-MSY,CVG,MSY,16,52.625,66.0,0.125
CVG-MYR,CVG,MYR,7,-12.428571428571429,-7.0,0.0
CVG-ORD,CVG,ORD,366,-2.7814207650273226,6.4890710382513666,0.18032786885245902
CVG-PBI,CVG,PBI,17,-1.7058823529411764,2.8823529411764706,0.17647058823529413
CVG-PGD,CVG,PGD,53,-2.2452830188679247,-3.4150943396226414,0.11320754716981132
CVG-PHL,CVG,PHL,114,9.18421052631579,10.605263157894736,0.21929824561403508
CVG-PHX,CVG,PHX,105,19.133333333333333,25.095238095238095,0.2571428571428571
CVG-PIE,CVG,PIE,49,0.8571428571428571,8.081632653061224,0.16326530612244897
CVG-RDU,CVG,RDU,98,7.081632653061225,2.7142857142857144,0.19387755102040816
CVG-RSW,CVG,RSW,185,2.7567567567567566,7.2594594594594595,0.16756756756756758
CVG-SAV,CVG,SAV,17,-4.705882352941177,4.0,0.11764705882352941
CVG-SEA,CVG,SEA,103,-16.233009708737864,0.8932038834951457,0.07766990291262135
CVG-SFB,CVG,SFB,40,13.1,14.2,0.125
CVG-SLC,CVG,SLC,96,-15.979166666666666,0.7395833333333334,0.08333333333333333
CVG-SRQ,CVG,SRQ,36,-7.138888888888889,-3.638888888888889,0.1388888888888889
CVG-STL,CVG,STL,1,0.0,-13.0,0.0
CVG-TPA,CVG,TPA,182,-3.043956043956044,4.6923076923076925,0.16483516483516483
CVG-TYS,CVG,TYS,1,80.0,5.0,1.0
CVG-VPS,CVG,VPS,22,0.045454545454545456,9.772727272727273,0.13636363636363635
CWA-MSP,CWA,MSP,118,-6.008474576271187,5.720338983050848,0.0847457627118644
CYS-DEN,CYS,DEN,105,-11.504761904761905,7.20952380952381,0.08571428571428572
DAB-ATL,DAB,ATL,219,0.5753424657534246,8.557077625570777,0.0867579908675799
DAB-CLT,DAB,CLT,196,3.7551020408163267,10.86734693877551,0.14795918367346939
DAB-DCA,DAB,DCA,6,30.666666666666668,43.0,0.3333333333333333
DAB-DFW,DAB,DFW,3,-3.6666666666666665,-7.333333333333333,0.0
DAB-DTW,DAB,DTW,2,-22.0,-12.0,0.0
DAB-LGA,DAB,LGA,2,-12.5,-9.0,0.0
DAL-ABQ,DAL,ABQ,273,4.978021978021978,11.952380952380953,0.19047619047619047
DAL-AMA,DAL,AMA,213,2.5258215962441315,10.657276995305164,0.18309859154929578
DAL-ATL,DAL,ATL,455,4.5406593406593405,11.193406593406593,0.1912087912087912
DAL-AUS,DAL,AUS,414,-0.2246376811594203,8.734299516908212,0.16908212560386474
DAL-BHM,DAL,BHM,119,2.764705882352941,7.26890756302521,0.17647058823529413
DAL-BNA,DAL,BNA,329,1.5623100303951367,7.27355623100304,0.14893617021276595
DAL-BUR,DAL,BUR,60,14.916666666666666,23.3,0.36666666666666664
DAL-BWI,DAL,BWI,245,4.808163265306122,10.971428571428572,0.21224489795918366
DAL-CHS,DAL,CHS,21,-0.047619047619047616,7.0476190476190474,0.19047619047619047
DAL-CLT,DAL,CLT,60,10.783333333333333,14.066666666666666,0.2833333333333333
DAL-CMH,DAL,CMH,67,11.73134328358209,16.82089552238806,0.31343283582089554
DAL-COS,DAL,COS,141,0.45390070921985815,8.638297872340425,0.14893617021276595
DAL-DCA,DAL,DCA,276,4.996376811594203,11.057971014492754,0.20652173913043478
DAL-DEN,DAL,DEN,528,6.8352272727272725,11.5,0.24242424242424243
DAL-ECP,DAL,ECP,60,-4.066666666666666,5.933333333333334,0.11666666666666667
DAL-ELP,DAL,ELP,261,0.2413793103448276,7.4559386973180075,0.1724137931034483
DAL-FLL,DAL,FLL,141,4.921985815602837,5.787234042553192,0.20567375886524822
DAL-HDN,DAL,HDN,54,-0.8333333333333334,-0.018518518518518517,0.14814814814814814
DAL-HOU,DAL,HOU,644,-2.3198757763975157,6.324534161490683,0.12577639751552794
DAL-HRL,DAL,HRL,16,-7.5625,1.625,0.125
DAL-IAH,DAL,IAH,177,-0.005649717514124294,9.514124293785311,0.1638418079096045
DAL-IND,DAL,IND,111,7.207207207207207,14.036036036036036,0.26126126126126126
DAL-LAS,DAL,LAS,450,8.6,15.637777777777778,0.26222222222222225
DAL-LAX,DAL,LAX,349,3.4785100286532953,9.922636103151863,0.25501432664756446
DAL-LBB,DAL,LBB,240,1.7625,9.791666666666666,0.20416666666666666
DAL-LGA,DAL,LGA,218,2.834862385321101,13.412844036697248,0.17889908256880735
DAL-LGB,DAL,LGB,105,0.3904761904761905,8.523809523809524,0.20952380952380953
DAL-LIT,DAL,LIT,170,3.8529411764705883,12.794117647058824,0.23529411764705882
DAL-MAF,DAL,MAF,233,1.3948497854077253,7.665236051502146,0.18025751072961374
DAL-MCI,DAL,MCI,293,3.358361774744027,9.064846416382252,0.16040955631399317
DAL-MCO,DAL,MCO,462,5.961038961038961,9.803030303030303,0.21645021645021645
DAL-MDW,DAL,MDW,284,2.3380281690140845,10.92605633802817,0.16901408450704225
DAL-MEM,DAL,MEM,73,6.301369863013699,9.383561643835616,0.1917808219178082
DAL-MIA,DAL,MIA,74,1.662162162162162,5.243243243243243,0.20270270270270271
DAL-MKE,DAL,MKE,51,3.5686274509803924,10.901960784313726,0.21568627450980393
DAL-MSP,DAL,MSP,1,0.0,10.0,0.0
DAL-MSY,DAL,MSY,389,4.4858611825192805,10.424164524421593,0.2185089974293059
DAL-MTJ,DAL,MTJ,54,4.648148148148148,5.944444444444445,0.25925925925925924
DAL-OAK,DAL,OAK,105,10.485714285714286,14.695238095238095,0.29523809523809524
DAL-OMA,DAL,OMA,66,0.6363636363636364,4.151515151515151,0.13636363636363635
DAL-ONT,DAL,ONT,59,6.169491525423729,15.661016949152541,0.288135593220339
DAL-ORD,DAL,ORD,213,-5.206572769953052,6.812206572769953,0.14084507042253522
DAL-ORF,DAL,ORF,7,8.428571428571429,9.428571428571429,0.2857142857142857
DAL-PDX,DAL,PDX,2,-2.0,7.0,0.0
DAL-PHL,DAL,PHL,1,-15.0,-2.0,0.0
DAL-PHX,DAL,PHX,478,1.6820083682008369,9.228033472803347,0.18828451882845187
DAL-PIT,DAL,PIT,53,0.49056603773584906,3.943396226415094,0.11320754716981132
DAL-PNS,DAL,PNS,61,2.8852459016393444,6.688524590163935,0.19672131147540983
DAL-PSP,DAL,PSP,53,1.6226415094339623,13.50943396226415,0.20754716981132076
DAL-RDU,DAL,RDU,60,2.2333333333333334,8.0,0.15
DAL-RNO,DAL,RNO,8,5.375,9.75,0.375
DAL-RSW,DAL,RSW,59,5.084745762711864,13.203389830508474,0.13559322033898305
DAL-SAN,DAL,SAN,212,2.207547169811321,10.169811320754716,0.18867924528301888
DAL-SAT,DAL,SAT,468,0.20085470085470086,6.564102564102564,0.1452991452991453
DAL-SAV,DAL,SAV,53,-2.452830188679245,3.641509433962264,0.1320754716981132
DAL-SDF,DAL,SDF,8,2.75,5.375,0.25
DAL-SEA,DAL,SEA,43,-0.4418604651162791,4.348837209302325,0.16279069767441862
DAL-SFO,DAL,SFO,6,-15.0,-0.16666666666666666,0.16666666666666666
DAL-SJC,DAL,SJC,89,12.50561797752809,17.8876404494382,0.2696629213483146
DAL-SLC,DAL,SLC,118,8.26271186440678,11.932203389830509,0.2796610169491525
DAL-SMF,DAL,SMF,68,13.044117647058824,15.014705882352942,0.35294117647058826
DAL-SNA,DAL,SNA,60,2.716666666666667,12.233333333333333,0.13333333333333333
DAL-SRQ,DAL,SRQ,59,11.016949152542374,14.067796610169491,0.23728813559322035
DAL-STL,DAL,STL,338,1.4970414201183433,8.136094674556213,0.15384615384615385
DAL-TPA,DAL,TPA,230,8.721739130434782,13.265217391304347,0.22608695652173913
DAL-TUL,DAL,TUL,175,1.697142857142857,8.262857142857143,0.2
DAL-TUS,DAL,TUS,15,8.4,22.666666666666668,0.3333333333333333
DAL-VPS,DAL,VPS,60,-1.6833333333333333,2.066666666666667,0.13333333333333333
DAY-ATL,DAY,ATL,203,-7.684729064039409,4.16256157635468,0.09359605911330049
DAY-CLT,DAY,CLT,212,9.608490566037736,12.235849056603774,0.1792452830188679
DAY-DCA,DAY,DCA,199,4.723618090452261,4.522613065326633,0.21105527638190955
DAY-DEN,DAY,DEN,60,4.233333333333333,5.566666666666666,0.2
DAY-DFW,DAY,DFW,178,5.646067415730337,13.365168539325843,0.2640449438202247
DAY-LGA,DAY,LGA,97,-0.38144329896907214,3.1030927835051547,0.12371134020618557
DAY-ORD,DAY,ORD,126,10.904761904761905,12.563492063492063,0.2777777777777778
DAY-PGD,DAY,PGD,17,22.294117647058822,29.11764705882353,0.23529411764705882
DAY-PIE,DAY,PIE,17,50.88235294117647,55.294117647058826,0.17647058823529413
DAY-SFB,DAY,SFB,7,1.8571428571428572,9.0,0.14285714285714285
DCA-AGS,DCA,AGS,50,2.72,11.54,0.24
DCA-ALB,DCA,ALB,161,-2.1677018633540373,9.29192546583851,0.15527950310559005
DCA-ATL,DCA,ATL,1100,-0.013636363636363636,10.941818181818181,0.16454545454545455
DCA-AUS,DCA,AUS,59,8.847457627118644,16.084745762711865,0.288135593220339
DCA-AVL,DCA,AVL,55,-8.672727272727272,-0.9636363636363636,0.09090909090909091
DCA-BDL,DCA,BDL,298,8.211409395973154,11.973154362416107,0.17114093959731544
DCA-BGR,DCA,BGR,147,13.17687074829932,13.394557823129253,0.272108843537415
DCA-BHM,DCA,BHM,153,5.071895424836601,12.457516339869281,0.20915032679738563
DCA-BNA,DCA,BNA,629,-4.1812400635930045,5.756756756756757,0.1192368839427663
DCA-BOS,DCA,BOS,1448,2.643646408839779,9.23549723756906,0.17472375690607736
DCA-BTR,DCA,BTR,53,15.849056603773585,25.735849056603772,0.33962264150943394
DCA-BTV,DCA,BTV,208,4.105769230769231,8.9375,0.17307692307692307
DCA-BUF,DCA,BUF,154,0.16233766233766234,11.480519480519481,0.13636363636363635
DCA-CAE,DCA,CAE,155,5.709677419354839,11.387096774193548,0.2064516129032258
DCA-CAK,DCA,CAK,56,7.553571428571429,13.821428571428571,0.23214285714285715
DCA-CHA,DCA,CHA,44,5.636363636363637,13.909090909090908,0.3181818181818182
DCA-CHS,DCA,CHS,271,2.782287822878229,10.564575645756458,0.16605166051660517
DCA-CID,DCA,CID,85,-3.152941176470588,9.305882352941177,0.2
DCA-CLE,DCA,CLE,201,5.567164179104478,13.706467661691542,0.21890547263681592
DCA-CLT,DCA,CLT,519,10.801541425818883,18.33140655105973,0.19460500963391136
DCA-CMH,DCA,CMH,306,-5.150326797385621,5.6797385620915035,0.14052287581699346
DCA-CRW,DCA,CRW,47,9.72340425531915,15.48936170212766,0.19148936170212766
DCA-CVG,DCA,CVG,320,-0.715625,6.603125,0.1875
DCA-DAB,DCA,DAB,6,23.166666666666668,12.833333333333334,0.3333333333333333
DCA-DAL,DCA,DAL,271,-2.6014760147601477,10.391143911439114,0.16974169741697417
DCA-DAY,DCA,DAY,201,12.07960199004975,15.417910447761194,0.1691542288557214
DCA-DEN,DCA,DEN,240,-0.36666666666666664,12.9,0.15833333333333333
DCA-DFW,DCA,DFW,527,13.702087286527513,21.787476280834916,0.22770398481973433
DCA-DSM,DCA,DSM,111,0.7297297297297297,12.711711711711711,0.1981981981981982
DCA-DTW,DCA,DTW,428,0.11214953271028037,8.00233644859813,0.14953271028037382
DCA-ECP,DCA,ECP,15,1.0666666666666667,10.0,0.3333333333333333
DCA-EWR,DCA,EWR,37,-4.0,9.54054054054054,0.13513513513513514
DCA-EYW,DCA,EYW,120,-5.6,1.175,0.14166666666666666
DCA-FLL,DCA,FLL,483,6.062111801242236,12.283643892339544,0.2028985507246377
DCA-GRR,DCA,GRR,113,10.902654867256636,20.601769911504423,0.3274336283185841
DCA-GSO,DCA,GSO,141,5.404255319148936,12.97872340425532,0.19858156028368795
DCA-GSP,DCA,GSP,152,2.2960526315789473,9.848684210526315,0.21052631578947367
DCA-HHH,DCA,HHH,15,-12.8,-6.466666666666667,0.06666666666666667
DCA-HOU,DCA,HOU,154,0.9025974025974026,8.909090909090908,0.18831168831168832
DCA-HPN,DCA,HPN,208,16.22596153846154,14.384615384615385,0.2548076923076923
DCA-HSV,DCA,HSV,237,-1.3839662447257384,5.751054852320675,0.16877637130801687
DCA-IAH,DCA,IAH,368,-2.125,8.543478260869565,0.11956521739130435
DCA-ICT,DCA,ICT,52,-9.98076923076923,0.8846153846153846,0.09615384615384616
DCA-ILM,DCA,ILM,118,6.601694915254237,13.940677966101696,0.1864406779661017
DCA-IND,DCA,IND,314,-6.280254777070064,3.859872611464968,0.12738853503184713
DCA-JAN,DCA,JAN,45,-4.555555555555555,6.0,0.2
DCA-JAX,DCA,JAX,238,7.243697478991597,12.478991596638656,0.2184873949579832
DCA-JFK,DCA,JFK,349,-3.292263610315186,2.684813753581662,0.12320916905444126
DCA-LAN,DCA,LAN,43,5.046511627906977,11.930232558139535,0.27906976744186046
DCA-LAS,DCA,LAS,59,-14.610169491525424,-1.7966101694915255,0.0847457627118644
DCA-LAX,DCA,LAX,238,-3.491596638655462,7.96218487394958,0.17647058823529413
DCA-LEX,DCA,LEX,46,-7.434782608695652,1.8043478260869565,0.08695652173913043
DCA-LGA,DCA,LGA,690,4.6347826086956525,11.155072463768116,0.19855072463768117
DCA-LIT,DCA,LIT,58,-4.810344827586207,2.103448275862069,0.1724137931034483
DCA-MCI,DCA,MCI,298,-1.3926174496644295,12.11744966442953,0.15436241610738255
DCA-MCO,DCA,MCO,875,8.398857142857143,13.225142857142858,0.22057142857142858
DCA-MDW,DCA,MDW,327,-4.474006116207951,8.740061162079511,0.12538226299694188
DCA-MEM,DCA,MEM,159,-12.031446540880504,2.2327044025157234,0.11949685534591195
DCA-MGM,DCA,MGM,43,11.093023255813954,17.232558139534884,0.23255813953488372
DCA-MHT,DCA,MHT,160,2.575,10.4625,0.2
DCA-MIA,DCA,MIA,646,10.054179566563468,15.374613003095975,0.24303405572755418
DCA-MKE,DCA,MKE,211,-3.4597156398104265,7.7156398104265405,0.12322274881516587
DCA-MLB,DCA,MLB,4,2.25,-8.25,0.25
DCA-MSN,DCA,MSN,119,-3.361344537815126,5.285714285714286,0.12605042016806722
DCA-MSP,DCA,MSP,334,-5.413173652694611,6.907185628742515,0.12275449101796407
DCA-MSY,DCA,MSY,280,2.567857142857143,12.082142857142857,0.21071428571428572
DCA-MYR,DCA,MYR,75,-1.3066666666666666,1.96,0.12
DCA-OKC,DCA,OKC,114,-0.45614035087719296,11.087719298245615,0.19298245614035087
DCA-OMA,DCA,OMA,101,-8.277227722772277,3.3168316831683167,0.1188118811881188
DCA-ORD,DCA,ORD,972,0.12654320987654322,9.113168724279836,0.16049382716049382
DCA-ORF,DCA,ORF,208,9.903846153846153,13.875,0.21153846153846154
DCA-PBI,DCA,PBI,298,3.8288590604026846,10.355704697986576,0.20469798657718122
DCA-PDX,DCA,PDX,58,-0.2413793103448276,11.689655172413794,0.1724137931034483
DCA-PHL,DCA,PHL,217,2.7972350230414746,9.073732718894009,0.1382488479262673
DCA-PHX,DCA,PHX,179,-8.40782122905028,2.368715083798883,0.11173184357541899
DCA-PIT,DCA,PIT,264,-0.4659090909090909,7.348484848484849,0.19318181818181818
DCA-PNS,DCA,PNS,133,4.932330827067669,9.473684210526315,0.21052631578947367
DCA-PVD,DCA,PVD,351,2.173789173789174,8.974358974358974,0.17663817663817663
DCA-PWM,DCA,PWM,206,13.660194174757281,18.0873786407767,0.22815533980582525
DCA-RDU,DCA,RDU,441,-3.6530612244897958,4.501133786848072,0.1360544217687075
DCA-ROC,DCA,ROC,160,-5.0875,4.84375,0.1125
DCA-RSW,DCA,RSW,220,7.8,12.5,0.22727272727272727
DCA-SAV,DCA,SAV,130,-1.3615384615384616,6.084615384615384,0.19230769230769232
DCA-SDF,DCA,SDF,155,-6.393548387096774,5.2,0.11612903225806452
DCA-SEA,DCA,SEA,118,-2.8813559322033897,10.228813559322035,0.1864406779661017
DCA-SFO,DCA,SFO,118,-0.635593220338983,15.135593220338983,0.11864406779661017
DCA-SJU,DCA,SJU,60,12.616666666666667,16.483333333333334,0.26666666666666666
DCA-SLC,DCA,SLC,60,-2.966666666666667,14.433333333333334,0.15
DCA-SRQ,DCA,SRQ,60,3.5166666666666666,2.85,0.23333333333333334
DCA-STL,DCA,STL,366,1.1530054644808743,10.013661202185792,0.1721311475409836
DCA-SYR,DCA,SYR,164,-7.810975609756097,3.707317073170732,0.0975609756097561
DCA-TLH,DCA,TLH,59,10.610169491525424,12.40677966101695,0.2711864406779661
DCA-TPA,DCA,TPA,367,6.485013623978202,10.53133514986376,0.2125340599455041
DCA-TUL,DCA,TUL,60,17.616666666666667,24.566666666666666,0.16666666666666666
DCA-TYS,DCA,TYS,187,5.358288770053476,12.032085561497325,0.23529411764705882
DCA-VPS,DCA,VPS,73,-7.041095890410959,8.383561643835616,0.1506849315068493
DCA-XNA,DCA,XNA,59,0.6949152542372882,6.559322033898305,0.13559322033898305
DDC-DEN,DDC,DEN,77,10.311688311688311,11.909090909090908,0.15584415584415584
DDC-LBL,DDC,LBL,16,38.75,41.625,0.25
DEC-JLN,DEC,JLN,54,33.77777777777778,41.24074074074074,0.14814814814814814
DEC-ORD,DEC,ORD,95,13.2,26.273684210526316,0.16842105263157894
DEN-ABE,DEN,ABE,17,-19.764705882352942,2.764705882352941,0.058823529411764705
DEN-ABQ,DEN,ABQ,394,6.281725888324873,12.319796954314722,0.22842639593908629
DEN-ACV,DEN,ACV,45,13.222222222222221,8.511111111111111,0.3333333333333333
DEN-ALB,DEN,ALB,1,3.0,3.0,0.0
DEN-AMA,DEN,AMA,66,6.454545454545454,11.181818181818182,0.24242424242424243
DEN-ANC,DEN,ANC,60,12.7,25.8,0.2
DEN-ASE,DEN,ASE,438,26.255707762557076,30.244292237442924,0.3584474885844749
DEN-ATL,DEN,ATL,931,3.996777658431794,11.042964554242749,0.2083780880773362
DEN-ATW,DEN,ATW,59,9.915254237288135,18.89830508474576,0.2711864406779661
DEN-AUS,DEN,AUS,658,6.208206686930091,12.96808510638298,0.23860182370820668
DEN-AVL,DEN,AVL,66,11.848484848484848,4.53030303030303,0.22727272727272727
DEN-BDL,DEN,BDL,51,13.764705882352942,10.254901960784315,0.3137254901960784
DEN-BFF,DEN,BFF,97,4.865979381443299,6.185567010309279,0.13402061855670103
DEN-BFL,DEN,BFL,60,-4.716666666666667,6.15,0.13333333333333333
DEN-BHM,DEN,BHM,176,15.534090909090908,19.380681818181817,0.32386363636363635
DEN-BIH,DEN,BIH,56,28.982142857142858,27.178571428571427,0.42857142857142855
DEN-BIL,DEN,BIL,119,13.268907563025211,14.798319327731093,0.29411764705882354
DEN-BIS,DEN,BIS,174,13.545977011494253,17.477011494252874,0.22988505747126436
DEN-BLI,DEN,BLI,7,46.285714285714285,41.857142857142854,0.5714285714285714
DEN-BNA,DEN,BNA,562,10.339857651245552,14.307829181494663,0.26334519572953735
DEN-BOI,DEN,BOI,406,7.788177339901478,14.187192118226601,0.23645320197044334
DEN-BOS,DEN,BOS,450,16.851111111111113,19.655555555555555,0.35777777777777775
DEN-BUF,DEN,BUF,41,26.682926829268293,27.24390243902439,0.5853658536585366
DEN-BUR,DEN,BUR,262,6.179389312977099,13.763358778625955,0.2595419847328244
DEN-BWI,DEN,BWI,427,11.885245901639344,15.77751756440281,0.2903981264637002
DEN-BZN,DEN,BZN,363,14.961432506887052,20.732782369146005,0.26170798898071623
DEN-CHS,DEN,CHS,118,12.389830508474576,12.728813559322035,0.2542372881355932
DEN-CID,DEN,CID,126,13.023809523809524,18.158730158730158,0.2222222222222222
DEN-CLE,DEN,CLE,258,12.10077519379845,15.39922480620155,0.3062015503875969
DEN-CLT,DEN,CLT,459,-0.5947712418300654,6.714596949891067,0.1895424836601307
DEN-CMH,DEN,CMH,282,13.304964539007091,15.680851063829786,0.3262411347517731
DEN-CNY,DEN,CNY,29,23.620689655172413,27.482758620689655,0.20689655172413793
DEN-COS,DEN,COS,694,9.154178674351584,15.211815561959654,0.2377521613832853
DEN-CPR,DEN,CPR,32,-6.53125,1.375,0.125
DEN-CVG,DEN,CVG,299,10.876254180602007,12.19732441471572,0.23745819397993312
DEN-CYS,DEN,CYS,107,-11.280373831775702,4.710280373831775,0.14953271028037382
DEN-DAL,DEN,DAL,525,7.933333333333334,13.895238095238096,0.2438095238095238
DEN-DAY,DEN,DAY,60,8.616666666666667,9.15,0.2833333333333333
DEN-DCA,DEN,DCA,240,1.4625,6.429166666666666,0.2
DEN-DDC,DEN,DDC,69,8.26086956521739,8.840579710144928,0.14492753623188406
DEN-DFW,DEN,DFW,892,10.454035874439462,14.483183856502242,0.25112107623318386
DEN-DIK,DEN,DIK,98,-0.12244897959183673,11.39795918367347,0.1326530612244898
DEN-DRO,DEN,DRO,237,12.379746835443038,17.19409282700422,0.23628691983122363
DEN-DSM,DEN,DSM,346,12.76878612716763,14.329479768786127,0.2745664739884393
DEN-DTW,DEN,DTW,449,10.173719376391983,12.53674832962138,0.26057906458797325
DEN-DVL,DEN,DVL,47,-6.9361702127659575,7.48936170212766,0.10638297872340426
DEN-ECP,DEN,ECP,2,9.0,-1.5,0.5
DEN-EGE,DEN,EGE,237,10.215189873417721,16.658227848101266,0.2320675105485232
DEN-ELP,DEN,ELP,210,1.4476190476190476,7.761904761904762,0.1619047619047619
DEN-EUG,DEN,EUG,166,6.180722891566265,13.150602409638553,0.27710843373493976
DEN-EWR,DEN,EWR,362,8.665745856353592,18.201657458563535,0.20441988950276244
DEN-FAR,DEN,FAR,209,3.430622009569378,9.258373205741627,0.215311004784689
DEN-FAT,DEN,FAT,221,14.040723981900452,14.117647058823529,0.2850678733031674
DEN-FCA,DEN,FCA,154,10.733766233766234,16.01948051948052,0.24675324675324675
DEN-FLL,DEN,FLL,283,15.76678445229682,18.89399293286219,0.35335689045936397
DEN-FSD,DEN,FSD,260,6.196153846153846,11.307692307692308,0.17692307692307693
DEN-GCC,DEN,GCC,115,0.5565217391304348,5.173913043478261,0.1565217391304348
DEN-GEG,DEN,GEG,241,9.526970954356846,16.647302904564317,0.3112033195020747
DEN-GJT,DEN,GJT,249,9.670682730923694,14.349397590361447,0.21285140562248997
DEN-GRR,DEN,GRR,175,18.228571428571428,18.537142857142857,0.29714285714285715
DEN-GSO,DEN,GSO,60,5.116666666666666,5.266666666666667,0.26666666666666666
DEN-GSP,DEN,GSP,60,13.533333333333333,12.75,0.25
DEN-GTF,DEN,GTF,114,10.017543859649123,13.885964912280702,0.20175438596491227
DEN-GUC,DEN,GUC,117,31.965811965811966,37.863247863247864,0.23931623931623933
DEN-HDN,DEN,HDN,316,18.810126582278482,22.544303797468356,0.3322784810126582
DEN-HLN,DEN,HLN,117,15.7008547008547,24.581196581196583,0.2222222222222222
DEN-HNL,DEN,HNL,82,19.76829268292683,27.71951219512195,0.3170731707317073
DEN-HOU,DEN,HOU,433,7.23094688221709,15.459584295612009,0.24942263279445728
DEN-HSV,DEN,HSV,114,9.219298245614034,18.333333333333332,0.21052631578947367
DEN-IAD,DEN,IAD,381,23.034120734908136,25.590551181102363,0.28346456692913385
DEN-IAH,DEN,IAH,780,11.246153846153845,18.634615384615383,0.2512820512820513
DEN-ICT,DEN,ICT,173,11.832369942196532,15.745664739884393,0.34104046242774566
DEN-IDA,DEN,IDA,58,5.655172413793103,16.67241379310345,0.22413793103448276
DEN-IND,DEN,IND,376,11.507978723404255,13.52127659574468,0.26861702127659576
DEN-JAC,DEN,JAC,223,12.928251121076233,21.408071748878925,0.2600896860986547
DEN-JAX,DEN,JAX,149,17.80536912751678,22.825503355704697,0.28187919463087246
DEN-JFK,DEN,JFK,195,5.507692307692308,12.276923076923078,0.20512820512820512
DEN-JLN,DEN,JLN,39,-11.307692307692308,3.076923076923077,0.07692307692307693
DEN-JMS,DEN,JMS,55,-1.509090909090909,1.8909090909090909,0.12727272727272726
DEN-KOA,DEN,KOA,60,8.45,18.3,0.2833333333333333
DEN-LAR,DEN,LAR,93,2.096774193548387,6.440860215053763,0.17204301075268819
DEN-LAS,DEN,LAS,1350,9.266666666666667,14.841481481481482,0.26
DEN-LAX,DEN,LAX,1093,6.387923147301007,12.837145471180238,0.2342177493138152
DEN-LBB,DEN,LBB,97,8.092783505154639,12.824742268041238,0.24742268041237114
DEN-LBF,DEN,LBF,98,9.10204081632653,8.153061224489797,0.17346938775510204
DEN-LBL,DEN,LBL,25,2.16,9.64,0.12
DEN-LEX,DEN,LEX,60,13.383333333333333,14.55,0.2
DEN-LGA,DEN,LGA,721,10.730929264909847,16.77115117891817,0.260748959778086
DEN-LGB,DEN,LGB,185,6.097297297297297,13.151351351351352,0.23243243243243245
DEN-LIH,DEN,LIH,68,22.88235294117647,29.91176470588235,0.35294117647058826
DEN-LIT,DEN,LIT,116,14.206896551724139,17.413793103448278,0.29310344827586204
DEN-LWS,DEN,LWS,59,35.28813559322034,34.728813559322035,0.3050847457627119
DEN-MAF,DEN,MAF,203,7.827586206896552,14.078817733990148,0.23645320197044334
DEN-MCI,DEN,MCI,668,6.797904191616767,11.01497005988024,0.23203592814371257
DEN-MCO,DEN,MCO,777,5.622908622908623,13.468468468468469,0.23423423423423423
DEN-MDW,DEN,MDW,436,10.5,15.761467889908257,0.2981651376146789
DEN-MEM,DEN,MEM,200,13.145,16.535,0.295
DEN-MFR,DEN,MFR,120,4.283333333333333,7.925,0.175
DEN-MIA,DEN,MIA,444,15.475225225225225,18.673423423423422,0.3153153153153153
DEN-MKE,DEN,MKE,400,11.7425,15.8425,0.265
DEN-MLI,DEN,MLI,54,20.925925925925927,18.925925925925927,0.3333333333333333
DEN-MOT,DEN,MOT,110,35.18181818181818,38.54545454545455,0.2545454545454545
DEN-MRY,DEN,MRY,61,16.065573770491802,14.836065573770492,0.2786885245901639
DEN-MSN,DEN,MSN,140,10.4,11.121428571428572,0.22857142857142856
DEN-MSO,DEN,MSO,114,6.2631578947368425,14.982456140350877,0.2543859649122807
DEN-MSP,DEN,MSP,905,7.649723756906077,11.569060773480663,0.20331491712707184
DEN-MSY,DEN,MSY,415,5.43855421686747,11.385542168674698,0.23373493975903614
DEN-MTJ,DEN,MTJ,316,11.10759493670886,14.825949367088608,0.26582278481012656
DEN-OAK,DEN,OAK,286,11.979020979020978,16.09090909090909,0.34265734265734266
DEN-OGG,DEN,OGG,60,13.533333333333333,22.616666666666667,0.3
DEN-OKC,DEN,OKC,366,13.472677595628415,20.237704918032787,0.2677595628415301
DEN-OMA,DEN,OMA,480,18.414583333333333,20.025,0.26666666666666666
DEN-ONT,DEN,ONT,444,9.236486486486486,17.105855855855857,0.2702702702702703
DEN-ORD,DEN,ORD,891,14.585858585858587,18.578002244668912,0.24691358024691357
DEN-ORF,DEN,ORF,66,15.681818181818182,16.560606060606062,0.30303030303030304
DEN-PBI,DEN,PBI,2,-1.5,5.5,0.0
DEN-PDX,DEN,PDX,577,6.192374350086655,12.996533795493933,0.25476603119584057
DEN-PHL,DEN,PHL,359,11.713091922005571,14.448467966573816,0.28690807799442897
DEN-PHX,DEN,PHX,1532,6.650130548302872,12.304830287206267,0.25
DEN-PIA,DEN,PIA,7,9.857142857142858,14.0,0.42857142857142855
DEN-PIT,DEN,PIT,231,18.16883116883117,19.12987012987013,0.30735930735930733
DEN-PNS,DEN,PNS,36,-3.2222222222222223,6.416666666666667,0.19444444444444445
DEN-PRC,DEN,PRC,60,3.716666666666667,10.633333333333333,0.13333333333333333
DEN-PSC,DEN,PSC,121,14.314049586776859,16.66115702479339,0.2809917355371901
DEN-PSP,DEN,PSP,290,12.051724137931034,13.906896551724138,0.2793103448275862
DEN-RAP,DEN,RAP,241,9.809128630705395,17.058091286307054,0.1825726141078838
DEN-RDM,DEN,RDM,115,30.22608695652174,32.356521739130436,0.3130434782608696
DEN-RDU,DEN,RDU,270,13.7,17.574074074074073,0.32222222222222224
DEN-RIC,DEN,RIC,113,15.079646017699115,14.663716814159292,0.3008849557522124
DEN-RIW,DEN,RIW,72,0.6666666666666666,8.805555555555555,0.1527777777777778
DEN-RKS,DEN,RKS,76,6.631578947368421,10.763157894736842,0.14473684210526316
DEN-RNO,DEN,RNO,366,12.789617486338798,17.5,0.2896174863387978
DEN-RSW,DEN,RSW,133,2.075187969924812,8.74436090225564,0.19548872180451127
DEN-SAN,DEN,SAN,765,6.585620915032679,13.207843137254901,0.24705882352941178
DEN-SAT,DEN,SAT,464,6.866379310344827,11.941810344827585,0.23275862068965517
DEN-SAV,DEN,SAV,44,7.386363636363637,5.454545454545454,0.18181818181818182
DEN-SBA,DEN,SBA,206,7.684466019417476,12.96116504854369,0.2621359223300971
DEN-SBP,DEN,SBP,121,17.50413223140496,19.40495867768595,0.30578512396694213
DEN-SDF,DEN,SDF,178,8.668539325842696,13.101123595505618,0.2752808988764045
DEN-SEA,DEN,SEA,910,3.764835164835165,12.057142857142857,0.25824175824175827
DEN-SFO,DEN,SFO,736,24.141304347826086,29.372282608695652,0.41847826086956524
DEN-SGF,DEN,SGF,55,11.290909090909091,16.836363636363636,0.23636363636363636
DEN-SGU,DEN,SGU,102,6.323529411764706,12.294117647058824,0.1568627450980392
DEN-SHR,DEN,SHR,114,-3.043859649122807,2.517543859649123,0.11403508771929824
DEN-SJC,DEN,SJC,427,7.5597189695550355,14.255269320843091,0.2505854800936768
DEN-SJU,DEN,SJU,59,2.76271186440678,7.830508474576271,0.13559322033898305
DEN-SLC,DEN,SLC,1289,6.78355314197052,15.39565554693561,0.24282389449185415
DEN-SLN,DEN,SLN,56,-6.160714285714286,1.0892857142857142,0.14285714285714285
DEN-SMF,DEN,SMF,535,11.114018691588784,15.994392523364485,0.2841121495327103
DEN-SNA,DEN,SNA,546,4.45970695970696,10.586080586080586,0.22893772893772893
DEN-SRQ,DEN,SRQ,28,6.535714285714286,3.9285714285714284,0.25
DEN-STL,DEN,STL,588,9.729591836734693,14.154761904761905,0.27721088435374147
DEN-SUN,DEN,SUN,117,8.145299145299145,19.512820512820515,0.23931623931623933
DEN-SUX,DEN,SUX,58,-10.275862068965518,0.8620689655172413,0.08620689655172414
DEN-SYR,DEN,SYR,60,10.716666666666667,11.9,0.18333333333333332
DEN-TPA,DEN,TPA,569,5.377855887521968,13.045694200351495,0.24956063268892795
DEN-TUL,DEN,TUL,302,9.913907284768213,14.539735099337749,0.2682119205298013
DEN-TUS,DEN,TUS,413,11.157384987893462,17.128329297820823,0.29055690072639223
DEN-TYS,DEN,TYS,123,14.520325203252032,14.829268292682928,0.2764227642276423
DEN-VEL,DEN,VEL,52,0.5576923076923077,4.1923076923076925,0.15384615384615385
DEN-XNA,DEN,XNA,185,9.78918918918919,12.405405405405405,0.22702702702702704
DEN-XWA,DEN,XWA,161,11.925465838509316,18.39751552795031,0.2484472049689441
DFW-ABI,DFW,ABI,291,3.8075601374570445,5.323024054982818,0.15463917525773196
DFW-ABQ,DFW,ABQ,353,13.679886685552407,16.413597733711047,0.28611898016997167
DFW-ACT,DFW,ACT,174,2.2758620689655173,5.9655172413793105,0.14367816091954022
DFW-AEX,DFW,AEX,172,-1.1337209302325582,3.063953488372093,0.18604651162790697
DFW-AGS,DFW,AGS,58,13.482758620689655,20.603448275862068,0.22413793103448276
DFW-ALB,DFW,ALB,60,23.45,22.483333333333334,0.43333333333333335
DFW-AMA,DFW,AMA,341,7.894428152492669,12.208211143695015,0.17888563049853373
DFW-ANC,DFW,ANC,7,-19.285714285714285,2.0,0.0
DFW-ASE,DFW,ASE,252,10.912698412698413,12.61111111111111,0.2698412698412698
DFW-ATL,DFW,ATL,935,12.255614973262032,17.58823529411765,0.2427807486631016
DFW-AUS,DFW,AUS,767,14.959582790091265,18.01825293350717,0.28292046936114734
DFW-AVL,DFW,AVL,66,0.8484848484848485,8.924242424242424,0.12121212121212122
DFW-BDL,DFW,BDL,59,27.93220338983051,27.779661016949152,0.4915254237288136
DFW-BFL,DFW,BFL,60,13.216666666666667,18.316666666666666,0.25
DFW-BHM,DFW,BHM,309,13.407766990291263,17.271844660194176,0.2459546925566343
DFW-BIL,DFW,BIL,67,4.149253731343284,11.08955223880597,0.19402985074626866
DFW-BIS,DFW,BIS,59,-3.593220338983051,8.254237288135593,0.11864406779661017
DFW-BMI,DFW,BMI,114,-1.2280701754385965,5.859649122807017,0.14912280701754385
DFW-BNA,DFW,BNA,507,14.998027613412228,16.236686390532544,0.2879684418145957
DFW-BOI,DFW,BOI,125,18.8,19.104,0.368
DFW-BOS,DFW,BOS,551,13.762250453720508,18.31578947368421,0.2776769509981851
DFW-BPT,DFW,BPT,118,1.3559322033898304,9.635593220338983,0.1271186440677966
DFW-BRO,DFW,BRO,216,-4.606481481481482,3.199074074074074,0.13425925925925927
DFW-BTR,DFW,BTR,272,10.393382352941176,12.305147058823529,0.20220588235294118
DFW-BUF,DFW,BUF,57,31.403508771929825,35.75438596491228,0.43859649122807015
DFW-BUR,DFW,BUR,120,23.308333333333334,23.975,0.30833333333333335
DFW-BWI,DFW,BWI,231,12.67965367965368,17.19047619047619,0.30303030303030304
DFW-BZN,DFW,BZN,108,8.86111111111111,9.046296296296296,0.23148148148148148
DFW-CAE,DFW,CAE,118,45.347457627118644,51.016949152542374,0.4322033898305085
DFW-CHA,DFW,CHA,169,-0.023668639053254437,7.863905325443787,0.17751479289940827
DFW-CHS,DFW,CHS,160,11.675,19.35,0.2375
DFW-CID,DFW,CID,150,19.613333333333333,31.14666666666667,0.31333333333333335
DFW-CLE,DFW,CLE,234,13.316239316239317,17.423076923076923,0.3247863247863248
DFW-CLL,DFW,CLL,176,-5.255681818181818,1.0284090909090908,0.11363636363636363
DFW-CLT,DFW,CLT,646,11.58513931888545,17.659442724458206,0.24922600619195046
DFW-CMH,DFW,CMH,238,12.626050420168067,17.34873949579832,0.2815126050420168
DFW-CMI,DFW,CMI,115,5.2,11.182608695652174,0.1826086956521739
DFW-COS,DFW,COS,298,15.496644295302014,20.949664429530202,0.23154362416107382
DFW-COU,DFW,COU,164,5.182926829268292,10.652439024390244,0.15853658536585366
DFW-CRP,DFW,CRP,395,2.1670886075949367,6.362025316455696,0.16962025316455695
DFW-CVG,DFW,CVG,270,9.718518518518518,12.077777777777778,0.24444444444444444
DFW-DAB,DFW,DAB,3,-13.0,-3.0,0.0
DFW-DAY,DFW,DAY,177,11.627118644067796,17.146892655367232,0.24293785310734464
DFW-DCA,DFW,DCA,525,11.596190476190475,17.48,0.2742857142857143
DFW-DEN,DFW,DEN,892,10.52354260089686,13.228699551569507,0.24439461883408073
DFW-DRO,DFW,DRO,125,6.712,6.696,0.208
DFW-DSM,DFW,DSM,174,24.07471264367816,26.982758620689655,0.3160919540229885
DFW-DTW,DFW,DTW,491,11.095723014256619,15.315682281059063,0.19959266802443992
DFW-ECP,DFW,ECP,120,6.825,9.983333333333333,0.18333333333333332
DFW-EGE,DFW,EGE,239,12.619246861924687,17.238493723849373,0.28870292887029286
DFW-ELP,DFW,ELP,429,10.818181818181818,14.389277389277389,0.2727272727272727
DFW-EUG,DFW,EUG,57,25.94736842105263,34.03508771929825,0.3333333333333333
DFW-EVV,DFW,EVV,118,6.322033898305085,8.85593220338983,0.2033898305084746
DFW-EWR,DFW,EWR,522,1.710727969348659,11.153256704980842,0.18582375478927204
DFW-EYW,DFW,EYW,118,24.33050847457627,24.60169491525424,0.3559322033898305
DFW-FAR,DFW,FAR,118,8.347457627118644,13.796610169491526,0.1864406779661017
DFW-FAT,DFW,FAT,214,6.327102803738318,11.280373831775702,0.2383177570093458
DFW-FAY,DFW,FAY,59,2.169491525423729,7.5423728813559325,0.2542372881355932
DFW-FLG,DFW,FLG,60,8.483333333333333,16.133333333333333,0.18333333333333332
DFW-FLL,DFW,FLL,495,9.224242424242425,12.397979797979797,0.27070707070707073
DFW-FSD,DFW,FSD,117,7.64957264957265,11.196581196581196,0.2564102564102564
DFW-FSM,DFW,FSM,170,3.4058823529411764,7.317647058823529,0.16470588235294117
DFW-FWA,DFW,FWA,119,3.6218487394957983,9.789915966386555,0.18487394957983194
DFW-GCK,DFW,GCK,112,6.258928571428571,14.044642857142858,0.16071428571428573
DFW-GEG,DFW,GEG,124,24.29032258064516,26.137096774193548,0.3709677419354839
DFW-GGG,DFW,GGG,116,-1.5862068965517242,6.913793103448276,0.1206896551724138
DFW-GJT,DFW,GJT,119,2.9243697478991595,5.033613445378151,0.16806722689075632
DFW-GNV,DFW,GNV,59,-2.593220338983051,5.203389830508475,0.15254237288135594
DFW-GPT,DFW,GPT,157,0.5859872611464968,4.713375796178344,0.17834394904458598
DFW-GRI,DFW,GRI,116,-2.7758620689655173,3.396551724137931,0.11206896551724138
DFW-GRK,DFW,GRK,236,0.690677966101695,5.27542372881356,0.16101694915254236
DFW-GRR,DFW,GRR,154,26.155844155844157,31.11038961038961,0.34415584415584416
DFW-GSO,DFW,GSO,119,22.319327731092436,27.95798319327731,0.31092436974789917
DFW-GSP,DFW,GSP,174,21.436781609195403,24.45402298850575,0.2988505747126437
DFW-GUC,DFW,GUC,69,11.217391304347826,18.304347826086957,0.2318840579710145
DFW-HDN,DFW,HDN,104,8.192307692307692,11.98076923076923,0.27884615384615385
DFW-HNL,DFW,HNL,120,9.366666666666667,5.975,0.2916666666666667
DFW-HOU,DFW,HOU,327,-1.073394495412844,6.17125382262997,0.1345565749235474
DFW-HRL,DFW,HRL,232,-1.4310344827586208,6.301724137931035,0.13793103448275862
DFW-HSV,DFW,HSV,301,5.990033222591362,9.993355481727574,0.2059800664451827
DFW-IAD,DFW,IAD,275,13.24,14.941818181818181,0.24727272727272728
DFW-IAH,DFW,IAH,720,9.081944444444444,12.883333333333333,0.21666666666666667
DFW-ICT,DFW,ICT,388,1.5438144329896908,6.731958762886598,0.15979381443298968
DFW-IDA,DFW,IDA,60,-0.5833333333333334,-2.3666666666666667,0.16666666666666666
DFW-ILM,DFW,ILM,60,-5.566666666666666,8.65,0.11666666666666667
DFW-IND,DFW,IND,255,17.24313725490196,22.250980392156862,0.29411764705882354
DFW-JAC,DFW,JAC,114,12.394736842105264,18.57894736842105,0.30701754385964913
DFW-JAN,DFW,JAN,278,8.474820143884893,8.76978417266187,0.2158273381294964
DFW-JAX,DFW,JAX,261,13.003831417624522,16.77777777777778,0.2681992337164751
DFW-JFK,DFW,JFK,297,11.296296296296296,17.28956228956229,0.2255892255892256
DFW-LAS,DFW,LAS,960,14.951041666666667,18.604166666666668,0.2833333333333333
DFW-LAW,DFW,LAW,171,1.2339181286549707,6.8011695906432745,0.1286549707602339
DFW-LAX,DFW,LAX,1050,7.381904761904762,13.486666666666666,0.25047619047619046
DFW-LBB,DFW,LBB,377,12.676392572944296,17.09549071618037,0.1830238726790451
DFW-LCH,DFW,LCH,175,10.571428571428571,16.742857142857144,0.14857142857142858
DFW-LEX,DFW,LEX,160,8.94375,11.0,0.25625
DFW-LFT,DFW,LFT,208,6.875,11.899038461538462,0.21634615384615385
DFW-LGA,DFW,LGA,893,5.60582306830907,16.19036954087346,0.20492721164613661
DFW-LIT,DFW,LIT,422,4.936018957345971,8.170616113744076,0.1966824644549763
DFW-LRD,DFW,LRD,230,3.134782608695652,7.747826086956522,0.16521739130434782
DFW-MAF,DFW,MAF,415,0.03132530120481928,5.525301204819277,0.13493975903614458
DFW-MCI,DFW,MCI,382,13.136125654450261,15.243455497382199,0.2356020942408377
DFW-MCO,DFW,MCO,833,12.768307322929171,15.236494597839135,0.2797118847539016
DFW-MDT,DFW,MDT,60,53.35,53.61666666666667,0.36666666666666664
DFW-MDW,DFW,MDW,60,1.7333333333333334,7.366666666666666,0.13333333333333333
DFW-MEM,DFW,MEM,337,9.086053412462908,11.011869436201781,0.22255192878338279
DFW-MFE,DFW,MFE,333,13.063063063063064,15.97897897897898,0.26126126126126126
DFW-MGM,DFW,MGM,119,2.2605042016806722,10.235294117647058,0.18487394957983194
DFW-MHK,DFW,MHK,163,-0.43558282208588955,5.50920245398773,0.13496932515337423
DFW-MIA,DFW,MIA,854,10.112412177985949,14.660421545667447,0.26697892271662765
DFW-MKE,DFW,MKE,175,19.062857142857144,24.337142857142858,0.29714285714285715
DFW-MLI,DFW,MLI,112,0.6696428571428571,4.651785714285714,0.15178571428571427
DFW-MLU,DFW,MLU,175,-0.24,4.634285714285714,0.1657142857142857
DFW-MOB,DFW,MOB,157,2.7197452229299364,6.598726114649682,0.17197452229299362
DFW-MRY,DFW,MRY,61,3.2131147540983607,8.491803278688524,0.26229508196721313
DFW-MSN,DFW,MSN,159,17.92452830188679,25.32075471698113,0.32075471698113206
DFW-MSO,DFW,MSO,63,0.5873015873015873,6.111111111111111,0.15873015873015872
DFW-MSP,DFW,MSP,445,6.269662921348314,11.240449438202248,0.18651685393258427
DFW-MSY,DFW,MSY,455,15.920879120879121,16.997802197802198,0.2857142857142857
DFW-MTJ,DFW,MTJ,104,11.884615384615385,17.53846153846154,0.25961538461538464
DFW-MYR,DFW,MYR,15,-3.1333333333333333,2.4,0.13333333333333333
DFW-OGG,DFW,OGG,60,1.75,9.783333333333333,0.2
DFW-OKC,DFW,OKC,438,7.212328767123288,11.23972602739726,0.2054794520547945
DFW-OMA,DFW,OMA,232,17.051724137931036,17.870689655172413,0.31896551724137934
DFW-ONT,DFW,ONT,336,5.336309523809524,12.330357142857142,0.19047619047619047
DFW-ORD,DFW,ORD,886,6.10158013544018,12.586907449209932,0.18171557562076748
DFW-ORF,DFW,ORF,157,9.254777070063694,15.496815286624203,0.2611464968152866
DFW-PBI,DFW,PBI,215,14.525581395348837,16.63720930232558,0.32558139534883723
DFW-PDX,DFW,PDX,330,15.012121212121212,21.48181818181818,0.2606060606060606
DFW-PHL,DFW,PHL,474,5.0358649789029535,10.103375527426161,0.22362869198312235
DFW-PHX,DFW,PHX,823,10.39854191980559,14.679222357229648,0.2515188335358445
DFW-PIA,DFW,PIA,116,7.060344827586207,6.706896551724138,0.1896551724137931
DFW-PIT,DFW,PIT,233,11.407725321888412,12.236051502145923,0.2532188841201717
DFW-PNS,DFW,PNS,232,16.49137931034483,17.728448275862068,0.2629310344827586
DFW-PSP,DFW,PSP,196,9.056122448979592,13.688775510204081,0.23979591836734693
DFW-RAP,DFW,RAP,118,10.822033898305085,18.516949152542374,0.19491525423728814
DFW-RDU,DFW,RDU,330,13.545454545454545,15.651515151515152,0.2515151515151515
DFW-RIC,DFW,RIC,157,11.305732484076433,18.076433121019107,0.28662420382165604
DFW-RNO,DFW,RNO,193,13.549222797927461,15.839378238341968,0.3471502590673575
DFW-ROW,DFW,ROW,117,2.1709401709401708,6.427350427350428,0.1452991452991453
DFW-RSW,DFW,RSW,219,11.050228310502282,13.80365296803653,0.3150684931506849
DFW-SAF,DFW,SAF,178,5.915730337078652,9.213483146067416,0.16292134831460675
DFW-SAN,DFW,SAN,568,9.170774647887324,13.588028169014084,0.26936619718309857
DFW-SAT,DFW,SAT,686,15.508746355685131,19.189504373177844,0.2696793002915452
DFW-SAV,DFW,SAV,157,17.61783439490446,23.668789808917197,0.28662420382165604
DFW-SBA,DFW,SBA,59,15.135593220338983,19.76271186440678,0.3559322033898305
DFW-SBN,DFW,SBN,116,4.913793103448276,13.78448275862069,0.20689655172413793
DFW-SBP,DFW,SBP,60,3.6,10.033333333333333,0.21666666666666667
DFW-SDF,DFW,SDF,316,6.974683544303797,9.5,0.2468354430379747
DFW-SEA,DFW,SEA,600,6.515,13.283333333333333,0.24
DFW-SFO,DFW,SFO,577,17.102253032928942,20.019064124783363,0.36568457538994803
DFW-SGF,DFW,SGF,430,5.558139534883721,7.290697674418604,0.18372093023255814
DFW-SHV,DFW,SHV,284,5.795774647887324,9.165492957746478,0.18309859154929578
DFW-SJC,DFW,SJC,209,8.55023923444976,15.980861244019138,0.23923444976076555
DFW-SJT,DFW,SJT,178,4.078651685393258,5.606741573033708,0.19662921348314608
DFW-SJU,DFW,SJU,128,5.921875,12.296875,0.2578125
DFW-SLC,DFW,SLC,643,7.989113530326594,13.415241057542769,0.2317262830482115
DFW-SMF,DFW,SMF,275,15.065454545454546,20.35272727272727,0.26545454545454544
DFW-SNA,DFW,SNA,452,1.5663716814159292,7.519911504424779,0.19469026548672566
DFW-SPS,DFW,SPS,115,5.217391304347826,11.078260869565218,0.1565217391304348
DFW-SRQ,DFW,SRQ,59,13.915254237288135,17.47457627118644,0.288135593220339
DFW-STL,DFW,STL,337,17.40059347181009,19.617210682492583,0.258160237388724
DFW-STT,DFW,STT,8,12.375,13.625,0.375
DFW-SWO,DFW,SWO,115,-7.426086956521739,1.0521739130434782,0.06956521739130435
DFW-SYR,DFW,SYR,60,44.86666666666667,47.0,0.5333333333333333
DFW-TLH,DFW,TLH,179,8.76536312849162,7.111731843575419,0.2737430167597765
DFW-TPA,DFW,TPA,487,16.10677618069815,17.794661190965094,0.2936344969199179
DFW-TRI,DFW,TRI,65,-0.5846153846153846,6.523076923076923,0.16923076923076924
DFW-TUL,DFW,TUL,433,7.371824480369515,11.933025404157044,0.21939953810623555
DFW-TUS,DFW,TUS,357,8.215686274509803,12.88515406162465,0.23249299719887956
DFW-TXK,DFW,TXK,121,-3.2479338842975207,6.586776859504132,0.10743801652892562
DFW-TYR,DFW,TYR,172,2.308139534883721,5.738372093023256,0.1511627906976744
DFW-TYS,DFW,TYS,176,14.318181818181818,15.227272727272727,0.29545454545454547
DFW-VPS,DFW,VPS,172,13.406976744186046,18.53488372093023,0.27906976744186046
DFW-XNA,DFW,XNA,484,10.37603305785124,13.169421487603305,0.22107438016528927
DFW-YUM,DFW,YUM,60,17.533333333333335,19.233333333333334,0.25
DHN-ATL,DHN,ATL,120,9.291666666666666,15.841666666666667,0.18333333333333332
DIK-DEN,DIK,DEN,97,-6.835051546391752,10.24742268041237,0.13402061855670103
DLH-MSP,DLH,MSP,165,14.406060606060606,22.98787878787879,0.18787878787878787
DLH-ORD,DLH,ORD,116,10.594827586206897,20.629310344827587,0.20689655172413793
DRO-DEN,DRO,DEN,237,19.11814345991561,23.270042194092827,0.23628691983122363
DRO-DFW,DRO,DFW,126,16.904761904761905,17.365079365079364,0.31746031746031744
DRO-PHX,DRO,PHX,159,-1.421383647798742,-2.981132075471698,0.14465408805031446
DSM-ATL,DSM,ATL,177,15.36723163841808,21.47457627118644,0.1864406779661017
DSM-AUS,DSM,AUS,16,-4.1875,5.4375,0.25
DSM-AZA,DSM,AZA,26,1.7692307692307692,17.192307692307693,0.3076923076923077
DSM-BNA,DSM,BNA,31,60.83870967741935,60.193548387096776,0.3548387096774194
DSM-CLT,DSM,CLT,117,35.58974358974359,37.23931623931624,0.3418803418803419
DSM-DCA,DSM,DCA,111,26.27027027027027,22.01801801801802,0.2882882882882883
DSM-DEN,DSM,DEN,344,8.997093023255815,15.32267441860465,0.20930232558139536
DSM-DFW,DSM,DFW,173,39.08670520231214,41.94219653179191,0.36416184971098264
DSM-DTW,DSM,DTW,117,8.128205128205128,19.435897435897434,0.19658119658119658
DSM-EWR,DSM,EWR,2,0.0,7.5,0.5
DSM-FLL,DSM,FLL,16,60.9375,47.3125,0.5
DSM-HOU,DSM,HOU,16,19.6875,23.0,0.5
DSM-IAH,DSM,IAH,37,16.594594594594593,27.405405405405407,0.21621621621621623
DSM-LAS,DSM,LAS,88,18.125,27.556818181818183,0.29545454545454547
DSM-LGA,DSM,LGA,153,13.215686274509803,20.751633986928105,0.2222222222222222
DSM-MCO,DSM,MCO,40,0.1,5.75,0.175
DSM-MIA,DSM,MIA,54,2.5925925925925926,2.0555555555555554,0.16666666666666666
DSM-MSP,DSM,MSP,162,4.216049382716049,11.41358024691358,0.1419753086419753
DSM-ORD,DSM,ORD,278,6.410071942446043,10.780575539568344,0.19784172661870503
DSM-PGD,DSM,PGD,31,32.67741935483871,37.03225806451613,0.3225806451612903
DSM-PHX,DSM,PHX,149,34.45637583892618,41.66442953020134,0.2348993288590604
DSM-PIE,DSM,PIE,19,74.89473684210526,74.57894736842105,0.42105263157894735
DSM-SAN,DSM,SAN,2,-10.5,12.5,0.0
DSM-SFB,DSM,SFB,22,23.454545454545453,28.545454545454547,0.4090909090909091
DSM-SNA,DSM,SNA,16,-1.1875,9.25,0.1875
DSM-SRQ,DSM,SRQ,19,40.10526315789474,45.73684210526316,0.3684210526315789
DSM-STL,DSM,STL,106,10.38679245283019,15.320754716981131,0.19811320754716982
DTW-ALB,DTW,ALB,171,12.391812865497077,11.976608187134502,0.25146198830409355
DTW-APN,DTW,APN,88,17.170454545454547,18.238636363636363,0.23863636363636365
DTW-ATL,DTW,ATL,773,2.3441138421733507,12.791720569210867,0.17981888745148772
DTW-ATW,DTW,ATW,119,20.69747899159664,31.386554621848738,0.23529411764705882
DTW-AUS,DTW,AUS,147,-3.7823129251700682,6.061224489795919,0.1564625850340136
DTW-AZO,DTW,AZO,152,4.828947368421052,12.782894736842104,0.18421052631578946
DTW-BDL,DTW,BDL,165,2.684848484848485,6.490909090909091,0.18181818181818182
DTW-BGM,DTW,BGM,49,12.693877551020408,20.53061224489796,0.1836734693877551
DTW-BHM,DTW,BHM,47,-3.617021276595745,6.148936170212766,0.19148936170212766
DTW-BNA,DTW,BNA,304,-1.5888157894736843,7.2269736842105265,0.14144736842105263
DTW-BOS,DTW,BOS,394,8.631979695431472,12.48730964467005,0.233502538071066
DTW-BUF,DTW,BUF,171,9.461988304093568,12.140350877192983,0.21637426900584794
DTW-BWI,DTW,BWI,289,2.7889273356401385,8.972318339100346,0.20761245674740483
DTW-CHA,DTW,CHA,40,-6.05,1.825,0.15
DTW-CHS,DTW,CHS,7,-5.285714285714286,-3.0,0.2857142857142857
DTW-CIU,DTW,CIU,55,19.70909090909091,32.89090909090909,0.16363636363636364
DTW-CLE,DTW,CLE,177,12.062146892655367,15.135593220338983,0.24858757062146894
DTW-CLT,DTW,CLT,459,-3.6427015250544663,7.082788671023965,0.13071895424836602
DTW-CMH,DTW,CMH,178,11.106741573033707,13.797752808988765,0.23595505617977527
DTW-CVG,DTW,CVG,178,10.382022471910112,15.359550561797754,0.2247191011235955
DTW-DAB,DTW,DAB,2,-8.0,3.0,0.0
DTW-DCA,DTW,DCA,428,6.964953271028038,9.852803738317757,0.20093457943925233
DTW-DEN,DTW,DEN,448,-2.7901785714285716,9.738839285714286,0.17633928571428573
DTW-DFW,DTW,DFW,491,5.930753564154786,11.930753564154786,0.24032586558044808
DTW-DSM,DTW,DSM,117,12.658119658119658,18.54700854700855,0.2564102564102564
DTW-ELM,DTW,ELM,111,40.189189189189186,45.234234234234236,0.26126126126126126
DTW-ESC,DTW,ESC,41,-3.2195121951219514,11.024390243902438,0.14634146341463414
DTW-EWR,DTW,EWR,483,0.43685300207039335,9.985507246376812,0.15113871635610765
DTW-FLL,DTW,FLL,429,6.361305361305361,13.132867132867133,0.25874125874125875
DTW-GRB,DTW,GRB,146,20.123287671232877,26.80821917808219,0.2671232876712329
DTW-GRR,DTW,GRR,210,11.338095238095239,17.347619047619048,0.26666666666666666
DTW-GSO,DTW,GSO,41,-18.70731707317073,0.0975609756097561,0.0975609756097561
DTW-GSP,DTW,GSP,40,18.375,22.275,0.225
DTW-HNL,DTW,HNL,60,18.033333333333335,17.083333333333332,0.38333333333333336
DTW-HOU,DTW,HOU,2,38.0,-8.5,1.0
DTW-HPN,DTW,HPN,200,16.095,22.235,0.225
DTW-HSV,DTW,HSV,40,-3.8,3.725,0.2
DTW-IAD,DTW,IAD,216,-1.0694444444444444,4.805555555555555,0.17592592592592593
DTW-IAH,DTW,IAH,308,-3.857142857142857,8.042207792207792,0.17857142857142858
DTW-IMT,DTW,IMT,68,19.220588235294116,26.720588235294116,0.27941176470588236
DTW-IND,DTW,IND,177,20.649717514124294,22.36723163841808,0.2937853107344633
DTW-JAX,DTW,JAX,36,4.388888888888889,6.5,0.2777777777777778
DTW-JFK,DTW,JFK,295,7.610169491525424,12.745762711864407,0.2
DTW-LAN,DTW,LAN,154,24.538961038961038,29.266233766233768,0.2987012987012987
DTW-LAS,DTW,LAS,374,7.066844919786096,20.842245989304814,0.20855614973262032
DTW-LAX,DTW,LAX,354,-5.101694915254237,13.714689265536723,0.17231638418079095
DTW-LEX,DTW,LEX,100,27.84,33.18,0.26
DTW-LGA,DTW,LGA,639,1.1251956181533647,9.19092331768388,0.15336463223787167
DTW-MBS,DTW,MBS,155,27.580645161290324,31.251612903225805,0.25806451612903225
DTW-MCI,DTW,MCI,166,-6.271084337349397,4.921686746987952,0.13253012048192772
DTW-MCO,DTW,MCO,714,10.602240896358543,19.54901960784314,0.24089635854341737
DTW-MDT,DTW,MDT,58,10.206896551724139,18.155172413793103,0.1896551724137931
DTW-MDW,DTW,MDW,319,7.777429467084639,14.852664576802507,0.21316614420062696
DTW-MEM,DTW,MEM,104,15.326923076923077,22.25,0.23076923076923078
DTW-MIA,DTW,MIA,344,8.854651162790697,13.398255813953488,0.25
DTW-MKE,DTW,MKE,177,12.734463276836157,16.531073446327685,0.2711864406779661
DTW-MQT,DTW,MQT,57,-9.140350877192983,6.701754385964913,0.15789473684210525
DTW-MSN,DTW,MSN,164,2.676829268292683,9.884146341463415,0.1951219512195122
DTW-MSP,DTW,MSP,337,-5.72700296735905,8.207715133531158,0.12462908011869436
DTW-MSY,DTW,MSY,134,-0.7910447761194029,7.276119402985074,0.1865671641791045
DTW-MYR,DTW,MYR,59,-1.8983050847457628,0.4576271186440678,0.11864406779661017
DTW-OMA,DTW,OMA,156,8.121794871794872,18.634615384615383,0.20512820512820512
DTW-ORD,DTW,ORD,700,8.724285714285715,16.75,0.2
DTW-ORF,DTW,ORF,94,3.3404255319148937,3.606382978723404,0.18085106382978725
DTW-PBI,DTW,PBI,96,15.760416666666666,14.322916666666666,0.3020833333333333
DTW-PDX,DTW,PDX,4,-22.5,-3.0,0.0
DTW-PHL,DTW,PHL,416,11.641826923076923,14.622596153846153,0.1971153846153846
DTW-PHX,DTW,PHX,322,16.30745341614907,29.512422360248447,0.2329192546583851
DTW-PIT,DTW,PIT,177,-0.7175141242937854,7.372881355932203,0.1638418079096045
DTW-PLN,DTW,PLN,90,5.088888888888889,17.944444444444443,0.2111111111111111
DTW-PVD,DTW,PVD,116,23.586206896551722,29.060344827586206,0.1724137931034483
DTW-PWM,DTW,PWM,58,1.8793103448275863,3.793103448275862,0.1896551724137931
DTW-RDU,DTW,RDU,197,4.3604060913705585,9.157360406091371,0.17766497461928935
DTW-RIC,DTW,RIC,147,10.945578231292517,12.503401360544217,0.25170068027210885
DTW-ROC,DTW,ROC,174,13.24712643678161,14.155172413793103,0.27586206896551724
DTW-RSW,DTW,RSW,442,6.328054298642534,9.328054298642535,0.2669683257918552
DTW-SAN,DTW,SAN,122,-1.0245901639344261,11.639344262295081,0.1557377049180328
DTW-SAT,DTW,SAT,118,-2.805084745762712,2.2288135593220337,0.19491525423728814
DTW-SBN,DTW,SBN,58,13.706896551724139,23.689655172413794,0.22413793103448276
DTW-SDF,DTW,SDF,139,13.920863309352518,19.913669064748202,0.18705035971223022
DTW-SEA,DTW,SEA,244,-8.651639344262295,11.651639344262295,0.13934426229508196
DTW-SFO,DTW,SFO,179,-0.2737430167597765,14.653631284916202,0.18435754189944134
DTW-SJU,DTW,SJU,67,-0.9701492537313433,5.373134328358209,0.208955223880597
DTW-SLC,DTW,SLC,228,-3.3728070175438596,12.907894736842104,0.15350877192982457
DTW-SNA,DTW,SNA,40,-8.0,6.45,0.2
DTW-SRQ,DTW,SRQ,52,10.26923076923077,17.25,0.21153846153846154
DTW-STL,DTW,STL,230,-4.030434782608696,3.8086956521739133,0.1565217391304348
DTW-SYR,DTW,SYR,170,8.041176470588235,8.788235294117648,0.2411764705882353
DTW-TPA,DTW,TPA,412,6.800970873786408,14.37135922330097,0.22572815533980584
DTW-TVC,DTW,TVC,162,21.425925925925927,28.049382716049383,0.24691358024691357
DTW-TYS,DTW,TYS,59,-0.2033898305084746,9.271186440677965,0.15254237288135594
DVL-DEN,DVL,DEN,53,28.528301886792452,35.132075471698116,0.1320754716981132
DVL-JMS,DVL,JMS,42,22.261904761904763,38.523809523809526,0.11904761904761904
ECP-ATL,ECP,ATL,319,-2.310344827586207,4.730407523510972,0.10031347962382445
ECP-BNA,ECP,BNA,122,-2.9836065573770494,1.6639344262295082,0.09016393442622951
ECP-CLT,ECP,CLT,149,2.771812080536913,5.758389261744966,0.16778523489932887
ECP-DAL,ECP,DAL,59,-1.6440677966101696,1.0338983050847457,0.13559322033898305
ECP-DCA,ECP,DCA,15,32.0,20.133333333333333,0.4666666666666667
ECP-DEN,ECP,DEN,2,-18.5,-2.5,0.0
ECP-DFW,ECP,DFW,120,14.933333333333334,16.958333333333332,0.175
ECP-HOU,ECP,HOU,60,5.583333333333333,6.6,0.18333333333333332
ECP-ORD,ECP,ORD,4,2.25,6.5,0.25
EGE-ATL,EGE,ATL,100,-1.4,8.21,0.16
EGE-AUS,EGE,AUS,12,73.08333333333333,70.16666666666667,0.8333333333333334
EGE-DEN,EGE,DEN,237,12.869198312236287,17.772151898734176,0.189873417721519
EGE-DFW,EGE,DFW,238,22.07563025210084,24.634453781512605,0.28991596638655465
EGE-EWR,EGE,EWR,59,2.440677966101695,19.25423728813559,0.2711864406779661
EGE-IAH,EGE,IAH,68,2.764705882352941,12.867647058823529,0.14705882352941177
EGE-JFK,EGE,JFK,59,52.355932203389834,52.644067796610166,0.3559322033898305
EGE-LAX,EGE,LAX,137,17.934306569343065,23.744525547445257,0.26277372262773724
EGE-MIA,EGE,MIA,67,47.64179104477612,40.74626865671642,0.5970149253731343
EGE-ORD,EGE,ORD,153,43.150326797385624,42.627450980392155,0.32679738562091504
EGE-PHX,EGE,PHX,32,2.0,9.53125,0.1875
EGE-SFO,EGE,SFO,59,3.3389830508474576,24.35593220338983,0.2711864406779661
EKO-SLC,EKO,SLC,59,-4.576271186440678,1.3728813559322033,0.06779661016949153
ELM-DTW,ELM,DTW,112,42.5625,53.830357142857146,0.2857142857142857
ELM-PGD,ELM,PGD,5,-15.6,-4.2,0.2
ELM-PIE,ELM,PIE,18,-24.444444444444443,-3.9444444444444446,0.1111111111111111
ELM-SFB,ELM,SFB,28,-1.4285714285714286,9.714285714285714,0.21428571428571427
ELP-ATL,ELP,ATL,106,8.981132075471699,17.858490566037737,0.1792452830188679
ELP-AUS,ELP,AUS,189,3.857142857142857,6.772486772486772,0.14285714285714285
ELP-DAL,ELP,DAL,261,-3.363984674329502,3.1340996168582373,0.10344827586206896
ELP-DEN,ELP,DEN,210,0.6476190476190476,5.123809523809523,0.16666666666666666
ELP-DFW,ELP,DFW,429,9.762237762237762,12.011655011655012,0.21678321678321677
ELP-HOU,ELP,HOU,156,-2.9871794871794872,4.615384615384615,0.07692307692307693
ELP-IAH,ELP,IAH,51,2.784313725490196,14.588235294117647,0.0784313725490196
ELP-LAS,ELP,LAS,183,6.448087431693989,10.327868852459016,0.15846994535519127
ELP-LAX,ELP,LAX,169,15.177514792899409,16.93491124260355,0.1893491124260355
ELP-LGB,ELP,LGB,51,-0.4117647058823529,1.4313725490196079,0.11764705882352941
ELP-MCO,ELP,MCO,8,-10.75,-0.625,0.0
ELP-ORD,ELP,ORD,58,-6.603448275862069,5.724137931034483,0.1206896551724138
ELP-PHX,ELP,PHX,397,2.2544080604534007,3.496221662468514,0.1385390428211587
ELP-SAN,ELP,SAN,36,10.75,17.25,0.2222222222222222
ELP-SAT,ELP,SAT,114,-2.8421052631578947,3.8684210526315788,0.09649122807017543
ESC-DTW,ESC,DTW,41,-4.634146341463414,11.634146341463415,0.12195121951219512
ESC-MSP,ESC,MSP,58,-18.982758620689655,-3.206896551724138,0.10344827586206896
EUG-AZA,EUG,AZA,17,-6.0588235294117645,0.47058823529411764,0.058823529411764705
EUG-BUR,EUG,BUR,12,-0.08333333333333333,2.5,0.08333333333333333
EUG-DEN,EUG,DEN,164,17.548780487804876,25.01219512195122,0.17682926829268292
EUG-DFW,EUG,DFW,56,22.0,22.535714285714285,0.23214285714285715
EUG-LAS,EUG,LAS,72,17.77777777777778,21.944444444444443,0.3055555555555556
EUG-LAX,EUG,LAX,9,0.7777777777777778,14.0,0.2222222222222222
EUG-OAK,EUG,OAK,108,0.8796296296296297,7.444444444444445,0.14814814814814814
EUG-PHX,EUG,PHX,101,14.188118811881187,16.138613861386137,0.10891089108910891
EUG-SAN,EUG,SAN,7,33.285714285714285,41.285714285714285,0.42857142857142855
EUG-SEA,EUG,SEA,203,5.896551724137931,17.320197044334975,0.17733990147783252
EUG-SFO,EUG,SFO,110,25.5,28.0,0.4
EUG-SJC,EUG,SJC,48,-8.125,0.8958333333333334,0.041666666666666664
EUG-SLC,EUG,SLC,111,8.774774774774775,18.972972972972972,0.10810810810810811
EUG-SNA,EUG,SNA,17,0.23529411764705882,5.823529411764706,0.17647058823529413
EVV-ATL,EVV,ATL,158,0.7911392405063291,8.689873417721518,0.14556962025316456
EVV-DFW,EVV,DFW,118,7.1525423728813555,9.516949152542374,0.2796610169491525
EVV-SFB,EVV,SFB,17,14.176470588235293,19.470588235294116,0.5294117647058824
EWR-ALB,EWR,ALB,19,-19.36842105263158,-3.6842105263157894,0.05263157894736842
EWR-ATL,EWR,ATL,889,0.052868391451068614,10.426321709786277,0.16535433070866143
EWR-AUS,EWR,AUS,257,-0.4085603112840467,6.556420233463035,0.19844357976653695
EWR-AVL,EWR,AVL,74,-15.14864864864865,-0.21621621621621623,0.08108108108108109
EWR-BGR,EWR,BGR,57,-5.578947368421052,-3.2982456140350878,0.08771929824561403
EWR-BNA,EWR,BNA,252,-7.861111111111111,5.198412698412699,0.14285714285714285
EWR-BOS,EWR,BOS,569,-0.6239015817223199,7.235500878734622,0.14235500878734622
EWR-BQN,EWR,BQN,60,-3.6333333333333333,4.816666666666666,0.21666666666666667
EWR-BTV,EWR,BTV,85,-1.4588235294117646,10.494117647058824,0.15294117647058825
EWR-BUF,EWR,BUF,70,-4.285714285714286,3.8714285714285714,0.07142857142857142
EWR-BZN,EWR,BZN,59,-10.220338983050848,3.9491525423728815,0.06779661016949153
EWR-CHS,EWR,CHS,233,-5.944206008583691,2.708154506437768,0.13304721030042918
EWR-CLE,EWR,CLE,303,-3.4257425742574257,4.617161716171617,0.13861386138613863
EWR-CLT,EWR,CLT,560,-0.7196428571428571,11.971428571428572,0.16964285714285715
EWR-CMH,EWR,CMH,286,-19.454545454545453,-1.9475524475524475,0.05944055944055944
EWR-CVG,EWR,CVG,323,-5.557275541795666,7.003095975232198,0.11455108359133127
EWR-DCA,EWR,DCA,37,-0.40540540540540543,5.054054054054054,0.21621621621621623
EWR-DEN,EWR,DEN,369,-7.56639566395664,10.24119241192412,0.14092140921409213
EWR-DFW,EWR,DFW,523,-0.1089866156787763,10.405353728489484,0.17590822179732313
EWR-DSM,EWR,DSM,2,19.5,8.0,0.5
EWR-DTW,EWR,DTW,480,-0.3020833333333333,9.820833333333333,0.15416666666666667
EWR-EGE,EWR,EGE,59,-2.0338983050847457,11.508474576271187,0.22033898305084745
EWR-EYW,EWR,EYW,118,4.3559322033898304,2.864406779661017,0.2288135593220339
EWR-FLL,EWR,FLL,953,1.3336831059811123,10.777544596012591,0.2025183630640084
EWR-GRR,EWR,GRR,108,-12.88888888888889,1.6111111111111112,0.10185185185185185
EWR-GSO,EWR,GSO,150,-17.54,-0.18,0.08
EWR-GSP,EWR,GSP,162,-14.45679012345679,-0.35802469135802467,0.07407407407407407
EWR-HDN,EWR,HDN,42,-16.952380952380953,3.0476190476190474,0.11904761904761904
EWR-HNL,EWR,HNL,60,20.266666666666666,33.916666666666664,0.26666666666666666
EWR-IAD,EWR,IAD,188,2.5851063829787235,10.72872340425532,0.17553191489361702
EWR-IAH,EWR,IAH,507,-3.1222879684418148,8.67061143984221,0.20315581854043394
EWR-IND,EWR,IND,324,-14.734567901234568,0.49691358024691357,0.08641975308641975
EWR-JAC,EWR,JAC,60,5.933333333333334,18.583333333333332,0.21666666666666667
EWR-JAX,EWR,JAX,235,1.6,6.965957446808511,0.15319148936170213
EWR-LAS,EWR,LAS,446,-4.571748878923767,12.605381165919283,0.1547085201793722
EWR-LAX,EWR,LAX,817,-1.8164014687882497,11.246022031823745,0.18849449204406366
EWR-MCO,EWR,MCO,1143,3.0673665791776026,11.05686789151356,0.21434820647419073
EWR-MDT,EWR,MDT,77,-13.597402597402597,-1.6623376623376624,0.06493506493506493
EWR-MHT,EWR,MHT,13,-19.384615384615383,-8.384615384615385,0.0
EWR-MIA,EWR,MIA,789,6.52724968314322,11.877059569074778,0.2522179974651457
EWR-MKE,EWR,MKE,106,-23.556603773584907,-2.443396226415094,0.018867924528301886
EWR-MSN,EWR,MSN,51,-17.647058823529413,-2.627450980392157,0.0784313725490196
EWR-MSP,EWR,MSP,326,-3.3190184049079754,12.242331288343559,0.1165644171779141
EWR-MSY,EWR,MSY,192,-5.109375,4.78125,0.15625
EWR-MTJ,EWR,MTJ,48,-7.583333333333333,8.25,0.125
EWR-MYR,EWR,MYR,166,-8.831325301204819,0.5843373493975904,0.1144578313253012
EWR-OAK,EWR,OAK,34,9.676470588235293,19.205882352941178,0.23529411764705882
EWR-OGG,EWR,OGG,1,-9.0,-2.0,0.0
EWR-ORD,EWR,ORD,795,0.559748427672956,12.569811320754717,0.19371069182389938
EWR-ORF,EWR,ORF,113,-3.831858407079646,5.336283185840708,0.08849557522123894
EWR-PBI,EWR,PBI,591,2.44839255499154,8.87140439932318,0.2098138747884941
EWR-PDX,EWR,PDX,78,-7.435897435897436,11.256410256410257,0.15384615384615385
EWR-PHL,EWR,PHL,32,-16.90625,2.9375,0.0625
EWR-PHX,EWR,PHX,476,-6.485294117647059,11.829831932773109,0.14915966386554622
EWR-PIT,EWR,PIT,367,-13.66757493188011,-1.3896457765667576,0.07901907356948229
EWR-PWM,EWR,PWM,62,3.7419354838709675,8.903225806451612,0.1774193548387097
EWR-RDU,EWR,RDU,385,-1.2805194805194806,7.758441558441558,0.16883116883116883
EWR-ROC,EWR,ROC,75,-1.4133333333333333,8.013333333333334,0.10666666666666667
EWR-RSW,EWR,RSW,376,-1.6037234042553192,6.125,0.18085106382978725
EWR-SAN,EWR,SAN,199,-9.180904522613066,8.035175879396984,0.1507537688442211
EWR-SAT,EWR,SAT,118,-8.542372881355933,0.5,0.09322033898305085
EWR-SAV,EWR,SAV,163,-7.9815950920245395,1.0920245398773005,0.12269938650306748
EWR-SDF,EWR,SDF,168,-22.63095238095238,-4.184523809523809,0.07738095238095238
EWR-SEA,EWR,SEA,227,-17.94273127753304,8.466960352422907,0.11894273127753303
EWR-SFO,EWR,SFO,540,4.037037037037037,17.772222222222222,0.23148148148148148
EWR-SJU,EWR,SJU,372,10.483870967741936,16.49462365591398,0.26344086021505375
EWR-SLC,EWR,SLC,240,0.49166666666666664,17.933333333333334,0.17916666666666667
EWR-SMF,EWR,SMF,8,-17.625,8.125,0.125
EWR-SNA,EWR,SNA,178,-19.43820224719101,-1.101123595505618,0.056179775280898875
EWR-SRQ,EWR,SRQ,172,-4.691860465116279,3.063953488372093,0.14534883720930233
EWR-STL,EWR,STL,163,-16.226993865030675,1.1042944785276074,0.09202453987730061
EWR-STT,EWR,STT,60,-13.2,-1.5166666666666666,0.11666666666666667
EWR-SYR,EWR,SYR,121,-9.909090909090908,-0.5537190082644629,0.09090909090909091
EWR-TPA,EWR,TPA,452,-4.504424778761062,5.263274336283186,0.16592920353982302
EWR-TYS,EWR,TYS,19,-2.6315789473684212,12.31578947368421,0.10526315789473684
EWR-VPS,EWR,VPS,7,-24.142857142857142,4.428571428571429,0.14285714285714285
EYW-ATL,EYW,ATL,245,18.726530612244897,23.322448979591837,0.19591836734693877
EYW-AVL,EYW,AVL,17,16.11764705882353,20.647058823529413,0.17647058823529413
EYW-BOS,EYW,BOS,61,36.01639344262295,46.459016393442624,0.32786885245901637
EYW-CLT,EYW,CLT,287,21.041811846689896,24.0,0.2961672473867596
EYW-CVG,EYW,CVG,14,-4.5,-1.0714285714285714,0.14285714285714285
EYW-DCA,EYW,DCA,119,9.327731092436975,9.218487394957982,0.24369747899159663
EYW-DFW,EYW,DFW,117,54.0,52.333333333333336,0.6068376068376068
EYW-EWR,EYW,EWR,116,-3.8275862068965516,5.025862068965517,0.15517241379310345
EYW-IAD,EYW,IAD,59,3.830508474576271,7.9491525423728815,0.2033898305084746
EYW-IAH,EYW,IAH,59,2.1864406779661016,3.6271186440677967,0.1694915254237288
EYW-IND,EYW,IND,16,-3.9375,-5.25,0.0625
EYW-LGA,EYW,LGA,117,4.384615384615385,6.410256410256411,0.1623931623931624
EYW-MIA,EYW,MIA,176,10.255681818181818,10.289772727272727,0.26704545454545453
EYW-ORD,EYW,ORD,115,17.295652173913044,15.88695652173913,0.3391304347826087
EYW-PHL,EYW,PHL,58,30.06896551724138,35.327586206896555,0.43103448275862066
EYW-PIE,EYW,PIE,18,85.66666666666667,89.94444444444444,0.3333333333333333
EYW-PIT,EYW,PIT,17,4.705882352941177,8.588235294117647,0.29411764705882354
EYW-SFB,EYW,SFB,15,66.0,73.6,0.2
FAI-ANC,FAI,ANC,73,-2.904109589041096,-2.4246575342465753,0.1232876712328767
FAI-SEA,FAI,SEA,295,3.311864406779661,7.437288135593221,0.22033898305084745
FAR-AZA,FAR,AZA,55,-12.454545454545455,0.6727272727272727,0.07272727272727272
FAR-BNA,FAR,BNA,19,-2.1052631578947367,6.631578947368421,0.10526315789473684
FAR-DEN,FAR,DEN,209,18.626794258373206,27.210526315789473,0.2631578947368421
FAR-DFW,FAR,DFW,117,11.452991452991453,25.478632478632477,0.17094017094017094
FAR-LAS,FAR,LAS,17,0.7058823529411765,12.705882352941176,0.17647058823529413
FAR-MCO,FAR,MCO,14,-29.642857142857142,-3.357142857142857,0.0
FAR-MSP,FAR,MSP,269,-4.275092936802974,6.4535315985130115,0.11524163568773234
FAR-ORD,FAR,ORD,227,18.629955947136565,26.484581497797357,0.2026431718061674
FAR-PHX,FAR,PHX,58,23.724137931034484,32.12068965517241,0.10344827586206896
FAR-PIE,FAR,PIE,17,3.235294117647059,10.352941176470589,0.23529411764705882
FAR-SFB,FAR,SFB,17,4.352941176470588,6.117647058823529,0.17647058823529413
FAT-DEN,FAT,DEN,221,3.072398190045249,12.515837104072398,0.16289592760180996
FAT-DFW,FAT,DFW,213,5.15962441314554,10.27699530516432,0.1643192488262911
FAT-LAS,FAT,LAS,257,10.53307392996109,11.844357976653697,0.26459143968871596
FAT-LAX,FAT,LAX,112,-1.7142857142857142,5.910714285714286,0.11607142857142858
FAT-MRY,FAT,MRY,1,0.0,310.0,0.0
FAT-ORD,FAT,ORD,8,2.5,7.25,0.25
FAT-PDX,FAT,PDX,43,3.9767441860465116,3.6744186046511627,0.23255813953488372
FAT-PHX,FAT,PHX,271,5.763837638376383,6.955719557195572,0.1881918819188192
FAT-SAN,FAT,SAN,139,-0.6402877697841727,-0.04316546762589928,0.10071942446043165
FAT-SEA,FAT,SEA,96,5.989583333333333,12.65625,0.13541666666666666
FAT-SFO,FAT,SFO,170,0.0058823529411764705,10.294117647058824,0.23529411764705882
FAT-SLC,FAT,SLC,165,-3.7636363636363637,4.83030303030303,0.10303030303030303
FAY-ATL,FAY,ATL,120,-1.9916666666666667,8.025,0.125
FAY-CLT,FAY,CLT,42,-2.5714285714285716,5.214285714285714,0.09523809523809523
FAY-DFW,FAY,DFW,59,-4.728813559322034,4.677966101694915,0.11864406779661017
FCA-AZA,FCA,AZA,16,-0.6875,4.0,0.25
FCA-DEN,FCA,DEN,154,24.038961038961038,26.253246753246753,0.2987012987012987
FCA-LAS,FCA,LAS,17,49.294117647058826,41.64705882352941,0.5294117647058824
FCA-MSP,FCA,MSP,60,18.85,15.466666666666667,0.31666666666666665
FCA-ORD,FCA,ORD,21,31.571428571428573,27.61904761904762,0.38095238095238093
FCA-SEA,FCA,SEA,6,-1.0,0.6666666666666666,0.0
FCA-SFO,FCA,SFO,14,18.357142857142858,13.428571428571429,0.5
FCA-SLC,FCA,SLC,164,4.634146341463414,7.884146341463414,0.18902439024390244
FLG-DFW,FLG,DFW,60,28.583333333333332,31.2,0.3333333333333333
FLG-PHX,FLG,PHX,174,14.522988505747126,16.264367816091955,0.16091954022988506
FLL-ABE,FLL,ABE,20,20.05,21.0,0.3
FLL-ACY,FLL,ACY,107,4.757009345794392,13.102803738317757,0.2616822429906542
FLL-ALB,FLL,ALB,62,20.870967741935484,27.806451612903224,0.41935483870967744
FLL-ATL,FLL,ATL,1409,11.823278921220725,16.2902767920511,0.27253371185237757
FLL-ATW,FLL,ATW,17,20.058823529411764,20.88235294117647,0.4117647058823529
FLL-AUS,FLL,AUS,246,18.979674796747968,12.922764227642276,0.4024390243902439
FLL-AVL,FLL,AVL,93,22.731182795698924,25.193548387096776,0.23655913978494625
FLL-BDL,FLL,BDL,148,12.58108108108108,20.364864864864863,0.25675675675675674
FLL-BGR,FLL,BGR,5,43.6,22.6,0.6
FLL-BLV,FLL,BLV,4,120.25,108.25,0.75
FLL-BNA,FLL,BNA,374,9.096256684491978,14.970588235294118,0.25133689839572193
FLL-BOS,FLL,BOS,563,16.371225577264653,23.937833037300177,0.325044404973357
FLL-BQN,FLL,BQN,59,-2.3389830508474576,7.762711864406779,0.1016949152542373
FLL-BUF,FLL,BUF,82,10.341463414634147,14.317073170731707,0.25609756097560976
FLL-BWI,FLL,BWI,651,13.407066052227343,18.688172043010752,0.30261136712749614
FLL-CAK,FLL,CAK,17,18.294117647058822,22.647058823529413,0.29411764705882354
FLL-CHS,FLL,CHS,105,18.485714285714284,23.36190476190476,0.34285714285714286
FLL-CID,FLL,CID,16,-8.0,6.5625,0.125
FLL-CLE,FLL,CLE,223,9.058295964125561,14.152466367713005,0.2825112107623318
FLL-CLT,FLL,CLT,647,10.1854714064915,14.520865533230294,0.2534775888717156
FLL-CMH,FLL,CMH,190,14.615789473684211,14.821052631578947,0.3368421052631579
FLL-CVG,FLL,CVG,105,12.028571428571428,13.19047619047619,0.2857142857142857
FLL-DAL,FLL,DAL,143,21.272727272727273,19.825174825174827,0.4125874125874126
FLL-DCA,FLL,DCA,485,8.89278350515464,16.843298969072166,0.24536082474226803
FLL-DEN,FLL,DEN,275,9.930909090909092,13.967272727272727,0.2290909090909091
FLL-DFW,FLL,DFW,498,18.566265060240966,18.086345381526105,0.3333333333333333
FLL-DSM,FLL,DSM,16,72.75,70.75,0.4375
FLL-DTW,FLL,DTW,430,7.909302325581395,11.9,0.22093023255813954
FLL-EWR,FLL,EWR,960,5.014583333333333,16.853125,0.21354166666666666
FLL-FNT,FLL,FNT,5,21.2,14.0,0.2
FLL-FSD,FLL,FSD,18,12.277777777777779,11.61111111111111,0.4444444444444444
FLL-GRR,FLL,GRR,19,6.2631578947368425,10.68421052631579,0.21052631578947367
FLL-GSP,FLL,GSP,17,-2.8823529411764706,-0.35294117647058826,0.11764705882352941
FLL-HDN,FLL,HDN,12,11.083333333333334,13.833333333333334,0.25
FLL-HOU,FLL,HOU,180,16.966666666666665,16.877777777777776,0.38333333333333336
FLL-HPN,FLL,HPN,178,9.98314606741573,17.0,0.2808988764044944
FLL-IAD,FLL,IAD,159,-2.2830188679245285,3.339622641509434,0.1509433962264151
FLL-IAH,FLL,IAH,452,15.323008849557523,16.701327433628318,0.2853982300884956
FLL-IND,FLL,IND,205,17.941463414634146,20.692682926829267,0.35609756097560974
FLL-ISP,FLL,ISP,53,7.0754716981132075,9.09433962264151,0.2641509433962264
FLL-JAX,FLL,JAX,85,14.376470588235295,20.235294117647058,0.3176470588235294
FLL-JFK,FLL,JFK,612,13.854575163398692,24.669934640522875,0.26143790849673204
FLL-LAS,FLL,LAS,123,20.59349593495935,20.869918699186993,0.43089430894308944
FLL-LAX,FLL,LAX,391,10.030690537084398,14.245524296675192,0.33248081841432225
FLL-LCK,FLL,LCK,17,1.1176470588235294,-0.8823529411764706,0.23529411764705882
FLL-LEX,FLL,LEX,20,16.95,15.9,0.4
FLL-LGA,FLL,LGA,877,11.467502850627138,19.787913340935006,0.28278221208665905
FLL-MCI,FLL,MCI,74,18.2972972972973,19.986486486486488,0.4594594594594595
FLL-MCO,FLL,MCO,235,19.119148936170212,25.323404255319147,0.3659574468085106
FLL-MDT,FLL,MDT,6,91.83333333333333,88.0,0.8333333333333334
FLL-MDW,FLL,MDW,197,12.071065989847716,15.715736040609137,0.28426395939086296
FLL-MEM,FLL,MEM,20,8.5,8.0,0.3
FLL-MKE,FLL,MKE,26,24.846153846153847,26.653846153846153,0.46153846153846156
FLL-MSP,FLL,MSP,166,10.740963855421686,19.66867469879518,0.1566265060240964
FLL-MSY,FLL,MSY,273,13.952380952380953,14.608058608058608,0.34798534798534797
FLL-MYR,FLL,MYR,60,5.733333333333333,9.6,0.23333333333333334
FLL-OMA,FLL,OMA,6,2.3333333333333335,11.0,0.16666666666666666
FLL-ORD,FLL,ORD,560,17.676785714285714,24.751785714285713,0.2785714285714286
FLL-ORF,FLL,ORF,56,12.0,23.125,0.32142857142857145
FLL-ORH,FLL,ORH,47,-2.8297872340425534,3.021276595744681,0.1276595744680851
FLL-PBG,FLL,PBG,28,20.392857142857142,15.071428571428571,0.32142857142857145
FLL-PDX,FLL,PDX,49,-8.979591836734693,-2.0816326530612246,0.10204081632653061
FLL-PHL,FLL,PHL,468,17.076923076923077,23.083333333333332,0.2777777777777778
FLL-PHX,FLL,PHX,53,29.0188679245283,27.528301886792452,0.6792452830188679
FLL-PIT,FLL,PIT,183,13.092896174863387,17.07103825136612,0.33879781420765026
FLL-PNS,FLL,PNS,49,1.8775510204081634,6.408163265306122,0.14285714285714285
FLL-PVD,FLL,PVD,72,19.666666666666668,26.09722222222222,0.4027777777777778
FLL-RDU,FLL,RDU,246,17.349593495934958,19.723577235772357,0.34552845528455284
FLL-RIC,FLL,RIC,119,20.823529411764707,21.66386554621849,0.3949579831932773
FLL-SAN,FLL,SAN,108,10.518518518518519,10.11111111111111,0.3425925925925926
FLL-SAT,FLL,SAT,74,18.905405405405407,17.513513513513512,0.44594594594594594
FLL-SDF,FLL,SDF,74,13.891891891891891,18.72972972972973,0.2972972972972973
FLL-SEA,FLL,SEA,156,3.698717948717949,15.724358974358974,0.20512820512820512
FLL-SFO,FLL,SFO,312,20.528846153846153,17.58974358974359,0.358974358974359
FLL-SJU,FLL,SJU,319,8.567398119122258,16.260188087774296,0.25391849529780564
FLL-SLC,FLL,SLC,120,7.025,14.516666666666667,0.26666666666666666
FLL-STL,FLL,STL,161,14.173913043478262,15.024844720496894,0.38509316770186336
FLL-STT,FLL,STT,60,4.816666666666666,13.4,0.25
FLL-STX,FLL,STX,59,15.254237288135593,15.084745762711865,0.3050847457627119
FLL-SYR,FLL,SYR,19,23.68421052631579,15.157894736842104,0.42105263157894735
FLL-TLH,FLL,TLH,56,-5.678571428571429,-3.642857142857143,0.03571428571428571
FLL-TPA,FLL,TPA,221,7.081447963800905,14.02262443438914,0.248868778280543
FLL-TTN,FLL,TTN,54,-4.555555555555555,9.592592592592593,0.037037037037037035
FLL-TYS,FLL,TYS,50,21.0,21.68,0.32
FLL-USA,FLL,USA,35,10.657142857142857,12.142857142857142,0.2571428571428571
FLL-XNA,FLL,XNA,17,38.64705882352941,42.470588235294116,0.29411764705882354
FNT-AZA,FNT,AZA,17,-3.7058823529411766,3.1176470588235294,0.23529411764705882
FNT-BNA,FNT,BNA,25,-0.8,5.4,0.24
FNT-FLL,FNT,FLL,5,8.0,25.4,0.4
FNT-JAX,FNT,JAX,9,3.0,4.555555555555555,0.4444444444444444
FNT-LAS,FNT,LAS,17,-4.588235294117647,2.9411764705882355,0.29411764705882354
FNT-ORD,FNT,ORD,97,23.010309278350515,27.52577319587629,0.26804123711340205
FNT-PGD,FNT,PGD,51,4.862745098039215,4.96078431372549,0.29411764705882354
FNT-PIE,FNT,PIE,41,1.1951219512195121,4.048780487804878,0.2926829268292683
FNT-SFB,FNT,SFB,50,2.44,5.3,0.2
FNT-SRQ,FNT,SRQ,34,-1.7941176470588236,1.588235294117647,0.20588235294117646
FOD-MCW,FOD,MCW,40,-1.925,1.475,0.2
FOD-ORD,FOD,ORD,55,-1.1636363636363636,13.090909090909092,0.16363636363636364
FSD-ATL,FSD,ATL,63,42.3968253968254,43.58730158730159,0.31746031746031744
FSD-AUS,FSD,AUS,3,10.0,0.6666666666666666,0.3333333333333333
FSD-AZA,FSD,AZA,64,-6.65625,2.953125,0.171875
FSD-BNA,FSD,BNA,17,13.117647058823529,9.235294117647058,0.4117647058823529
FSD-DEN,FSD,DEN,259,8.073359073359073,7.88030888030888,0.2471042471042471
FSD-DFW,FSD,DFW,116,6.163793103448276,13.508620689655173,0.2413793103448276
FSD-FLL,FSD,FLL,18,18.77777777777778,25.72222222222222,0.3888888888888889
FSD-LAS,FSD,LAS,34,9.294117647058824,16.029411764705884,0.3235294117647059
FSD-MSP,FSD,MSP,219,9.853881278538813,19.15525114155251,0.1872146118721461
FSD-ORD,FSD,ORD,221,9.18552036199095,15.153846153846153,0.22171945701357465
FSD-PGD,FSD,PGD,9,26.666666666666668,25.77777777777778,0.3333333333333333
FSD-PHX,FSD,PHX,63,-0.4603174603174603,13.285714285714286,0.2222222222222222
FSD-PIE,FSD,PIE,17,6.588235294117647,9.294117647058824,0.23529411764705882
FSD-SFB,FSD,SFB,18,-12.11111111111111,-1.1666666666666667,0.0
FSD-STC,FSD,STC,1,49.0,28.0,1.0
FSM-DFW,FSM,DFW,169,24.319526627218934,20.568047337278106,0.28994082840236685
FWA-ATL,FWA,ATL,155,1.5096774193548388,14.451612903225806,0.1870967741935484
FWA-AZA,FWA,AZA,11,-4.0,13.727272727272727,0.18181818181818182
FWA-DFW,FWA,DFW,119,13.352941176470589,10.907563025210084,0.3277310924369748
FWA-LAS,FWA,LAS,8,1.75,16.125,0.125
FWA-MSP,FWA,MSP,57,-6.350877192982456,8.56140350877193,0.08771929824561403
FWA-ORD,FWA,ORD,148,24.7027027027027,30.945945945945947,0.31756756756756754
FWA-PGD,FWA,PGD,42,13.619047619047619,14.047619047619047,0.2619047619047619
FWA-PIE,FWA,PIE,25,4.76,11.08,0.36
FWA-SFB,FWA,SFB,20,47.75,54.9,0.3
FWA-SRQ,FWA,SRQ,17,8.647058823529411,10.529411764705882,0.35294117647058826
GCC-DEN,GCC,DEN,115,-1.008695652173913,7.973913043478261,0.1565217391304348
GCK-DFW,GCK,DFW,112,14.553571428571429,15.767857142857142,0.1875
GEG-ATL,GEG,ATL,60,-3.783333333333333,5.783333333333333,0.15
GEG-AZA,GEG,AZA,17,23.647058823529413,28.41176470588235,0.35294117647058826
GEG-BOI,GEG,BOI,50,5.94,6.46,0.2
GEG-DEN,GEG,DEN,242,0.3512396694214876,5.041322314049586,0.19421487603305784
GEG-DFW,GEG,DFW,124,28.588709677419356,38.04838709677419,0.3064516129032258
GEG-LAS,GEG,LAS,94,11.77659574468085,14.585106382978724,0.2127659574468085
GEG-LAX,GEG,LAX,97,2.865979381443299,9.731958762886597,0.13402061855670103
GEG-MSP,GEG,MSP,117,9.341880341880342,10.982905982905983,0.26495726495726496
GEG-OAK,GEG,OAK,112,0.017857142857142856,3.25,0.15178571428571427
GEG-ORD,GEG,ORD,8,6.125,1.875,0.125
GEG-PDX,GEG,PDX,72,9.791666666666666,7.152777777777778,0.1527777777777778
GEG-PHX,GEG,PHX,164,8.609756097560975,12.128048780487806,0.17682926829268292
GEG-SAN,GEG,SAN,48,-1.2291666666666667,-3.3125,0.14583333333333334
GEG-SEA,GEG,SEA,758,3.4894459102902373,10.20712401055409,0.1820580474934037
GEG-SFO,GEG,SFO,108,3.6018518518518516,11.592592592592593,0.1388888888888889
GEG-SJC,GEG,SJC,52,3.1923076923076925,8.75,0.19230769230769232
GEG-SLC,GEG,SLC,230,-0.7913043478260869,6.6173913043478265,0.16956521739130434
GEG-SMF,GEG,SMF,67,3.074626865671642,5.7164179104477615,0.208955223880597
GFK-AZA,GFK,AZA,17,-7.647058823529412,1.1764705882352942,0.058823529411764705
GFK-LAS,GFK,LAS,17,-4.294117647058823,-0.8235294117647058,0.23529411764705882
GFK-MSP,GFK,MSP,177,2.9548022598870056,11.124293785310735,0.13559322033898305
GFK-SFB,GFK,SFB,15,67.73333333333333,69.66666666666667,0.4666666666666667
GGG-DFW,GGG,DFW,116,9.663793103448276,12.293103448275861,0.2413793103448276
GJT-DEN,GJT,DEN,249,-2.0441767068273093,10.46987951807229,0.13253012048192772
GJT-DFW,GJT,DFW,119,3.7478991596638656,6.61344537815126,0.18487394957983194
GJT-LAS,GJT,LAS,17,22.647058823529413,13.0,0.29411764705882354
GJT-PHX,GJT,PHX,177,13.689265536723164,12.677966101694915,0.23728813559322035
GNV-ATL,GNV,ATL,259,-7.656370656370656,2.0617760617760617,0.0888030888030888
GNV-CLT,GNV,CLT,7,-1.2857142857142858,4.428571428571429,0.14285714285714285
GNV-DFW,GNV,DFW,59,4.101694915254237,7.898305084745763,0.2033898305084746
GNV-MIA,GNV,MIA,60,-1.8,-1.95,0.06666666666666667
GPT-ATL,GPT,ATL,177,5.988700564971752,12.858757062146893,0.11299435028248588
GPT-CLT,GPT,CLT,119,6.689075630252101,9.403361344537815,0.15126050420168066
GPT-DFW,GPT,DFW,157,4.961783439490445,5.955414012738854,0.1337579617834395
GPT-IAH,GPT,IAH,14,28.142857142857142,41.357142857142854,0.21428571428571427
GRB-ATL,GRB,ATL,60,22.516666666666666,30.6,0.23333333333333334
GRB-DTW,GRB,DTW,146,7.232876712328767,15.431506849315069,0.19863013698630136
GRB-MCO,GRB,MCO,22,45.09090909090909,60.59090909090909,0.13636363636363635
GRB-MSP,GRB,MSP,162,7.290123456790123,23.987654320987655,0.18518518518518517
GRB-ORD,GRB,ORD,270,12.28888888888889,17.748148148148147,0.2111111111111111
GRI-AZA,GRI,AZA,19,14.789473684210526,22.210526315789473,0.3684210526315789
GRI-DFW,GRI,DFW,116,15.344827586206897,18.629310344827587,0.1724137931034483
GRI-LAS,GRI,LAS,17,-4.470588235294118,-4.352941176470588,0.17647058823529413
GRK-DFW,GRK,DFW,236,5.279661016949152,6.758474576271187,0.1694915254237288
GRR-ATL,GRR,ATL,211,-1.2843601895734598,5.412322274881516,0.16113744075829384
GRR-AUS,GRR,AUS,4,9.25,9.0,0.25
GRR-AZA,GRR,AZA,34,0.14705882352941177,23.0,0.20588235294117646
GRR-BNA,GRR,BNA,22,3.090909090909091,12.272727272727273,0.22727272727272727
GRR-BOS,GRR,BOS,2,33.0,39.5,0.5
GRR-BWI,GRR,BWI,58,7.448275862068965,6.896551724137931,0.2413793103448276
GRR-CLT,GRR,CLT,169,16.02958579881657,22.633136094674555,0.24260355029585798
GRR-DCA,GRR,DCA,114,29.982456140350877,26.07017543859649,0.30701754385964913
GRR-DEN,GRR,DEN,174,11.563218390804598,17.71264367816092,0.2413793103448276
GRR-DFW,GRR,DFW,154,14.746753246753247,21.116883116883116,0.3116883116883117
GRR-DTW,GRR,DTW,209,-0.3014354066985646,11.31578947368421,0.18181818181818182
GRR-EWR,GRR,EWR,110,-15.9,0.4,0.10909090909090909
GRR-FLL,GRR,FLL,19,2.8421052631578947,-5.157894736842105,0.2631578947368421
GRR-IAH,GRR,IAH,54,5.388888888888889,16.074074074074073,0.2037037037037037
GRR-LAS,GRR,LAS,33,33.78787878787879,44.36363636363637,0.2727272727272727
GRR-LGA,GRR,LGA,185,0.827027027027027,7.275675675675676,0.1783783783783784
GRR-MCO,GRR,MCO,115,23.252173913043478,32.56521739130435,0.25217391304347825
GRR-MDW,GRR,MDW,166,4.753012048192771,12.319277108433734,0.21084337349397592
GRR-MIA,GRR,MIA,94,5.542553191489362,10.904255319148936,0.19148936170212766
GRR-MSP,GRR,MSP,211,0.8720379146919431,13.080568720379146,0.17061611374407584
GRR-ORD,GRR,ORD,421,8.475059382422803,14.078384798099762,0.23040380047505937
GRR-PGD,GRR,PGD,65,17.184615384615384,25.46153846153846,0.27692307692307694
GRR-PHL,GRR,PHL,9,-9.11111111111111,-6.888888888888889,0.1111111111111111
GRR-PHX,GRR,PHX,59,8.694915254237289,15.576271186440678,0.2711864406779661
GRR-PIE,GRR,PIE,65,39.01538461538462,44.46153846153846,0.3230769230769231
GRR-RSW,GRR,RSW,64,8.046875,9.953125,0.25
GRR-SFB,GRR,SFB,68,2.823529411764706,9.073529411764707,0.19117647058823528
GRR-SRQ,GRR,SRQ,26,25.653846153846153,33.07692307692308,0.23076923076923078
GRR-TPA,GRR,TPA,31,6.193548387096774,8.935483870967742,0.22580645161290322
GRR-VPS,GRR,VPS,17,2.4705882352941178,9.294117647058824,0.17647058823529413
GSO-ATL,GSO,ATL,374,-5.248663101604278,3.195187165775401,0.11764705882352941
GSO-CLT,GSO,CLT,406,5.903940886699507,12.571428571428571,0.16502463054187191
GSO-DCA,GSO,DCA,141,-1.50354609929078,1.7588652482269505,0.1773049645390071
GSO-DEN,GSO,DEN,60,-6.883333333333334,-2.7333333333333334,0.08333333333333333
GSO-DFW,GSO,DFW,119,9.663865546218487,22.025210084033613,0.25210084033613445
GSO-DTW,GSO,DTW,40,-14.45,-4.375,0.025
GSO-EWR,GSO,EWR,151,-7.152317880794702,5.423841059602649,0.07947019867549669
GSO-LGA,GSO,LGA,254,-5.511811023622047,2.1141732283464565,0.0984251968503937
GSO-MIA,GSO,MIA,60,-0.5166666666666667,1.3666666666666667,0.13333333333333333
GSO-ORD,GSO,ORD,176,11.136363636363637,12.704545454545455,0.2159090909090909
GSO-PIE,GSO,PIE,7,6.142857142857143,3.857142857142857,0.2857142857142857
GSP-ATL,GSP,ATL,502,-5.603585657370518,4.282868525896414,0.08764940239043825
GSP-BWI,GSP,BWI,60,-2.1166666666666667,4.033333333333333,0.1
GSP-CLT,GSP,CLT,498,8.387550200803213,8.873493975903614,0.19879518072289157
GSP-DCA,GSP,DCA,151,4.754966887417218,7.225165562913907,0.18543046357615894
GSP-DEN,GSP,DEN,60,-4.916666666666667,6.633333333333334,0.16666666666666666
GSP-DFW,GSP,DFW,173,14.832369942196532,23.202312138728324,0.2774566473988439
GSP-DTW,GSP,DTW,39,20.794871794871796,25.28205128205128,0.28205128205128205
GSP-EWR,GSP,EWR,162,-13.302469135802468,0.7160493827160493,0.06790123456790123
GSP-FLL,GSP,FLL,16,-2.5625,0.4375,0.25
GSP-HOU,GSP,HOU,14,-11.5,-2.642857142857143,0.0
GSP-IAH,GSP,IAH,60,-4.0,4.3,0.08333333333333333
GSP-LGA,GSP,LGA,245,0.5918367346938775,8.779591836734694,0.12653061224489795
GSP-MIA,GSP,MIA,58,5.931034482758621,8.379310344827585,0.1206896551724138
GSP-ORD,GSP,ORD,173,-3.3757225433526012,-0.1329479768786127,0.11560693641618497
GSP-PHL,GSP,PHL,79,-4.924050632911392,3.0759493670886076,0.13924050632911392
GSP-PIE,GSP,PIE,16,-5.875,-3.5625,0.0625
GSP-SFB,GSP,SFB,17,4.0,4.0,0.23529411764705882
GTF-AZA,GTF,AZA,17,77.3529411764706,84.88235294117646,0.29411764705882354
GTF-DEN,GTF,DEN,114,7.824561403508772,12.74561403508772,0.22807017543859648
GTF-LAS,GTF,LAS,16,62.4375,69.1875,0.1875
GTF-MSP,GTF,MSP,60,23.533333333333335,27.533333333333335,0.18333333333333332
GTF-SEA,GTF,SEA,53,17.735849056603772,16.037735849056602,0.24528301886792453
GTF-SLC,GTF,SLC,161,15.683229813664596,18.267080745341616,0.2111801242236025
GTR-ATL,GTR,ATL,114,-4.754385964912281,7.342105263157895,0.09649122807017543
GUC-DEN,GUC,DEN,117,10.333333333333334,15.042735042735043,0.19658119658119658
GUC-DFW,GUC,DFW,69,25.08695652173913,25.72463768115942,0.2463768115942029
GUM-HNL,GUM,HNL,60,-21.15,4.8,0.016666666666666666
GUM-SPN,GUM,SPN,60,-11.15,-8.2,0.016666666666666666
HDN-ATL,HDN,ATL,60,10.933333333333334,18.083333333333332,0.2833333333333333
HDN-BNA,HDN,BNA,8,13.875,10.0,0.5
HDN-BOS,HDN,BOS,16,20.25,22.25,0.3125
HDN-DAL,HDN,DAL,54,4.962962962962963,7.7407407407407405,0.2962962962962963
HDN-DEN,HDN,DEN,316,13.822784810126583,17.712025316455698,0.3259493670886076
HDN-DFW,HDN,DFW,104,32.08653846153846,30.721153846153847,0.34615384615384615
HDN-EWR,HDN,EWR,42,-5.928571428571429,5.880952380952381,0.23809523809523808
HDN-FLL,HDN,FLL,12,12.166666666666666,17.083333333333332,0.3333333333333333
HDN-IAD,HDN,IAD,8,30.875,40.0,0.375
HDN-IAH,HDN,IAH,60,30.916666666666668,43.78333333333333,0.11666666666666667
HDN-LAX,HDN,LAX,47,-4.276595744680851,0.2765957446808511,0.1276595744680851
HDN-MSP,HDN,MSP,8,7.875,7.75,0.25
HDN-ORD,HDN,ORD,68,5.573529411764706,10.382352941176471,0.29411764705882354
HDN-SAN,HDN,SAN,26,-1.6153846153846154,4.5,0.15384615384615385
HDN-SFO,HDN,SFO,8,2.75,14.375,0.25
HGR-PIE,HGR,PIE,17,42.705882352941174,45.470588235294116,0.29411764705882354
HGR-SFB,HGR,SFB,17,15.117647058823529,16.941176470588236,0.35294117647058826
HHH-CLT,HHH,CLT,114,-2.9473684210526314,3.6052631578947367,0.15789473684210525
HHH-DCA,HHH,DCA,15,2.3333333333333335,-4.0,0.13333333333333333
HIB-MSP,HIB,MSP,100,3.77,8.1,0.18
HLN-DEN,HLN,DEN,116,38.077586206896555,43.293103448275865,0.27586206896551724
HLN-SEA,HLN,SEA,60,4.683333333333334,-0.5166666666666667,0.2
HLN-SLC,HLN,SLC,124,14.959677419354838,10.241935483870968,0.21774193548387097
HNL-ANC,HNL,ANC,53,34.54716981132076,49.15094339622642,0.39622641509433965
HNL-ATL,HNL,ATL,60,0.85,23.483333333333334,0.18333333333333332
HNL-AUS,HNL,AUS,23,-1.4782608695652173,17.26086956521739,0.2608695652173913
HNL-BOS,HNL,BOS,33,-1.0909090909090908,19.515151515151516,0.21212121212121213
HNL-DEN,HNL,DEN,81,-9.11111111111111,13.11111111111111,0.04938271604938271
HNL-DFW,HNL,DFW,120,-6.866666666666666,16.783333333333335,0.025
HNL-DTW,HNL,DTW,60,18.533333333333335,37.81666666666667,0.3333333333333333
HNL-EWR,HNL,EWR,58,13.827586206896552,25.637931034482758,0.2413793103448276
HNL-GUM,HNL,GUM,60,4.116666666666666,13.9,0.21666666666666667
HNL-IAD,HNL,IAD,42,-9.976190476190476,10.571428571428571,0.11904761904761904
HNL-IAH,HNL,IAH,60,-33.53333333333333,0.5833333333333334,0.03333333333333333
HNL-ITO,HNL,ITO,1078,6.257884972170687,7.499072356215214,0.1901669758812616
HNL-JFK,HNL,JFK,118,5.194915254237288,21.203389830508474,0.17796610169491525
HNL-KOA,HNL,KOA,1322,8.086232980332829,8.114977307110438,0.20574886535552195
HNL-LAS,HNL,LAS,223,-10.174887892376681,11.179372197309418,0.13901345291479822
HNL-LAX,HNL,LAX,794,-6.998740554156171,13.954659949622167,0.12468513853904283
HNL-LGB,HNL,LGB,120,-11.658333333333333,8.65,0.14166666666666666
HNL-LIH,HNL,LIH,1397,6.590551181102362,5.615604867573372,0.1875447387258411
HNL-MSP,HNL,MSP,60,-9.183333333333334,8.183333333333334,0.11666666666666667
HNL-OAK,HNL,OAK,180,-12.205555555555556,12.21111111111111,0.12777777777777777
HNL-OGG,HNL,OGG,1894,4.12090813093981,5.256599788806758,0.16261879619852165
HNL-ONT,HNL,ONT,60,7.583333333333333,21.683333333333334,0.35
HNL-ORD,HNL,ORD,60,-15.366666666666667,1.6,0.08333333333333333
HNL-PAE,HNL,PAE,52,26.48076923076923,22.78846153846154,0.5192307692307693
HNL-PDX,HNL,PDX,110,10.190909090909091,26.081818181818182,0.3
HNL-PHX,HNL,PHX,202,-20.61881188118812,1.2277227722772277,0.06435643564356436
HNL-PPG,HNL,PPG,19,11.31578947368421,18.0,0.2631578947368421
HNL-SAN,HNL,SAN,226,-0.9380530973451328,21.25221238938053,0.15486725663716813
HNL-SEA,HNL,SEA,424,2.6485849056603774,23.693396226415093,0.21933962264150944
HNL-SFO,HNL,SFO,371,2.7870619946091644,19.040431266846362,0.1752021563342318
HNL-SJC,HNL,SJC,229,-5.069868995633188,16.72052401746725,0.17903930131004367
HNL-SLC,HNL,SLC,60,-11.416666666666666,10.316666666666666,0.1
HNL-SMF,HNL,SMF,119,-4.302521008403361,15.932773109243698,0.16806722689075632
HOU-ABQ,HOU,ABQ,138,2.4420289855072466,6.594202898550725,0.15217391304347827
HOU-AMA,HOU,AMA,7,2.0,14.142857142857142,0.14285714285714285
HOU-ATL,HOU,ATL,463,6.218142548596112,11.159827213822894,0.15766738660907129
HOU-AUS,HOU,AUS,273,4.5677655677655675,8.608058608058608,0.19413919413919414
HOU-AVL,HOU,AVL,5,-8.6,-0.2,0.2
HOU-AZA,HOU,AZA,2,1.5,-3.0,0.0
HOU-BHM,HOU,BHM,73,12.027397260273972,14.561643835616438,0.3150684931506849
HOU-BNA,HOU,BNA,267,2.363295880149813,8.752808988764045,0.14606741573033707
HOU-BUR,HOU,BUR,13,6.615384615384615,7.384615384615385,0.23076923076923078
HOU-BWI,HOU,BWI,196,-0.6887755102040817,7.433673469387755,0.15816326530612246
HOU-CHS,HOU,CHS,2,-1.0,13.5,0.0
HOU-CLT,HOU,CLT,7,5.571428571428571,14.857142857142858,0.2857142857142857
HOU-CMH,HOU,CMH,52,14.576923076923077,16.442307692307693,0.3076923076923077
HOU-COS,HOU,COS,8,20.75,22.0,0.625
HOU-CRP,HOU,CRP,214,0.2897196261682243,7.336448598130841,0.13551401869158877
HOU-DAL,HOU,DAL,649,1.0354391371340523,5.850539291217257,0.1633281972265023
HOU-DCA,HOU,DCA,156,1.6217948717948718,9.871794871794872,0.14743589743589744
HOU-DEN,HOU,DEN,461,3.2603036876355747,8.242950108459869,0.175704989154013
HOU-DFW,HOU,DFW,327,7.033639143730887,5.844036697247707,0.22324159021406728
HOU-DSM,HOU,DSM,16,21.8125,20.3125,0.4375
HOU-DTW,HOU,DTW,2,28.5,28.0,0.5
HOU-ECP,HOU,ECP,60,1.2166666666666666,3.7666666666666666,0.18333333333333332
HOU-ELP,HOU,ELP,139,7.669064748201439,11.37410071942446,0.2589928057553957
HOU-FLL,HOU,FLL,179,10.217877094972067,12.977653631284916,0.21787709497206703
HOU-GSP,HOU,GSP,14,-4.214285714285714,2.5714285714285716,0.07142857142857142
HOU-HRL,HOU,HRL,218,5.004587155963303,11.784403669724771,0.16972477064220184
HOU-IND,HOU,IND,60,10.216666666666667,15.5,0.23333333333333334
HOU-JAN,HOU,JAN,149,0.697986577181208,7.174496644295302,0.1476510067114094
HOU-JAX,HOU,JAX,60,2.9833333333333334,6.866666666666666,0.13333333333333333
HOU-LAS,HOU,LAS,288,8.336805555555555,11.1875,0.2465277777777778
HOU-LAX,HOU,LAX,170,9.411764705882353,13.476470588235294,0.2529411764705882
HOU-LBB,HOU,LBB,15,-11.333333333333334,7.066666666666666,0.13333333333333333
HOU-LGA,HOU,LGA,167,-0.5089820359281437,13.461077844311378,0.16766467065868262
HOU-LGB,HOU,LGB,104,2.0673076923076925,7.230769230769231,0.21153846153846154
HOU-MAF,HOU,MAF,208,2.9711538461538463,8.336538461538462,0.14423076923076922
HOU-MCI,HOU,MCI,172,5.354651162790698,8.354651162790697,0.19186046511627908
HOU-MCO,HOU,MCO,335,3.4567164179104477,10.167164179104478,0.16417910447761194
HOU-MDW,HOU,MDW,230,3.3347826086956522,10.195652173913043,0.1782608695652174
HOU-MEM,HOU,MEM,80,5.8625,10.7875,0.2
HOU-MIA,HOU,MIA,173,5.907514450867052,10.61849710982659,0.20809248554913296
HOU-MSY,HOU,MSY,379,3.6701846965699207,7.926121372031663,0.17941952506596306
HOU-OAK,HOU,OAK,66,11.06060606060606,11.015151515151516,0.3333333333333333
HOU-OKC,HOU,OKC,221,4.877828054298643,8.371040723981901,0.15384615384615385
HOU-OMA,HOU,OMA,58,-3.603448275862069,2.189655172413793,0.05172413793103448
HOU-ONT,HOU,ONT,59,7.203389830508475,12.067796610169491,0.2542372881355932
HOU-PHL,HOU,PHL,7,9.714285714285714,3.5714285714285716,0.14285714285714285
HOU-PHX,HOU,PHX,312,6.82051282051282,9.673076923076923,0.23076923076923078
HOU-PIT,HOU,PIT,53,11.660377358490566,19.09433962264151,0.18867924528301888
HOU-PNS,HOU,PNS,60,6.016666666666667,12.566666666666666,0.16666666666666666
HOU-PVU,HOU,PVU,16,89.125,91.9375,0.5625
HOU-RDU,HOU,RDU,20,1.75,8.45,0.15
HOU-RSW,HOU,RSW,8,0.625,8.75,0.125
HOU-SAN,HOU,SAN,99,-0.5959595959595959,5.4646464646464645,0.1919191919191919
HOU-SAT,HOU,SAT,290,4.796551724137931,7.758620689655173,0.18275862068965518
HOU-SAV,HOU,SAV,21,-6.238095238095238,-0.7619047619047619,0.0
HOU-SDF,HOU,SDF,53,16.452830188679247,19.735849056603772,0.24528301886792453
HOU-SJC,HOU,SJC,60,2.6166666666666667,6.416666666666667,0.21666666666666667
HOU-SJU,HOU,SJU,8,36.5,38.25,0.75
HOU-SLC,HOU,SLC,60,7.683333333333334,8.166666666666666,0.25
HOU-SMF,HOU,SMF,59,19.915254237288135,9.423728813559322,0.559322033898305
HOU-SRQ,HOU,SRQ,21,-1.5238095238095237,5.333333333333333,0.09523809523809523
HOU-STL,HOU,STL,228,1.9780701754385965,6.407894736842105,0.14035087719298245
HOU-TPA,HOU,TPA,186,-0.43010752688172044,5.860215053763441,0.13440860215053763
HOU-TUL,HOU,TUL,83,2.2771084337349397,9.132530120481928,0.14457831325301204
HOU-TUS,HOU,TUS,60,5.1,6.4,0.2
HOU-TYS,HOU,TYS,4,-9.25,3.25,0.25
HOU-VPS,HOU,VPS,60,4.283333333333333,12.666666666666666,0.18333333333333332
HPN-ATL,HPN,ATL,268,14.85820895522388,27.350746268656717,0.2462686567164179
HPN-CLT,HPN,CLT,200,-0.23,10.725,0.14
HPN-DCA,HPN,DCA,206,13.975728155339805,19.90776699029126,0.21844660194174756
HPN-DTW,HPN,DTW,198,10.94949494949495,23.373737373737374,0.20707070707070707
HPN-FLL,HPN,FLL,179,12.837988826815643,18.48603351955307,0.2681564245810056
HPN-MCO,HPN,MCO,238,10.823529411764707,14.289915966386555,0.2689075630252101
HPN-MIA,HPN,MIA,59,18.033898305084747,21.64406779661017,0.2033898305084746
HPN-ORD,HPN,ORD,159,6.0,15.383647798742139,0.22641509433962265
HPN-PBI,HPN,PBI,413,2.7966101694915255,4.217917675544794,0.2179176755447942
HPN-RSW,HPN,RSW,60,11.016666666666667,13.633333333333333,0.3333333333333333
HPN-TPA,HPN,TPA,59,4.237288135593221,4.915254237288136,0.1864406779661017
HRL-AUS,HRL,AUS,104,-3.0961538461538463,3.4134615384615383,0.057692307692307696
HRL-DAL,HRL,DAL,16,2.875,4.8125,0.25
HRL-DFW,HRL,DFW,232,3.2801724137931036,4.086206896551724,0.1853448275862069
HRL-HOU,HRL,HOU,219,1.821917808219178,8.027397260273972,0.1324200913242009
HRL-IAH,HRL,IAH,23,-12.217391304347826,-3.1739130434782608,0.08695652173913043
HRL-MSP,HRL,MSP,59,-3.9152542372881354,2.440677966101695,0.0847457627118644
HRL-ORD,HRL,ORD,2,-20.0,-9.5,0.0
HSV-ATL,HSV,ATL,368,-5.380434782608695,2.244565217391304,0.10054347826086957
HSV-CLT,HSV,CLT,163,8.877300613496933,10.239263803680982,0.22699386503067484
HSV-DCA,HSV,DCA,240,9.1625,10.970833333333333,0.22083333333333333
HSV-DEN,HSV,DEN,113,6.407079646017699,11.725663716814159,0.1415929203539823
HSV-DFW,HSV,DFW,300,11.343333333333334,15.603333333333333,0.22666666666666666
HSV-DTW,HSV,DTW,40,-8.0,2.3,0.15
HSV-IAD,HSV,IAD,3,-24.333333333333332,-9.666666666666666,0.0
HSV-MIA,HSV,MIA,8,-4.5,-1.625,0.125
HSV-ORD,HSV,ORD,58,31.75862068965517,26.379310344827587,0.3448275862068966
HTS-PIE,HTS,PIE,17,8.058823529411764,6.705882352941177,0.35294117647058826
HTS-SFB,HTS,SFB,20,14.7,16.4,0.45
HYS-DEN,HYS,DEN,56,-3.6964285714285716,2.6964285714285716,0.14285714285714285
HYS-SLN,HYS,SLN,56,9.642857142857142,9.642857142857142,0.25
IAD-ATL,IAD,ATL,424,-5.681603773584905,5.849056603773585,0.10377358490566038
IAD-AUS,IAD,AUS,171,0.783625730994152,1.6666666666666667,0.17543859649122806
IAD-BDL,IAD,BDL,77,21.09090909090909,25.2987012987013,0.19480519480519481
IAD-BNA,IAD,BNA,132,1.7803030303030303,4.204545454545454,0.12121212121212122
IAD-BOS,IAD,BOS,224,0.7142857142857143,4.633928571428571,0.125
IAD-BTV,IAD,BTV,103,-1.4368932038834952,4.242718446601942,0.13592233009708737
IAD-BUF,IAD,BUF,19,5.473684210526316,3.8421052631578947,0.21052631578947367
IAD-CHS,IAD,CHS,115,2.860869565217391,2.4521739130434783,0.1565217391304348
IAD-CLE,IAD,CLE,95,-6.11578947368421,-1.8210526315789475,0.11578947368421053
IAD-CLT,IAD,CLT,297,6.37037037037037,10.828282828282829,0.16835016835016836
IAD-CMH,IAD,CMH,128,-4.9296875,2.6171875,0.125
IAD-CVG,IAD,CVG,69,-0.9565217391304348,2.753623188405797,0.15942028985507245
IAD-DEN,IAD,DEN,397,8.722921914357682,19.15617128463476,0.2040302267002519
IAD-DFW,IAD,DFW,276,9.634057971014492,10.344202898550725,0.2427536231884058
IAD-DTW,IAD,DTW,215,-4.883720930232558,5.7953488372093025,0.13488372093023257
IAD-EWR,IAD,EWR,187,-0.06417112299465241,8.524064171122994,0.15508021390374332
IAD-EYW,IAD,EYW,60,12.35,10.45,0.25
IAD-FLL,IAD,FLL,159,1.1886792452830188,6.044025157232705,0.1761006289308176
IAD-HDN,IAD,HDN,8,-0.875,-2.625,0.375
IAD-HNL,IAD,HNL,42,-1.5,16.142857142857142,0.21428571428571427
IAD-HSV,IAD,HSV,3,-2.0,-0.3333333333333333,0.3333333333333333
IAD-IAH,IAD,IAH,231,-4.748917748917749,3.242424242424242,0.18181818181818182
IAD-IND,IAD,IND,177,-5.033898305084746,2.7966101694915255,0.12429378531073447
IAD-JAX,IAD,JAX,112,3.3392857142857144,2.1875,0.16964285714285715
IAD-JFK,IAD,JFK,112,3.330357142857143,8.901785714285714,0.19642857142857142
IAD-JST,IAD,JST,53,10.132075471698114,18.67924528301887,0.22641509433962265
IAD-LAS,IAD,LAS,157,-0.9171974522292994,7.662420382165605,0.17197452229299362
IAD-LAX,IAD,LAX,267,0.352059925093633,9.734082397003744,0.19850187265917604
IAD-LGA,IAD,LGA,273,-7.95970695970696,2.501831501831502,0.15018315018315018
IAD-MCO,IAD,MCO,259,6.984555984555985,8.069498069498069,0.21235521235521235
IAD-MDW,IAD,MDW,13,-1.1538461538461537,9.615384615384615,0.15384615384615385
IAD-MIA,IAD,MIA,115,9.608695652173912,4.034782608695652,0.26956521739130435
IAD-MSP,IAD,MSP,122,6.975409836065574,21.360655737704917,0.1557377049180328
IAD-MSY,IAD,MSY,108,1.9537037037037037,8.055555555555555,0.16666666666666666
IAD-ORD,IAD,ORD,237,1.4725738396624473,7.210970464135021,0.17721518987341772
IAD-ORF,IAD,ORF,71,-3.211267605633803,-0.22535211267605634,0.1267605633802817
IAD-PBI,IAD,PBI,22,2.6363636363636362,-3.0454545454545454,0.22727272727272727
IAD-PDX,IAD,PDX,4,-26.25,0.75,0.0
IAD-PHX,IAD,PHX,70,-6.7,6.485714285714286,0.12857142857142856
IAD-PIT,IAD,PIT,102,2.1176470588235294,5.8431372549019605,0.14705882352941177
IAD-PVD,IAD,PVD,6,-3.5,0.16666666666666666,0.16666666666666666
IAD-PWM,IAD,PWM,64,-2.21875,4.640625,0.15625
IAD-RDU,IAD,RDU,111,-1.936936936936937,3.2612612612612613,0.10810810810810811
IAD-ROC,IAD,ROC,46,0.5869565217391305,7.217391304347826,0.1956521739130435
IAD-RSW,IAD,RSW,112,3.1517857142857144,4.455357142857143,0.16071428571428573
IAD-SAN,IAD,SAN,254,-3.7716535433070866,1.1141732283464567,0.14960629921259844
IAD-SAT,IAD,SAT,98,-3.1020408163265305,2.7448979591836733,0.1326530612244898
IAD-SAV,IAD,SAV,55,8.709090909090909,7.818181818181818,0.21818181818181817
IAD-SDF,IAD,SDF,60,-14.0,0.5166666666666667,0.11666666666666667
IAD-SEA,IAD,SEA,177,-10.192090395480227,12.333333333333334,0.0847457627118644
IAD-SFO,IAD,SFO,280,0.49642857142857144,11.414285714285715,0.20714285714285716
IAD-SJU,IAD,SJU,72,0.8333333333333334,4.416666666666667,0.1527777777777778
IAD-SLC,IAD,SLC,60,-10.883333333333333,2.8666666666666667,0.13333333333333333
IAD-SMF,IAD,SMF,4,-13.5,6.5,0.0
IAD-SRQ,IAD,SRQ,76,6.657894736842105,1.3157894736842106,0.18421052631578946
IAD-STT,IAD,STT,60,0.8666666666666667,3.6166666666666667,0.2
IAD-SYR,IAD,SYR,36,-12.194444444444445,-3.0,0.027777777777777776
IAD-TPA,IAD,TPA,177,5.661016949152542,7.502824858757062,0.1977401129943503
IAG-PGD,IAG,PGD,39,13.128205128205128,22.641025641025642,0.3333333333333333
IAG-PIE,IAG,PIE,21,26.142857142857142,25.571428571428573,0.3333333333333333
IAG-SFB,IAG,SFB,17,17.11764705882353,38.76470588235294,0.29411764705882354
IAH-ABQ,IAH,ABQ,67,13.940298507462687,17.970149253731343,0.22388059701492538
IAH-AMA,IAH,AMA,50,9.84,14.3,0.16
IAH-ASE,IAH,ASE,176,24.198863636363637,37.69886363636363,0.3465909090909091
IAH-ATL,IAH,ATL,648,4.871913580246914,11.095679012345679,0.1882716049382716
IAH-AUS,IAH,AUS,309,8.045307443365695,10.524271844660195,0.18770226537216828
IAH-BHM,IAH,BHM,35,1.2285714285714286,11.771428571428572,0.2
IAH-BNA,IAH,BNA,333,3.78978978978979,11.2012012012012,0.16816816816816818
IAH-BOS,IAH,BOS,250,3.384,12.732,0.184
IAH-BTR,IAH,BTR,108,26.90740740740741,34.351851851851855,0.2222222222222222
IAH-BWI,IAH,BWI,121,-2.256198347107438,5.925619834710743,0.11570247933884298
IAH-BZN,IAH,BZN,22,5.909090909090909,9.772727272727273,0.2727272727272727
IAH-CHS,IAH,CHS,55,23.381818181818183,23.436363636363637,0.3090909090909091
IAH-CLE,IAH,CLE,174,1.3448275862068966,7.408045977011494,0.10919540229885058
IAH-CLT,IAH,CLT,380,7.955263157894737,12.942105263157895,0.18421052631578946
IAH-CMH,IAH,CMH,114,13.429824561403509,15.929824561403509,0.2631578947368421
IAH-COS,IAH,COS,30,20.866666666666667,24.6,0.26666666666666666
IAH-CRP,IAH,CRP,15,-0.4,0.3333333333333333,0.06666666666666667
IAH-CVG,IAH,CVG,69,9.521739130434783,14.884057971014492,0.2028985507246377
IAH-DAL,IAH,DAL,173,-0.8092485549132948,5.329479768786127,0.12138728323699421
IAH-DCA,IAH,DCA,369,2.856368563685637,11.550135501355014,0.17344173441734417
IAH-DEN,IAH,DEN,761,9.128777923784494,13.169513797634691,0.20893561103810776
IAH-DFW,IAH,DFW,720,14.626388888888888,18.148611111111112,0.25416666666666665
IAH-DSM,IAH,DSM,40,13.45,15.275,0.225
IAH-DTW,IAH,DTW,309,4.119741100323624,4.394822006472492,0.18770226537216828
IAH-EGE,IAH,EGE,68,11.632352941176471,5.794117647058823,0.3088235294117647
IAH-ELP,IAH,ELP,50,5.38,6.26,0.14
IAH-EWR,IAH,EWR,507,-4.952662721893491,9.250493096646943,0.1203155818540434
IAH-EYW,IAH,EYW,59,-2.2542372881355934,7.11864406779661,0.15254237288135594
IAH-FLL,IAH,FLL,448,14.332589285714286,18.142857142857142,0.22767857142857142
IAH-GPT,IAH,GPT,15,2.2666666666666666,10.2,0.26666666666666666
IAH-GRR,IAH,GRR,54,19.24074074074074,25.0,0.24074074074074073
IAH-GSP,IAH,GSP,60,11.4,16.966666666666665,0.2
IAH-HDN,IAH,HDN,60,-0.5666666666666667,5.916666666666667,0.16666666666666666
IAH-HNL,IAH,HNL,60,23.833333333333332,17.116666666666667,0.65
IAH-HRL,IAH,HRL,23,9.434782608695652,18.08695652173913,0.17391304347826086
IAH-IAD,IAH,IAD,227,12.71806167400881,15.422907488986784,0.2599118942731278
IAH-ICT,IAH,ICT,80,14.875,20.575,0.2875
IAH-IND,IAH,IND,110,7.536363636363636,9.572727272727272,0.18181818181818182
IAH-JAC,IAH,JAC,22,-10.818181818181818,1.6363636363636365,0.09090909090909091
IAH-JAX,IAH,JAX,157,12.229299363057326,15.968152866242038,0.2611464968152866
IAH-JFK,IAH,JFK,56,25.375,25.160714285714285,0.4107142857142857
IAH-LAS,IAH,LAS,622,10.045016077170418,13.593247588424438,0.20257234726688103
IAH-LAX,IAH,LAX,730,7.1506849315068495,12.367123287671232,0.20136986301369864
IAH-LGA,IAH,LGA,485,7.331958762886598,19.849484536082475,0.2
IAH-MAF,IAH,MAF,89,8.202247191011235,7.707865168539326,0.2247191011235955
IAH-MCI,IAH,MCI,73,6.219178082191781,10.876712328767123,0.2054794520547945
IAH-MCO,IAH,MCO,621,7.499194847020934,15.491143317230273,0.20128824476650564
IAH-MDW,IAH,MDW,112,-4.446428571428571,5.169642857142857,0.10714285714285714
IAH-MEI,IAH,MEI,57,18.263157894736842,37.35087719298246,0.12280701754385964
IAH-MEM,IAH,MEM,69,1.3623188405797102,3.7681159420289854,0.11594202898550725
IAH-MFE,IAH,MFE,162,0.691358024691358,7.679012345679013,0.1111111111111111
IAH-MIA,IAH,MIA,496,12.046370967741936,11.495967741935484,0.28830645161290325
IAH-MKE,IAH,MKE,30,39.5,44.833333333333336,0.3
IAH-MOB,IAH,MOB,39,45.61538461538461,51.15384615384615,0.3076923076923077
IAH-MSP,IAH,MSP,299,5.568561872909699,11.74581939799331,0.1605351170568562
IAH-MSY,IAH,MSY,409,3.486552567237164,8.841075794621027,0.16381418092909536
IAH-MTJ,IAH,MTJ,58,18.551724137931036,14.46551724137931,0.3275862068965517
IAH-OKC,IAH,OKC,77,5.688311688311688,10.545454545454545,0.14285714285714285
IAH-OMA,IAH,OMA,80,15.5,18.6125,0.2375
IAH-ORD,IAH,ORD,646,10.928792569659443,16.620743034055728,0.2043343653250774
IAH-ORF,IAH,ORF,59,0.6440677966101694,7.254237288135593,0.1694915254237288
IAH-PBI,IAH,PBI,83,11.686746987951807,17.698795180722893,0.2289156626506024
IAH-PDX,IAH,PDX,118,0.7711864406779662,11.076271186440678,0.19491525423728814
IAH-PHL,IAH,PHL,269,2.7509293680297398,8.936802973977695,0.14869888475836432
IAH-PHX,IAH,PHX,402,9.691542288557214,8.810945273631841,0.19154228855721392
IAH-PIB,IAH,PIB,99,-1.6161616161616161,11.97979797979798,0.15151515151515152
IAH-PIT,IAH,PIT,67,1.537313432835821,7.268656716417911,0.16417910447761194
IAH-PNS,IAH,PNS,106,4.179245283018868,11.367924528301886,0.2169811320754717
IAH-PSP,IAH,PSP,60,8.333333333333334,6.116666666666666,0.18333333333333332
IAH-RDU,IAH,RDU,120,5.991666666666666,12.216666666666667,0.19166666666666668
IAH-RIC,IAH,RIC,59,20.949152542372882,25.322033898305083,0.3220338983050847
IAH-RNO,IAH,RNO,8,21.5,30.875,0.25
IAH-RSW,IAH,RSW,164,5.689024390243903,10.957317073170731,0.21341463414634146
IAH-SAN,IAH,SAN,220,0.5045454545454545,3.8227272727272728,0.15454545454545454
IAH-SAT,IAH,SAT,269,8.71003717472119,12.397769516728625,0.21933085501858737
IAH-SAV,IAH,SAV,15,-1.9333333333333333,2.2,0.06666666666666667
IAH-SEA,IAH,SEA,235,-1.2765957446808511,9.46808510638298,0.19148936170212766
IAH-SFO,IAH,SFO,450,24.622222222222224,26.69333333333333,0.3
IAH-SJC,IAH,SJC,50,1.02,6.12,0.12
IAH-SJU,IAH,SJU,140,4.257142857142857,18.928571428571427,0.19285714285714287
IAH-SLC,IAH,SLC,357,7.243697478991597,12.876750700280112,0.19327731092436976
IAH-SMF,IAH,SMF,55,7.781818181818182,16.0,0.23636363636363636
IAH-SNA,IAH,SNA,221,4.352941176470588,4.855203619909502,0.20361990950226244
IAH-STL,IAH,STL,125,3.728,8.712,0.16
IAH-STT,IAH,STT,9,0.0,4.333333333333333,0.2222222222222222
IAH-TPA,IAH,TPA,278,-0.3237410071942446,5.212230215827338,0.1223021582733813
IAH-TUL,IAH,TUL,14,14.357142857142858,22.642857142857142,0.21428571428571427
IAH-TUS,IAH,TUS,90,23.377777777777776,21.988888888888887,0.35555555555555557
IAH-VCT,IAH,VCT,100,-6.35,-0.03,0.08
IAH-XNA,IAH,XNA,34,38.029411764705884,44.64705882352941,0.20588235294117646
ICT-ATL,ICT,ATL,164,3.2560975609756095,4.591463414634147,0.18292682926829268
ICT-AZA,ICT,AZA,19,-0.05263157894736842,7.473684210526316,0.15789473684210525
ICT-DCA,ICT,DCA,53,-5.415094339622642,2.4150943396226414,0.09433962264150944
ICT-DDC,ICT,DDC,1,0.0,65.0,0.0
ICT-DEN,ICT,DEN,173,5.398843930635838,5.543352601156069,0.17341040462427745
ICT-DFW,ICT,DFW,388,6.041237113402062,7.739690721649485,0.2036082474226804
ICT-IAH,ICT,IAH,80,14.8875,22.425,0.1875
ICT-LAS,ICT,LAS,77,6.6103896103896105,14.844155844155845,0.24675324675324675
ICT-MIA,ICT,MIA,8,5.125,0.375,0.25
ICT-MSP,ICT,MSP,53,2.7358490566037736,8.735849056603774,0.1320754716981132
ICT-ORD,ICT,ORD,224,9.214285714285714,12.915178571428571,0.14285714285714285
ICT-PHX,ICT,PHX,69,13.782608695652174,10.391304347826088,0.2028985507246377
ICT-SFB,ICT,SFB,2,-19.0,-4.5,0.0
ICT-STL,ICT,STL,110,-4.2,3.7454545454545456,0.13636363636363635
ICT-VPS,ICT,VPS,5,-14.8,7.8,0.2
IDA-AZA,IDA,AZA,29,33.3448275862069,37.44827586206897,0.20689655172413793
IDA-DEN,IDA,DEN,59,55.186440677966104,61.96610169491525,0.2542372881355932
IDA-DFW,IDA,DFW,59,6.593220338983051,23.627118644067796,0.1694915254237288
IDA-LAS,IDA,LAS,18,12.555555555555555,14.833333333333334,0.2777777777777778
IDA-PDX,IDA,PDX,5,-6.2,-8.8,0.2
IDA-PHX,IDA,PHX,60,13.55,28.166666666666668,0.1
IDA-SLC,IDA,SLC,164,-2.6463414634146343,2.4695121951219514,0.12804878048780488
IDA-SNA,IDA,SNA,16,1.25,5.25,0.25
ILM-ATL,ILM,ATL,180,-0.8444444444444444,7.294444444444444,0.10555555555555556
ILM-CLT,ILM,CLT,403,0.19602977667493796,6.41439205955335,0.12903225806451613
ILM-DCA,ILM,DCA,117,7.683760683760684,9.538461538461538,0.21367521367521367
ILM-DFW,ILM,DFW,60,7.35,4.95,0.25
ILM-LGA,ILM,LGA,164,-1.8048780487804879,2.5853658536585367,0.10975609756097561
ILM-MIA,ILM,MIA,8,26.0,21.625,0.25
ILM-PHL,ILM,PHL,20,-3.25,-2.3,0.1
IMT-DTW,IMT,DTW,67,23.895522388059703,28.671641791044777,0.2537313432835821
IMT-MSP,IMT,MSP,51,15.392156862745098,24.45098039215686,0.17647058823529413
IND-ATL,IND,ATL,487,-0.21765913757700206,7.094455852156058,0.16427104722792607
IND-AUS,IND,AUS,88,3.647727272727273,7.2727272727272725,0.22727272727272727
IND-BOS,IND,BOS,295,4.240677966101695,5.63728813559322,0.16271186440677965
IND-BWI,IND,BWI,166,1.9156626506024097,6.969879518072289,0.15060240963855423
IND-CLT,IND,CLT,291,7.13745704467354,7.261168384879725,0.2027491408934708
IND-DAL,IND,DAL,111,1.954954954954955,13.405405405405405,0.22522522522522523
IND-DCA,IND,DCA,317,-6.757097791798107,-1.3186119873817035,0.0946372239747634
IND-DEN,IND,DEN,376,-1.627659574468085,8.61436170212766,0.16489361702127658
IND-DFW,IND,DFW,254,15.307086614173228,19.062992125984252,0.25984251968503935
IND-DTW,IND,DTW,176,15.346590909090908,21.1875,0.19318181818181818
IND-EWR,IND,EWR,321,-10.595015576323988,2.8909657320872273,0.09657320872274143
IND-EYW,IND,EYW,15,-6.066666666666666,-2.6,0.2
IND-FLL,IND,FLL,205,16.6,17.17560975609756,0.32195121951219513
IND-HOU,IND,HOU,60,-11.85,0.38333333333333336,0.08333333333333333
IND-IAD,IND,IAD,179,-5.4525139664804465,-1.4804469273743017,0.08379888268156424
IND-IAH,IND,IAH,108,0.3611111111111111,6.953703703703703,0.18518518518518517
IND-JAX,IND,JAX,12,4.25,1.0,0.16666666666666666
IND-JFK,IND,JFK,324,-6.302469135802469,2.7746913580246915,0.12037037037037036
IND-LAS,IND,LAS,219,-2.8904109589041096,10.497716894977168,0.2009132420091324
IND-LAX,IND,LAX,88,9.795454545454545,19.397727272727273,0.2159090909090909
IND-LGA,IND,LGA,394,-2.4441624365482233,2.3477157360406093,0.13705583756345177
IND-MCI,IND,MCI,57,-2.5789473684210527,6.43859649122807,0.10526315789473684
IND-MCO,IND,MCO,385,6.202597402597402,12.127272727272727,0.2051948051948052
IND-MIA,IND,MIA,132,38.67424242424242,37.95454545454545,0.32575757575757575
IND-MSP,IND,MSP,194,-2.0927835051546393,7.958762886597938,0.12371134020618557
IND-ORD,IND,ORD,518,1.7548262548262548,7.5347490347490345,0.18532818532818532
IND-PBI,IND,PBI,5,-4.2,4.8,0.2
IND-PGD,IND,PGD,29,11.862068965517242,8.517241379310345,0.3448275862068966
IND-PHL,IND,PHL,225,-5.364444444444445,-0.8622222222222222,0.07555555555555556
IND-PHX,IND,PHX,222,3.279279279279279,14.481981981981981,0.22072072072072071
IND-PIE,IND,PIE,29,13.413793103448276,14.413793103448276,0.2413793103448276
IND-RSW,IND,RSW,210,7.104761904761904,10.433333333333334,0.2761904761904762
IND-SEA,IND,SEA,41,-4.560975609756097,9.951219512195122,0.1951219512195122
IND-SFB,IND,SFB,26,-6.923076923076923,-2.8461538461538463,0.15384615384615385
IND-SFO,IND,SFO,59,-1.423728813559322,4.101694915254237,0.22033898305084745
IND-SRQ,IND,SRQ,50,27.62,26.82,0.22
IND-TPA,IND,TPA,201,6.402985074626866,10.631840796019901,0.19402985074626866
IND-VPS,IND,VPS,5,-6.6,-0.2,0.0
INL-MSP,INL,MSP,98,-14.183673469387756,-0.3877551020408163,0.10204081632653061
ISP-BWI,ISP,BWI,203,-6.320197044334975,2.9655172413793105,0.11330049261083744
ISP-FLL,ISP,FLL,53,14.320754716981131,20.735849056603772,0.24528301886792453
ISP-MCO,ISP,MCO,261,5.471264367816092,12.030651340996169,0.23371647509578544
ISP-PBI,ISP,PBI,221,5.669683257918552,11.995475113122172,0.21266968325791855
ISP-RSW,ISP,RSW,75,5.8133333333333335,19.64,0.26666666666666666
ISP-TPA,ISP,TPA,108,1.4259259259259258,12.61111111111111,0.19444444444444445
ITH-JFK,ITH,JFK,114,-13.18421052631579,7.271929824561403,0.11403508771929824
ITO-HNL,ITO,HNL,1078,5.044526901669759,2.6484230055658626,0.15306122448979592
ITO-OGG,ITO,OGG,60,0.75,0.3333333333333333,0.06666666666666667
JAC-ATL,JAC,ATL,48,22.041666666666668,31.604166666666668,0.20833333333333334
JAC-DEN,JAC,DEN,222,18.05855855855856,21.89189189189189,0.2702702702702703
JAC-DFW,JAC,DFW,114,42.35087719298246,55.3421052631579,0.2982456140350877
JAC-EWR,JAC,EWR,60,38.983333333333334,44.78333333333333,0.36666666666666664
JAC-IAH,JAC,IAH,22,0.9090909090909091,13.454545454545455,0.22727272727272727
JAC-LAX,JAC,LAX,129,12.744186046511627,20.1937984496124,0.2248062015503876
JAC-MSP,JAC,MSP,8,29.375,38.0,0.375
JAC-ORD,JAC,ORD,115,11.304347826086957,17.556521739130435,0.30434782608695654
JAC-SAN,JAC,SAN,10,0.2,0.2,0.1
JAC-SEA,JAC,SEA,41,15.097560975609756,18.951219512195124,0.24390243902439024
JAC-SFO,JAC,SFO,115,13.843478260869565,19.469565217391306,0.30434782608695654
JAC-SLC,JAC,SLC,179,7.078212290502793,16.681564245810055,0.2346368715083799
JAN-ATL,JAN,ATL,429,-4.018648018648019,3.2214452214452214,0.08857808857808858
JAN-BWI,JAN,BWI,52,-1.9423076923076923,3.6923076923076925,0.057692307692307696
JAN-CLT,JAN,CLT,49,13.346938775510203,20.244897959183675,0.2653061224489796
JAN-DCA,JAN,DCA,43,-13.953488372093023,-8.279069767441861,0.06976744186046512
JAN-DFW,JAN,DFW,278,11.62589928057554,13.29496402877698,0.21942446043165467
JAN-HOU,JAN,HOU,152,-5.75,4.0394736842105265,0.1118421052631579
JAN-MCO,JAN,MCO,8,1.75,-3.0,0.25
JAX-ATL,JAX,ATL,704,-6.393465909090909,2.262784090909091,0.08380681818181818
JAX-AUS,JAX,AUS,7,39.42857142857143,22.142857142857142,1.0
JAX-BNA,JAX,BNA,149,-4.134228187919463,2.530201342281879,0.11409395973154363
JAX-BOS,JAX,BOS,168,0.20833333333333334,8.202380952380953,0.17261904761904762
JAX-BWI,JAX,BWI,228,-1.0263157894736843,5.135964912280702,0.12719298245614036
JAX-CLT,JAX,CLT,400,10.665,14.3325,0.2125
JAX-CVG,JAX,CVG,19,13.421052631578947,20.842105263157894,0.21052631578947367
JAX-DCA,JAX,DCA,239,12.778242677824268,15.765690376569038,0.2510460251046025
JAX-DEN,JAX,DEN,147,15.476190476190476,19.58503401360544,0.25170068027210885
JAX-DFW,JAX,DFW,262,13.110687022900763,13.961832061068701,0.22519083969465647
JAX-DTW,JAX,DTW,36,3.5555555555555554,11.583333333333334,0.19444444444444445
JAX-EWR,JAX,EWR,234,-5.4914529914529915,6.97008547008547,0.1111111111111111
JAX-FLL,JAX,FLL,85,14.788235294117648,15.211764705882352,0.3176470588235294
JAX-FNT,JAX,FNT,9,6.555555555555555,15.555555555555555,0.4444444444444444
JAX-HOU,JAX,HOU,59,5.423728813559322,10.203389830508474,0.2033898305084746
JAX-IAD,JAX,IAD,110,-0.2,1.518181818181818,0.15454545454545454
JAX-IAH,JAX,IAH,156,7.564102564102564,11.326923076923077,0.1858974358974359
JAX-IND,JAX,IND,12,3.0833333333333335,5.166666666666667,0.16666666666666666
JAX-JFK,JAX,JFK,256,6.31640625,13.4765625,0.19921875
JAX-LGA,JAX,LGA,166,-2.180722891566265,9.53012048192771,0.10240963855421686
JAX-MDW,JAX,MDW,44,0.25,9.727272727272727,0.13636363636363635
JAX-MIA,JAX,MIA,303,6.894389438943894,7.590759075907591,0.19471947194719472
JAX-MSP,JAX,MSP,7,-14.857142857142858,-6.0,0.0
JAX-ORD,JAX,ORD,228,0.2719298245614035,2.960526315789474,0.12280701754385964
JAX-PHL,JAX,PHL,229,11.655021834061136,15.655021834061136,0.1703056768558952
JAX-PHX,JAX,PHX,59,29.305084745762713,19.47457627118644,0.4067796610169492
JAX-PIT,JAX,PIT,10,12.1,11.1,0.3
JAX-SJU,JAX,SJU,59,2.7966101694915255,7.8474576271186445,0.2033898305084746
JAX-STL,JAX,STL,52,5.019230769230769,9.26923076923077,0.21153846153846154
JFK-ABQ,JFK,ABQ,15,34.0,38.4,0.5333333333333333
JFK-ATL,JFK,ATL,478,3.288702928870293,16.5836820083682,0.20711297071129708
JFK-AUS,JFK,AUS,386,5.251295336787565,9.743523316062177,0.26424870466321243
JFK-BGR,JFK,BGR,58,11.96551724137931,15.224137931034482,0.20689655172413793
JFK-BNA,JFK,BNA,286,-5.944055944055944,4.293706293706293,0.15384615384615385
JFK-BOS,JFK,BOS,932,8.706008583690988,15.693133047210301,0.22854077253218885
JFK-BQN,JFK,BQN,89,21.15730337078652,26.202247191011235,0.42696629213483145
JFK-BTV,JFK,BTV,121,0.24793388429752067,6.669421487603306,0.15702479338842976
JFK-BUF,JFK,BUF,384,15.135416666666666,21.5078125,0.2421875
JFK-BUR,JFK,BUR,60,3.9,20.766666666666666,0.3333333333333333
JFK-BWI,JFK,BWI,113,3.0265486725663715,11.29203539823009,0.17699115044247787
JFK-BZN,JFK,BZN,8,-2.75,13.125,0.25
JFK-CHS,JFK,CHS,241,2.5601659751037342,9.738589211618256,0.1825726141078838
JFK-CLE,JFK,CLE,267,-10.176029962546817,1.4157303370786516,0.08614232209737828
JFK-CLT,JFK,CLT,499,-3.9719438877755513,8.230460921843687,0.13026052104208416
JFK-CMH,JFK,CMH,272,-4.856617647058823,3.0330882352941178,0.13970588235294118
JFK-CVG,JFK,CVG,332,-9.981927710843374,3.3855421686746987,0.13253012048192772
JFK-DCA,JFK,DCA,351,-13.156695156695157,4.056980056980057,0.09401709401709402
JFK-DEN,JFK,DEN,195,-11.071794871794872,9.95897435897436,0.19487179487179487
JFK-DFW,JFK,DFW,297,0.6094276094276094,15.744107744107744,0.20202020202020202
JFK-DTW,JFK,DTW,295,4.657627118644068,10.284745762711864,0.15254237288135594
JFK-EGE,JFK,EGE,59,3.305084745762712,19.593220338983052,0.11864406779661017
JFK-FLL,JFK,FLL,605,13.743801652892563,20.04297520661157,0.30082644628099175
JFK-HNL,JFK,HNL,119,4.722689075630252,4.65546218487395,0.3025210084033613
JFK-IAD,JFK,IAD,111,7.378378378378378,14.054054054054054,0.21621621621621623
JFK-IAH,JFK,IAH,57,13.192982456140351,28.31578947368421,0.40350877192982454
JFK-IND,JFK,IND,326,-6.226993865030675,5.9969325153374236,0.13803680981595093
JFK-ITH,JFK,ITH,114,-7.315789473684211,0.39473684210526316,0.12280701754385964
JFK-JAX,JFK,JAX,257,-0.03501945525291829,9.350194552529183,0.22178988326848248
JFK-LAS,JFK,LAS,436,-16.896788990825687,7.7110091743119265,0.13990825688073394
JFK-LAX,JFK,LAX,1468,-9.211171662125341,5.510217983651226,0.1335149863760218
JFK-MCI,JFK,MCI,118,4.47457627118644,17.76271186440678,0.2542372881355932
JFK-MCO,JFK,MCO,693,8.404040404040405,16.91053391053391,0.26262626262626265
JFK-MIA,JFK,MIA,932,6.086909871244635,8.88519313304721,0.2532188841201717
JFK-MKE,JFK,MKE,114,-4.140350877192983,6.06140350877193,0.18421052631578946
JFK-MSP,JFK,MSP,176,-1.7954545454545454,16.357954545454547,0.18181818181818182
JFK-MSY,JFK,MSY,173,4.202312138728324,12.364161849710984,0.2023121387283237
JFK-ONT,JFK,ONT,59,1.0847457627118644,22.0,0.2542372881355932
JFK-ORD,JFK,ORD,395,5.924050632911392,20.09113924050633,0.21012658227848102
JFK-ORF,JFK,ORF,162,-3.814814814814815,1.228395061728395,0.15432098765432098
JFK-ORH,JFK,ORH,51,-8.333333333333334,-4.411764705882353,0.11764705882352941
JFK-PBI,JFK,PBI,337,8.810089020771514,16.590504451038576,0.26706231454005935
JFK-PDX,JFK,PDX,106,-15.622641509433961,5.915094339622642,0.12264150943396226
JFK-PHX,JFK,PHX,441,-13.909297052154194,7.9433106575963714,0.1292517006802721
JFK-PIT,JFK,PIT,287,-7.979094076655052,0.5574912891986062,0.0975609756097561
JFK-PSE,JFK,PSE,60,23.9,29.033333333333335,0.35
JFK-PSP,JFK,PSP,49,-10.73469387755102,5.816326530612245,0.14285714285714285
JFK-PWM,JFK,PWM,105,0.7619047619047619,12.838095238095239,0.19047619047619047
JFK-RDU,JFK,RDU,578,1.3598615916955017,10.520761245674741,0.19896193771626297
JFK-RIC,JFK,RIC,113,3.061946902654867,9.283185840707965,0.1592920353982301
JFK-RNO,JFK,RNO,18,-0.6666666666666666,26.11111111111111,0.2777777777777778
JFK-ROC,JFK,ROC,232,11.293103448275861,19.0,0.25862068965517243
JFK-RSW,JFK,RSW,252,7.908730158730159,10.996031746031745,0.24603174603174602
JFK-SAN,JFK,SAN,303,-8.650165016501651,5.676567656765677,0.1617161716171617
JFK-SAT,JFK,SAT,119,5.243697478991597,11.420168067226891,0.20168067226890757
JFK-SAV,JFK,SAV,229,4.244541484716157,11.799126637554584,0.24890829694323144
JFK-SEA,JFK,SEA,343,-12.60058309037901,9.737609329446064,0.11078717201166181
JFK-SFO,JFK,SFO,882,-6.041950113378685,11.151927437641723,0.19727891156462585
JFK-SJU,JFK,SJU,500,13.356,18.838,0.306
JFK-SLC,JFK,SLC,366,-13.153005464480874,10.327868852459016,0.15846994535519127
JFK-SMF,JFK,SMF,59,16.033898305084747,37.779661016949156,0.3898305084745763
JFK-SNA,JFK,SNA,59,-11.627118644067796,-0.15254237288135594,0.06779661016949153
JFK-SRQ,JFK,SRQ,59,-4.762711864406779,8.220338983050848,0.15254237288135594
JFK-STT,JFK,STT,119,10.823529411764707,18.714285714285715,0.17647058823529413
JFK-SYR,JFK,SYR,230,6.752173913043478,13.92608695652174,0.21739130434782608
JFK-TPA,JFK,TPA,362,3.185082872928177,10.839779005524862,0.20994475138121546
JLN-DEC,JLN,DEC,55,10.018181818181818,11.272727272727273,0.21818181818181817
JLN-DEN,JLN,DEN,39,-3.076923076923077,20.205128205128204,0.10256410256410256
JMS-DEN,JMS,DEN,43,25.488372093023255,37.7906976744186,0.18604651162790697
JMS-DVL,JMS,DVL,52,9.923076923076923,13.134615384615385,0.07692307692307693
JNU-ANC,JNU,ANC,173,9.520231213872833,8.53757225433526,0.2254335260115607
JNU-KTN,JNU,KTN,54,11.537037037037036,10.88888888888889,0.24074074074074073
JNU-PSG,JNU,PSG,59,-2.305084745762712,11.661016949152541,0.1864406779661017
JNU-SEA,JNU,SEA,174,9.75287356321839,6.82183908045977,0.1839080459770115
JNU-SIT,JNU,SIT,114,5.271929824561403,4.131578947368421,0.24561403508771928
JNU-YAK,JNU,YAK,57,9.666666666666666,9.701754385964913,0.2631578947368421
JST-IAD,JST,IAD,53,-7.528301886792453,9.09433962264151,0.16981132075471697
JST-ORD,JST,ORD,55,-1.9454545454545455,14.418181818181818,0.2
KOA-ANC,KOA,ANC,51,16.392156862745097,26.07843137254902,0.2549019607843137
KOA-DEN,KOA,DEN,60,-4.4,19.716666666666665,0.05
KOA-HNL,KOA,HNL,1320,9.054545454545455,6.820454545454545,0.21742424242424244
KOA-LAS,KOA,LAS,60,-14.816666666666666,5.0,0.05
KOA-LAX,KOA,LAX,246,-11.40650406504065,9.715447154471544,0.07317073170731707
KOA-LIH,KOA,LIH,60,7.216666666666667,5.333333333333333,0.06666666666666667
KOA-OAK,KOA,OAK,60,-25.45,1.8666666666666667,0.03333333333333333
KOA-OGG,KOA,OGG,240,6.4125,5.591666666666667,0.10416666666666667
KOA-ORD,KOA,ORD,8,10.75,33.5,0.25
KOA-PDX,KOA,PDX,49,20.897959183673468,37.285714285714285,0.2857142857142857
KOA-PHX,KOA,PHX,67,17.492537313432837,37.208955223880594,0.07462686567164178
KOA-SAN,KOA,SAN,28,2.2142857142857144,19.321428571428573,0.21428571428571427
KOA-SEA,KOA,SEA,189,-0.5502645502645502,18.052910052910054,0.19047619047619047
KOA-SFO,KOA,SFO,130,0.7384615384615385,14.86923076923077,0.14615384615384616
KOA-SJC,KOA,SJC,29,-2.5172413793103448,6.379310344827586,0.13793103448275862
KTN-JNU,KTN,JNU,53,-10.415094339622641,-7.188679245283019,0.11320754716981132
KTN-SEA,KTN,SEA,170,-6.723529411764706,-3.7588235294117647,0.12352941176470589
KTN-SIT,KTN,SIT,60,4.783333333333333,6.25,0.23333333333333334
KTN-WRG,KTN,WRG,58,-4.120689655172414,4.068965517241379,0.15517241379310345
LAN-DCA,LAN,DCA,44,13.613636363636363,12.954545454545455,0.2727272727272727
LAN-DTW,LAN,DTW,154,14.493506493506494,18.415584415584416,0.22727272727272727
LAR-DEN,LAR,DEN,94,0.8085106382978723,-0.5106382978723404,0.1276595744680851
LAS-ABQ,LAS,ABQ,265,5.226415094339623,10.947169811320755,0.20754716981132076
LAS-AMA,LAS,AMA,59,-1.8135593220338984,4.169491525423729,0.15254237288135594
LAS-ANC,LAS,ANC,14,4.5,15.571428571428571,0.35714285714285715
LAS-ATL,LAS,ATL,771,-0.5265888456549935,7.828793774319066,0.18417639429312582
LAS-ATW,LAS,ATW,18,-2.1666666666666665,6.666666666666667,0.3333333333333333
LAS-AUS,LAS,AUS,510,3.9411764705882355,10.466666666666667,0.19019607843137254
LAS-AVL,LAS,AVL,18,0.05555555555555555,13.88888888888889,0.16666666666666666
LAS-AZA,LAS,AZA,2,-17.5,-8.5,0.0
LAS-BHM,LAS,BHM,53,10.716981132075471,17.62264150943396,0.37735849056603776
LAS-BIL,LAS,BIL,16,-5.3125,0.25,0.1875
LAS-BIS,LAS,BIS,16,-17.625,-3.125,0.0625
LAS-BLI,LAS,BLI,147,2.2244897959183674,10.802721088435375,0.16326530612244897
LAS-BLV,LAS,BLV,4,-8.75,2.0,0.25
LAS-BNA,LAS,BNA,261,4.704980842911877,12.78544061302682,0.21839080459770116
LAS-BOI,LAS,BOI,307,2.6775244299674266,8.127035830618892,0.19543973941368079
LAS-BOS,LAS,BOS,227,-3.647577092511013,8.220264317180616,0.1894273127753304
LAS-BUF,LAS,BUF,36,9.5,9.416666666666666,0.25
LAS-BUR,LAS,BUR,681,3.9441997063142438,11.286343612334802,0.19530102790014683
LAS-BWI,LAS,BWI,276,2.9094202898550723,9.670289855072463,0.18478260869565216
LAS-BZN,LAS,BZN,129,2.5426356589147288,10.054263565891473,0.18604651162790697
LAS-CHS,LAS,CHS,30,-14.366666666666667,5.2,0.1
LAS-CID,LAS,CID,16,-6.9375,-1.625,0.0625
LAS-CLE,LAS,CLE,98,-0.3979591836734694,7.0,0.15306122448979592
LAS-CLT,LAS,CLT,405,-2.3753086419753084,9.037037037037036,0.14320987654320988
LAS-CMH,LAS,CMH,156,3.3461538461538463,8.967948717948717,0.17307692307692307
LAS-COS,LAS,COS,155,2.4,9.606451612903227,0.1870967741935484
LAS-CVG,LAS,CVG,99,8.565656565656566,11.858585858585858,0.16161616161616163
LAS-DAL,LAS,DAL,450,8.426666666666666,12.913333333333334,0.24666666666666667
LAS-DCA,LAS,DCA,59,12.338983050847459,15.745762711864407,0.3389830508474576
LAS-DEN,LAS,DEN,1352,5.062869822485207,10.778106508875739,0.21005917159763313
LAS-DFW,LAS,DFW,960,9.171875,15.115625,0.203125
LAS-DSM,LAS,DSM,88,4.988636363636363,10.545454545454545,0.2159090909090909
LAS-DTW,LAS,DTW,375,5.488,12.706666666666667,0.16266666666666665
LAS-ELP,LAS,ELP,179,2.7486033519553073,8.30167597765363,0.17318435754189945
LAS-EUG,LAS,EUG,72,4.722222222222222,7.597222222222222,0.20833333333333334
LAS-EWR,LAS,EWR,458,2.03056768558952,10.534934497816593,0.17248908296943233
LAS-FAR,LAS,FAR,17,-13.588235294117647,-5.705882352941177,0.0
LAS-FAT,LAS,FAT,257,7.284046692607004,11.53307392996109,0.245136186770428
LAS-FCA,LAS,FCA,17,-7.705882352941177,1.7058823529411764,0.11764705882352941
LAS-FLL,LAS,FLL,122,20.19672131147541,22.049180327868854,0.27049180327868855
LAS-FNT,LAS,FNT,17,5.294117647058823,14.529411764705882,0.4117647058823529
LAS-FSD,LAS,FSD,34,-4.823529411764706,-3.735294117647059,0.11764705882352941
LAS-FWA,LAS,FWA,8,-23.625,-9.875,0.0
LAS-GEG,LAS,GEG,94,-0.9893617021276596,11.393617021276595,0.1595744680851064
LAS-GFK,LAS,GFK,17,-14.294117647058824,1.2941176470588236,0.058823529411764705
LAS-GJT,LAS,GJT,17,-3.235294117647059,-2.0,0.058823529411764705
LAS-GRI,LAS,GRI,17,-11.058823529411764,-3.235294117647059,0.11764705882352941
LAS-GRR,LAS,GRR,33,19.21212121212121,29.757575757575758,0.24242424242424243
LAS-GTF,LAS,GTF,16,60.8125,67.875,0.1875
LAS-HNL,LAS,HNL,221,22.085972850678733,16.25339366515837,0.3891402714932127
LAS-HOU,LAS,HOU,304,6.444078947368421,12.30921052631579,0.23355263157894737
LAS-IAD,LAS,IAD,148,1.6418918918918919,9.77027027027027,0.14864864864864866
LAS-IAH,LAS,IAH,618,-0.4692556634304207,9.009708737864077,0.15372168284789645
LAS-ICT,LAS,ICT,78,1.8461538461538463,7.948717948717949,0.15384615384615385
LAS-IDA,LAS,IDA,18,8.833333333333334,9.666666666666666,0.2222222222222222
LAS-IND,LAS,IND,220,5.654545454545454,12.190909090909091,0.2409090909090909
LAS-JFK,LAS,JFK,438,-2.141552511415525,6.789954337899544,0.1917808219178082
LAS-KOA,LAS,KOA,60,5.516666666666667,13.266666666666667,0.35
LAS-LAX,LAS,LAX,1485,6.7771043771043775,11.686868686868687,0.23636363636363636
LAS-LBB,LAS,LBB,60,5.0,8.95,0.16666666666666666
LAS-LEX,LAS,LEX,18,-29.38888888888889,0.5,0.05555555555555555
LAS-LGA,LAS,LGA,7,-3.142857142857143,8.142857142857142,0.14285714285714285
LAS-LGB,LAS,LGB,374,4.7272727272727275,12.016042780748663,0.23796791443850268
LAS-LIH,LAS,LIH,60,11.2,13.6,0.4666666666666667
LAS-LIT,LAS,LIT,60,3.533333333333333,10.866666666666667,0.13333333333333333
LAS-LRD,LAS,LRD,18,-7.555555555555555,-6.722222222222222,0.1111111111111111
LAS-MAF,LAS,MAF,59,-0.03389830508474576,4.101694915254237,0.13559322033898305
LAS-MCI,LAS,MCI,310,5.561290322580645,9.109677419354838,0.2
LAS-MCO,LAS,MCO,199,6.236180904522613,13.28140703517588,0.2613065326633166
LAS-MDW,LAS,MDW,433,3.3418013856812934,13.51270207852194,0.21016166281755197
LAS-MEM,LAS,MEM,76,-6.157894736842105,-2.0,0.039473684210526314
LAS-MFE,LAS,MFE,50,-3.7,3.84,0.08
LAS-MFR,LAS,MFR,17,1.7647058823529411,4.9411764705882355,0.058823529411764705
LAS-MIA,LAS,MIA,237,4.9113924050632916,12.637130801687764,0.2109704641350211
LAS-MKE,LAS,MKE,216,5.143518518518518,9.944444444444445,0.24074074074074073
LAS-MLI,LAS,MLI,17,-14.294117647058824,-7.117647058823529,0.058823529411764705
LAS-MOT,LAS,MOT,18,5.555555555555555,14.222222222222221,0.1111111111111111
LAS-MRY,LAS,MRY,17,13.0,13.411764705882353,0.11764705882352941
LAS-MSO,LAS,MSO,17,-1.1764705882352942,8.882352941176471,0.11764705882352941
LAS-MSP,LAS,MSP,444,-3.1283783783783785,6.103603603603603,0.11936936936936937
LAS-MSY,LAS,MSY,179,5.284916201117318,10.184357541899441,0.22905027932960895
LAS-OAK,LAS,OAK,736,8.240489130434783,12.519021739130435,0.24864130434782608
LAS-OGG,LAS,OGG,120,46.166666666666664,42.041666666666664,0.43333333333333335
LAS-OKC,LAS,OKC,171,7.356725146198831,12.929824561403509,0.23391812865497075
LAS-OMA,LAS,OMA,207,8.46376811594203,14.120772946859903,0.2608695652173913
LAS-ONT,LAS,ONT,378,0.19576719576719576,7.1005291005291005,0.1455026455026455
LAS-ORD,LAS,ORD,755,0.30993377483443707,8.60794701986755,0.16026490066225166
LAS-PAE,LAS,PAE,30,21.0,20.366666666666667,0.36666666666666664
LAS-PDX,LAS,PDX,613,2.5122349102773245,7.0,0.19902120717781402
LAS-PHL,LAS,PHL,188,-4.3936170212765955,3.617021276595745,0.10106382978723404
LAS-PHX,LAS,PHX,1110,8.151351351351352,11.708108108108108,0.209009009009009
LAS-PIA,LAS,PIA,16,5.75,15.3125,0.125
LAS-PIT,LAS,PIT,104,13.740384615384615,15.721153846153847,0.3076923076923077
LAS-PSC,LAS,PSC,19,6.2105263157894735,7.947368421052632,0.21052631578947367
LAS-PSP,LAS,PSP,125,9.136,15.808,0.288
LAS-PVU,LAS,PVU,18,32.27777777777778,26.333333333333332,0.3333333333333333
LAS-RAP,LAS,RAP,18,-16.166666666666668,-8.88888888888889,0.05555555555555555
LAS-RDU,LAS,RDU,39,12.615384615384615,11.102564102564102,0.10256410256410256
LAS-RFD,LAS,RFD,18,-8.333333333333334,-1.3888888888888888,0.05555555555555555
LAS-RIC,LAS,RIC,32,-4.3125,8.46875,0.15625
LAS-RNO,LAS,RNO,613,5.882544861337683,12.473083197389887,0.2169657422512235
LAS-SAN,LAS,SAN,1086,4.083793738489871,8.715469613259668,0.19705340699815838
LAS-SAT,LAS,SAT,349,2.988538681948424,8.581661891117479,0.17765042979942694
LAS-SBA,LAS,SBA,121,9.743801652892563,16.71900826446281,0.256198347107438
LAS-SBN,LAS,SBN,18,-1.5,0.05555555555555555,0.16666666666666666
LAS-SBP,LAS,SBP,58,17.586206896551722,14.655172413793103,0.27586206896551724
LAS-SCK,LAS,SCK,61,7.081967213114754,7.016393442622951,0.19672131147540983
LAS-SDF,LAS,SDF,61,3.819672131147541,10.278688524590164,0.2786885245901639
LAS-SEA,LAS,SEA,1006,-0.13518886679920478,9.301192842942346,0.1848906560636183
LAS-SFO,LAS,SFO,786,22.221374045801525,22.735368956743002,0.36768447837150126
LAS-SGF,LAS,SGF,17,0.5882352941176471,-0.7647058823529411,0.11764705882352941
LAS-SHV,LAS,SHV,16,-11.6875,-2.125,0.0
LAS-SJC,LAS,SJC,664,3.391566265060241,10.521084337349398,0.2063253012048193
LAS-SLC,LAS,SLC,780,0.06153846153846154,7.074358974358974,0.16923076923076924
LAS-SMF,LAS,SMF,858,5.243589743589744,10.48951048951049,0.19230769230769232
LAS-SMX,LAS,SMX,18,28.27777777777778,31.333333333333332,0.2222222222222222
LAS-SNA,LAS,SNA,646,2.9024767801857587,10.777089783281733,0.19814241486068113
LAS-STL,LAS,STL,285,3.4210526315789473,10.72982456140351,0.18596491228070175
LAS-TPA,LAS,TPA,121,7.975206611570248,13.479338842975206,0.2727272727272727
LAS-TUL,LAS,TUL,91,4.054945054945055,9.824175824175825,0.21978021978021978
LAS-TUS,LAS,TUS,231,5.714285714285714,11.883116883116884,0.21212121212121213
LAS-TYS,LAS,TYS,16,7.625,11.1875,0.125
LAS-VPS,LAS,VPS,7,-28.142857142857142,-4.714285714285714,0.0
LAS-XNA,LAS,XNA,18,5.611111111111111,9.055555555555555,0.2777777777777778
LAW-DFW,LAW,DFW,171,9.169590643274853,14.134502923976608,0.16374269005847952
LAX-ABQ,LAX,ABQ,338,2.36094674556213,6.988165680473373,0.11538461538461539
LAX-ACV,LAX,ACV,60,8.3,4.45,0.16666666666666666
LAX-ANC,LAX,ANC,53,-2.452830188679245,3.6226415094339623,0.24528301886792453
LAX-ASE,LAX,ASE,294,18.901360544217688,20.4421768707483,0.3707482993197279
LAX-ATL,LAX,ATL,765,7.3581699346405225,15.086274509803921,0.20522875816993463
LAX-AUS,LAX,AUS,576,6.178819444444445,9.666666666666666,0.1840277777777778
LAX-BHM,LAX,BHM,3,-24.666666666666668,-9.333333333333334,0.0
LAX-BLI,LAX,BLI,17,1.588235294117647,6.588235294117647,0.23529411764705882
LAX-BNA,LAX,BNA,276,8.344202898550725,14.210144927536232,0.17391304347826086
LAX-BOI,LAX,BOI,128,-4.265625,1.265625,0.1015625
LAX-BOS,LAX,BOS,560,-1.7982142857142858,7.135714285714286,0.15714285714285714
LAX-BUF,LAX,BUF,57,1.5263157894736843,2.9649122807017543,0.19298245614035087
LAX-BWI,LAX,BWI,220,2.35,10.445454545454545,0.21363636363636362
LAX-BZN,LAX,BZN,186,-6.876344086021505,-0.9408602150537635,0.0913978494623656
LAX-CLE,LAX,CLE,71,-3.859154929577465,8.014084507042254,0.1267605633802817
LAX-CLT,LAX,CLT,459,-0.23529411764705882,11.002178649237473,0.12418300653594772
LAX-CMH,LAX,CMH,59,-1.5932203389830508,6.9491525423728815,0.03389830508474576
LAX-CVG,LAX,CVG,47,-1.1063829787234043,5.085106382978723,0.14893617021276595
LAX-DAL,LAX,DAL,353,2.8810198300283285,6.7280453257790365,0.19830028328611898
LAX-DCA,LAX,DCA,236,-1.4152542372881356,7.75,0.1440677966101695
LAX-DEN,LAX,DEN,1076,0.48977695167286245,7.897769516728625,0.1449814126394052
LAX-DFW,LAX,DFW,1053,8.108262108262108,14.10446343779677,0.16999050332383667
LAX-DTW,LAX,DTW,354,-0.7598870056497176,9.774011299435028,0.1497175141242938
LAX-EGE,LAX,EGE,136,25.830882352941178,26.360294117647058,0.19852941176470587
LAX-ELP,LAX,ELP,185,-0.3891891891891892,4.702702702702703,0.14054054054054055
LAX-EUG,LAX,EUG,9,17.22222222222222,9.11111111111111,0.5555555555555556
LAX-EWR,LAX,EWR,819,-0.2661782661782662,12.213675213675213,0.1575091575091575
LAX-FAT,LAX,FAT,107,4.990654205607477,6.97196261682243,0.17757009345794392
LAX-FLL,LAX,FLL,392,-3.5739795918367347,7.173469387755102,0.16071428571428573
LAX-GEG,LAX,GEG,98,-4.112244897959184,2.663265306122449,0.14285714285714285
LAX-HDN,LAX,HDN,47,-0.2978723404255319,0.46808510638297873,0.19148936170212766
LAX-HNL,LAX,HNL,794,13.090680100755668,10.667506297229219,0.34886649874055414
LAX-HOU,LAX,HOU,170,5.129411764705883,11.070588235294117,0.23529411764705882
LAX-IAD,LAX,IAD,280,1.7642857142857142,7.664285714285715,0.22142857142857142
LAX-IAH,LAX,IAH,727,-3.653370013755158,7.715268225584595,0.11141678129298486
LAX-IND,LAX,IND,89,0.9775280898876404,8.191011235955056,0.12359550561797752
LAX-JAC,LAX,JAC,129,1.2790697674418605,6.751937984496124,0.14728682170542637
LAX-JFK,LAX,JFK,1469,2.803948264125255,11.245064669843432,0.16201497617426822
LAX-KOA,LAX,KOA,248,5.487903225806452,9.834677419354838,0.24596774193548387
LAX-LAS,LAX,LAS,1490,10.363758389261745,12.966442953020135,0.2395973154362416
LAX-LGA,LAX,LGA,1,-15.0,-4.0,0.0
LAX-LIH,LAX,LIH,195,1.6717948717948719,3.0871794871794873,0.2153846153846154
LAX-MCI,LAX,MCI,162,-3.0617283950617282,2.5555555555555554,0.09259259259259259
LAX-MCO,LAX,MCO,491,-0.3564154786150713,9.429735234215887,0.1364562118126273
LAX-MDW,LAX,MDW,164,2.067073170731707,11.274390243902438,0.1951219512195122
LAX-MEM,LAX,MEM,84,2.6785714285714284,5.440476190476191,0.15476190476190477
LAX-MFR,LAX,MFR,12,36.083333333333336,35.083333333333336,0.4166666666666667
LAX-MIA,LAX,MIA,670,9.18955223880597,15.120895522388059,0.2298507462686567
LAX-MRY,LAX,MRY,111,0.6846846846846847,2.4864864864864864,0.15315315315315314
LAX-MSP,LAX,MSP,295,-3.0,9.108474576271187,0.10508474576271186
LAX-MSY,LAX,MSY,252,2.7301587301587302,7.412698412698413,0.1984126984126984
LAX-MTJ,LAX,MTJ,11,-4.454545454545454,-3.8181818181818183,0.09090909090909091
LAX-OAK,LAX,OAK,615,2.8260162601626018,7.373983739837398,0.18536585365853658
LAX-OGG,LAX,OGG,308,1.6396103896103895,6.792207792207792,0.22727272727272727
LAX-OKC,LAX,OKC,119,-10.084033613445378,-2.19327731092437,0.07563025210084033
LAX-OMA,LAX,OMA,64,-2.125,-1.203125,0.125
LAX-ORD,LAX,ORD,932,-0.11587982832618025,9.78969957081545,0.15128755364806867
LAX-PAE,LAX,PAE,50,11.06,7.88,0.28
LAX-PBI,LAX,PBI,60,-8.6,3.4166666666666665,0.11666666666666667
LAX-PDX,LAX,PDX,581,0.8399311531841652,6.022375215146299,0.1566265060240964
LAX-PHL,LAX,PHL,391,0.629156010230179,7.603580562659847,0.14066496163682865
LAX-PHX,LAX,PHX,985,7.505583756345177,11.350253807106599,0.2131979695431472
LAX-PIT,LAX,PIT,55,-2.981818181818182,1.4363636363636363,0.12727272727272726
LAX-PRC,LAX,PRC,58,42.93103448275862,47.39655172413793,0.1724137931034483
LAX-PSP,LAX,PSP,61,9.60655737704918,8.62295081967213,0.18032786885245902
LAX-PVU,LAX,PVU,2,48.0,55.5,0.5
LAX-RDD,LAX,RDD,60,6.05,5.25,0.13333333333333333
LAX-RDM,LAX,RDM,90,8.38888888888889,10.0,0.24444444444444444
LAX-RDU,LAX,RDU,109,7.348623853211009,14.688073394495413,0.11009174311926606
LAX-RNO,LAX,RNO,400,2.4525,7.385,0.16
LAX-RSW,LAX,RSW,29,-25.482758620689655,2.793103448275862,0.10344827586206896
LAX-SAN,LAX,SAN,343,0.8979591836734694,6.055393586005831,0.12244897959183673
LAX-SAT,LAX,SAT,330,4.524242424242424,8.539393939393939,0.18787878787878787
LAX-SBA,LAX,SBA,104,-2.8846153846153846,1.8269230769230769,0.1346153846153846
LAX-SBP,LAX,SBP,57,61.280701754385966,66.64912280701755,0.17543859649122806
LAX-SDF,LAX,SDF,9,-15.88888888888889,-1.6666666666666667,0.0
LAX-SEA,LAX,SEA,990,-3.3,5.864646464646465,0.1414141414141414
LAX-SFO,LAX,SFO,1620,20.621604938271606,18.2320987654321,0.39012345679012345
LAX-SGF,LAX,SGF,5,20.0,21.0,0.2
LAX-SJC,LAX,SJC,814,-0.21621621621621623,5.495085995085995,0.14004914004914004
LAX-SLC,LAX,SLC,917,-3.446019629225736,4.28680479825518,0.11232279171210469
LAX-SMF,LAX,SMF,780,-1.3166666666666667,4.9512820512820515,0.1423076923076923
LAX-STL,LAX,STL,155,5.445161290322581,12.55483870967742,0.16129032258064516
LAX-STS,LAX,STS,67,14.328358208955224,14.91044776119403,0.2835820895522388
LAX-SUN,LAX,SUN,76,-10.092105263157896,-0.8421052631578947,0.06578947368421052
LAX-TPA,LAX,TPA,198,-5.474747474747475,3.3686868686868685,0.11616161616161616
LAX-TUL,LAX,TUL,76,-4.2368421052631575,2.0789473684210527,0.09210526315789473
LAX-TUS,LAX,TUS,390,12.053846153846154,13.164102564102564,0.2205128205128205
LAX-XNA,LAX,XNA,67,-4.880597014925373,-2.626865671641791,0.11940298507462686
LBB-AUS,LBB,AUS,51,-0.13725490196078433,4.784313725490196,0.11764705882352941
LBB-DAL,LBB,DAL,241,-7.6970954356846475,4.0,0.0912863070539419
LBB-DEN,LBB,DEN,96,9.6875,6.71875,0.21875
LBB-DFW,LBB,DFW,377,13.572944297082229,16.23076923076923,0.23872679045092837
LBB-HOU,LBB,HOU,15,-8.733333333333333,4.733333333333333,0.2
LBB-LAS,LBB,LAS,59,4.186440677966102,13.59322033898305,0.22033898305084745
LBB-PHX,LBB,PHX,59,-6.762711864406779,-1.6610169491525424,0.05084745762711865
LBE-MCO,LBE,MCO,59,2.7457627118644066,11.220338983050848,0.22033898305084745
LBF-DEN,LBF,DEN,98,9.622448979591837,14.5,0.17346938775510204
LBL-DDC,LBL,DDC,24,-6.541666666666667,-2.875,0.125
LBL-DEN,LBL,DEN,15,30.8,39.06666666666667,0.2
LCH-DFW,LCH,DFW,175,28.56,25.16,0.24
LCK-FLL,LCK,FLL,17,-13.058823529411764,2.0,0.11764705882352941
LCK-MYR,LCK,MYR,2,-0.5,3.5,0.0
LCK-PGD,LCK,PGD,26,8.538461538461538,5.615384615384615,0.3076923076923077
LCK-PIE,LCK,PIE,19,-12.368421052631579,-3.0526315789473686,0.05263157894736842
LCK-SAV,LCK,SAV,7,-16.285714285714285,-10.0,0.0
LCK-SFB,LCK,SFB,19,9.473684210526315,19.789473684210527,0.3684210526315789
LCK-SRQ,LCK,SRQ,19,-8.947368421052632,1.4736842105263157,0.10526315789473684
LCK-VPS,LCK,VPS,4,-18.75,-12.5,0.0
LEX-ATL,LEX,ATL,283,-9.975265017667844,3.0247349823321557,0.10954063604240283
LEX-CLT,LEX,CLT,287,4.665505226480836,8.10801393728223,0.2229965156794425
LEX-DCA,LEX,DCA,46,14.869565217391305,11.608695652173912,0.15217391304347827
LEX-DEN,LEX,DEN,60,-2.1666666666666665,8.216666666666667,0.2
LEX-DFW,LEX,DFW,160,4.4375,14.5875,0.20625
LEX-DTW,LEX,DTW,100,21.04,32.99,0.25
LEX-FLL,LEX,FLL,19,6.052631578947368,9.894736842105264,0.2631578947368421
LEX-LAS,LEX,LAS,18,-4.722222222222222,4.833333333333333,0.16666666666666666
LEX-MIA,LEX,MIA,8,-2.875,-1.625,0.125
LEX-ORD,LEX,ORD,202,18.846534653465348,18.094059405940595,0.29207920792079206
LEX-PGD,LEX,PGD,19,18.263157894736842,16.05263157894737,0.47368421052631576
LEX-PIE,LEX,PIE,20,-5.3,-2.95,0.15
LEX-SFB,LEX,SFB,21,41.95238095238095,45.714285714285715,0.2857142857142857
LFT-ATL,LFT,ATL,146,2.7945205479452055,6.958904109589041,0.18493150684931506
LFT-CLT,LFT,CLT,58,19.17241379310345,19.53448275862069,0.1206896551724138
LFT-DFW,LFT,DFW,208,18.192307692307693,19.884615384615383,0.22596153846153846
LFT-MSY,LFT,MSY,1,59.0,73.0,1.0
LGA-ALB,LGA,ALB,101,-9.475247524752476,4.079207920792079,0.07920792079207921
LGA-ATL,LGA,ATL,1250,-5.1696,11.4464,0.1488
LGA-AVL,LGA,AVL,117,-5.82051282051282,3.2735042735042734,0.13675213675213677
LGA-BDL,LGA,BDL,44,-6.136363636363637,4.0,0.1590909090909091
LGA-BGM,LGA,BGM,7,-7.285714285714286,8.142857142857142,0.14285714285714285
LGA-BGR,LGA,BGR,107,-5.663551401869159,6.224299065420561,0.1588785046728972
LGA-BHM,LGA,BHM,184,-7.364130434782608,6.744565217391305,0.16304347826086957
LGA-BNA,LGA,BNA,594,-5.713804713804714,8.929292929292929,0.1414141414141414
LGA-BOS,LGA,BOS,1202,3.6905158069883526,10.12063227953411,0.17304492512479203
LGA-BTV,LGA,BTV,139,7.0071942446043165,17.06474820143885,0.19424460431654678
LGA-BUF,LGA,BUF,271,2.3690036900369003,8.92988929889299,0.18081180811808117
LGA-CAE,LGA,CAE,94,-3.6914893617021276,6.117021276595745,0.1595744680851064
LGA-CHO,LGA,CHO,231,-9.458874458874458,2.696969696969697,0.12121212121212122
LGA-CHS,LGA,CHS,220,0.013636363636363636,7.527272727272727,0.20909090909090908
LGA-CLE,LGA,CLE,383,-5.66579634464752,4.885117493472585,0.12532637075718014
LGA-CLT,LGA,CLT,887,-2.503945885005637,9.909808342728297,0.16234498308906425
LGA-CMH,LGA,CMH,442,-6.873303167420814,5.658371040723982,0.12669683257918551
LGA-CVG,LGA,CVG,343,-8.85131195335277,8.151603498542274,0.12244897959183673
LGA-DAB,LGA,DAB,2,-4.5,-3.5,0.0
LGA-DAL,LGA,DAL,215,-4.8930232558139535,13.725581395348836,0.1813953488372093
LGA-DAY,LGA,DAY,97,-13.030927835051546,-0.6597938144329897,0.10309278350515463
LGA-DCA,LGA,DCA,692,-4.476878612716763,3.2514450867052025,0.11849710982658959
LGA-DEN,LGA,DEN,722,-3.9168975069252077,15.210526315789474,0.16204986149584488
LGA-DFW,LGA,DFW,890,7.165168539325843,20.598876404494384,0.23258426966292134
LGA-DSM,LGA,DSM,155,-2.7870967741935484,8.174193548387096,0.21935483870967742
LGA-DTW,LGA,DTW,639,-3.568075117370892,8.907668231611893,0.13928012519561817
LGA-EYW,LGA,EYW,116,-6.379310344827586,1.4137931034482758,0.14655172413793102
LGA-FLL,LGA,FLL,879,13.772468714448237,18.948805460750854,0.285551763367463
LGA-GRR,LGA,GRR,184,4.342391304347826,16.483695652173914,0.17391304347826086
LGA-GSO,LGA,GSO,253,-6.857707509881423,5.391304347826087,0.11462450592885376
LGA-GSP,LGA,GSP,246,-4.252032520325203,10.077235772357724,0.15853658536585366
LGA-HOU,LGA,HOU,170,0.27647058823529413,16.152941176470588,0.17647058823529413
LGA-IAD,LGA,IAD,273,-3.4249084249084247,1.8974358974358974,0.0989010989010989
LGA-IAH,LGA,IAH,484,2.5516528925619837,16.859504132231404,0.2190082644628099
LGA-ILM,LGA,ILM,164,-6.048780487804878,6.914634146341464,0.16463414634146342
LGA-IND,LGA,IND,392,-7.489795918367347,5.464285714285714,0.1377551020408163
LGA-JAX,LGA,JAX,167,-1.1077844311377245,7.7844311377245505,0.15568862275449102
LGA-LAS,LGA,LAS,7,-44.42857142857143,-0.7142857142857143,0.0
LGA-LAX,LGA,LAX,1,-37.0,-3.0,0.0
LGA-LIT,LGA,LIT,95,-12.51578947368421,0.6526315789473685,0.15789473684210525
LGA-MCI,LGA,MCI,334,-9.94311377245509,8.209580838323353,0.1497005988023952
LGA-MCO,LGA,MCO,924,9.520562770562771,16.995670995670995,0.24783549783549783
LGA-MDW,LGA,MDW,381,-8.254593175853019,9.803149606299213,0.13910761154855644
LGA-MEM,LGA,MEM,238,-10.466386554621849,6.348739495798319,0.18907563025210083
LGA-MIA,LGA,MIA,995,7.767839195979899,13.901507537688442,0.2623115577889447
LGA-MKE,LGA,MKE,186,4.870967741935484,19.13978494623656,0.16129032258064516
LGA-MSN,LGA,MSN,55,-3.9272727272727272,6.072727272727272,0.18181818181818182
LGA-MSP,LGA,MSP,383,-7.8877284595300265,9.655352480417754,0.08616187989556136
LGA-MSY,LGA,MSY,285,3.126315789473684,17.059649122807016,0.24912280701754386
LGA-MYR,LGA,MYR,133,-1.3157894736842106,8.842105263157896,0.16541353383458646
LGA-OKC,LGA,OKC,152,0.039473684210526314,11.651315789473685,0.23026315789473684
LGA-OMA,LGA,OMA,234,-9.632478632478632,3.08974358974359,0.13675213675213677
LGA-ORD,LGA,ORD,1540,-0.9675324675324676,11.128571428571428,0.15844155844155844
LGA-ORF,LGA,ORF,246,-9.90650406504065,2.7398373983739837,0.11788617886178862
LGA-ORH,LGA,ORH,41,-5.170731707317073,0.21951219512195122,0.1951219512195122
LGA-PBI,LGA,PBI,576,7.223958333333333,13.23611111111111,0.2586805555555556
LGA-PHL,LGA,PHL,99,-6.808080808080808,2.909090909090909,0.1111111111111111
LGA-PHX,LGA,PHX,3,-0.6666666666666666,24.666666666666668,0.3333333333333333
LGA-PIT,LGA,PIT,491,-4.378818737270875,6.002036659877801,0.1446028513238289
LGA-PNS,LGA,PNS,58,-8.517241379310345,10.60344827586207,0.1724137931034483
LGA-PVD,LGA,PVD,99,-6.6767676767676765,6.898989898989899,0.10101010101010101
LGA-PWM,LGA,PWM,158,-2.221518987341772,4.930379746835443,0.12658227848101267
LGA-RDU,LGA,RDU,592,0.0472972972972973,9.054054054054054,0.17229729729729729
LGA-RIC,LGA,RIC,295,-0.3728813559322034,6.559322033898305,0.17288135593220338
LGA-ROA,LGA,ROA,93,-8.46236559139785,6.043010752688172,0.16129032258064516
LGA-ROC,LGA,ROC,144,-0.3402777777777778,8.70138888888889,0.1875
LGA-RSW,LGA,RSW,194,8.221649484536082,11.654639175257731,0.2268041237113402
LGA-SAV,LGA,SAV,160,-4.03125,6.98125,0.14375
LGA-SDF,LGA,SDF,243,-9.292181069958847,3.8724279835390947,0.12757201646090535
LGA-SLC,LGA,SLC,8,-33.75,-3.875,0.0
LGA-SRQ,LGA,SRQ,178,7.904494382022472,21.280898876404493,0.19662921348314608
LGA-STL,LGA,STL,584,-9.222602739726028,7.751712328767123,0.14897260273972604
LGA-SYR,LGA,SYR,147,-3.3877551020408165,6.462585034013605,0.12244897959183673
LGA-TPA,LGA,TPA,452,3.232300884955752,12.484513274336283,0.22123893805309736
LGA-TUL,LGA,TUL,51,-13.647058823529411,1.7450980392156863,0.17647058823529413
LGA-TYS,LGA,TYS,189,-5.01058201058201,6.455026455026455,0.164021164021164
LGA-XNA,LGA,XNA,102,-15.245098039215685,1.3333333333333333,0.09803921568627451
LGB-ABQ,LGB,ABQ,52,0.17307692307692307,7.461538461538462,0.11538461538461539
LGB-AUS,LGB,AUS,104,-1.4807692307692308,1.6346153846153846,0.11538461538461539
LGB-BNA,LGB,BNA,59,1.694915254237288,8.610169491525424,0.15254237288135594
LGB-BOI,LGB,BOI,7,-11.571428571428571,3.2857142857142856,0.0
LGB-COS,LGB,COS,51,4.2745098039215685,10.019607843137255,0.17647058823529413
LGB-DAL,LGB,DAL,104,2.5384615384615383,8.10576923076923,0.18269230769230768
LGB-DEN,LGB,DEN,183,-0.4262295081967213,8.765027322404372,0.15300546448087432
LGB-ELP,LGB,ELP,52,1.4615384615384615,7.673076923076923,0.21153846153846154
LGB-HNL,LGB,HNL,119,17.41176470588235,8.15126050420168,0.46218487394957986
LGB-HOU,LGB,HOU,105,4.276190476190476,10.2,0.1523809523809524
LGB-LAS,LGB,LAS,374,6.304812834224599,11.355614973262032,0.21122994652406418
LGB-MCI,LGB,MCI,52,6.961538461538462,14.634615384615385,0.25
LGB-MDW,LGB,MDW,98,-9.724489795918368,6.561224489795919,0.09183673469387756
LGB-OAK,LGB,OAK,285,-0.7789473684210526,3.568421052631579,0.12982456140350876
LGB-PDX,LGB,PDX,7,-5.571428571428571,5.0,0.14285714285714285
LGB-PHX,LGB,PHX,226,1.9469026548672566,8.230088495575222,0.15486725663716813
LGB-RNO,LGB,RNO,119,0.2773109243697479,5.201680672268908,0.17647058823529413
LGB-SJC,LGB,SJC,213,0.20187793427230047,6.938967136150235,0.14553990610328638
LGB-SLC,LGB,SLC,257,-1.727626459143969,5.2412451361867705,0.12062256809338522
LGB-SMF,LGB,SMF,320,-3.784375,2.090625,0.06875
LGB-STL,LGB,STL,59,-8.23728813559322,4.4576271186440675,0.1016949152542373
LIH-DEN,LIH,DEN,68,-11.073529411764707,10.691176470588236,0.07352941176470588
LIH-HNL,LIH,HNL,1392,7.526580459770115,4.647270114942529,0.22054597701149425
LIH-KOA,LIH,KOA,60,14.583333333333334,17.95,0.2833333333333333
LIH-LAS,LIH,LAS,60,-19.566666666666666,1.2,0.03333333333333333
LIH-LAX,LIH,LAX,194,-4.061855670103093,16.969072164948454,0.1134020618556701
LIH-OAK,LIH,OAK,118,-16.838983050847457,6.322033898305085,0.06779661016949153
LIH-OGG,LIH,OGG,240,2.625,3.0416666666666665,0.12916666666666668
LIH-PDX,LIH,PDX,42,26.904761904761905,44.595238095238095,0.35714285714285715
LIH-PHX,LIH,PHX,67,24.19402985074627,48.53731343283582,0.13432835820895522
LIH-SAN,LIH,SAN,14,24.428571428571427,37.0,0.42857142857142855
LIH-SEA,LIH,SEA,177,2.389830508474576,21.864406779661017,0.22033898305084745
LIH-SFO,LIH,SFO,75,-15.746666666666666,-2.9466666666666668,0.09333333333333334
LIH-SJC,LIH,SJC,10,5.8,18.9,0.2
LIT-ATL,LIT,ATL,340,3.088235294117647,4.1382352941176475,0.1588235294117647
LIT-CLT,LIT,CLT,185,11.91891891891892,15.005405405405405,0.1945945945945946
LIT-DAL,LIT,DAL,169,-4.136094674556213,4.023668639053255,0.08875739644970414
LIT-DCA,LIT,DCA,58,-0.6551724137931034,4.689655172413793,0.25862068965517243
LIT-DEN,LIT,DEN,115,1.5478260869565217,9.669565217391304,0.1826086956521739
LIT-DFW,LIT,DFW,422,10.374407582938389,11.848341232227488,0.25355450236966826
LIT-LAS,LIT,LAS,60,8.966666666666667,10.25,0.31666666666666665
LIT-LGA,LIT,LGA,96,8.885416666666666,1.25,0.21875
LIT-MIA,LIT,MIA,8,37.875,35.0,0.5
LIT-ORD,LIT,ORD,165,21.084848484848486,28.163636363636364,0.2787878787878788
LIT-PHX,LIT,PHX,1,-7.0,-4.0,0.0
LIT-SFB,LIT,SFB,2,73.0,79.5,1.0
LIT-STL,LIT,STL,110,-1.6363636363636365,2.7363636363636363,0.05454545454545454
LNK-ORD,LNK,ORD,100,11.38,15.24,0.19
LRD-DFW,LRD,DFW,230,6.7,7.891304347826087,0.15217391304347827
LRD-LAS,LRD,LAS,18,35.5,31.11111111111111,0.3333333333333333
LSE-ORD,LSE,ORD,9,-0.1111111111111111,15.777777777777779,0.1111111111111111
LWS-DEN,LWS,DEN,58,37.60344827586207,44.96551724137931,0.27586206896551724
LWS-SEA,LWS,SEA,58,28.862068965517242,28.396551724137932,0.2413793103448276
LWS-SLC,LWS,SLC,60,10.116666666666667,14.1,0.15
MAF-AUS,MAF,AUS,36,0.8611111111111112,4.361111111111111,0.1111111111111111
MAF-DAL,MAF,DAL,235,-5.94468085106383,1.174468085106383,0.08936170212765958
MAF-DEN,MAF,DEN,204,6.181372549019608,7.78921568627451,0.19607843137254902
MAF-DFW,MAF,DFW,415,7.330120481927711,7.650602409638554,0.18313253012048192
MAF-HOU,MAF,HOU,208,-2.826923076923077,1.8557692307692308,0.10096153846153846
MAF-IAH,MAF,IAH,90,6.455555555555556,9.766666666666667,0.14444444444444443
MAF-LAS,MAF,LAS,59,3.23728813559322,13.135593220338983,0.1694915254237288
MAF-PHX,MAF,PHX,59,-5.610169491525424,2.610169491525424,0.06779661016949153
MBS-DTW,MBS,DTW,154,10.837662337662337,21.428571428571427,0.22727272727272727
MBS-ORD,MBS,ORD,148,26.54054054054054,27.43918918918919,0.31756756756756754
MCI-ABQ,MCI,ABQ,53,1.9433962264150944,3.7735849056603774,0.1509433962264151
MCI-ATL,MCI,ATL,477,3.40041928721174,7.069182389937107,0.14255765199161424
MCI-AUS,MCI,AUS,130,9.146153846153846,11.376923076923077,0.24615384615384617
MCI-BNA,MCI,BNA,162,2.191358024691358,6.808641975308642,0.14814814814814814
MCI-BOS,MCI,BOS,60,11.75,5.1,0.26666666666666666
MCI-BWI,MCI,BWI,88,14.431818181818182,13.045454545454545,0.2840909090909091
MCI-CLT,MCI,CLT,185,17.05945945945946,14.486486486486486,0.2756756756756757
MCI-DAL,MCI,DAL,283,1.6219081272084805,7.639575971731449,0.1872791519434629
MCI-DCA,MCI,DCA,294,20.210884353741495,21.989795918367346,0.2653061224489796
MCI-DEN,MCI,DEN,671,3.3472429210134127,7.9120715350223545,0.19374068554396423
MCI-DFW,MCI,DFW,384,23.942708333333332,20.567708333333332,0.296875
MCI-DTW,MCI,DTW,166,5.445783132530121,8.680722891566266,0.15060240963855423
MCI-FLL,MCI,FLL,73,15.273972602739725,13.36986301369863,0.273972602739726
MCI-HOU,MCI,HOU,169,0.2781065088757396,8.272189349112425,0.15384615384615385
MCI-IAH,MCI,IAH,73,-1.8493150684931507,0.8082191780821918,0.1643835616438356
MCI-IND,MCI,IND,57,8.298245614035087,16.70175438596491,0.17543859649122806
MCI-JFK,MCI,JFK,118,31.296610169491526,26.56779661016949,0.3389830508474576
MCI-LAS,MCI,LAS,309,1.4692556634304208,10.944983818770227,0.1941747572815534
MCI-LAX,MCI,LAX,160,1.58125,11.9,0.2125
MCI-LGA,MCI,LGA,329,3.683890577507599,9.428571428571429,0.19148936170212766
MCI-LGB,MCI,LGB,51,7.254901960784314,10.235294117647058,0.3333333333333333
MCI-MCO,MCI,MCO,303,9.396039603960396,9.696369636963697,0.22112211221122113
MCI-MDW,MCI,MDW,257,0.33073929961089493,5.914396887159533,0.1517509727626459
MCI-MIA,MCI,MIA,91,10.087912087912088,1.8681318681318682,0.3076923076923077
MCI-MKE,MCI,MKE,55,-5.672727272727273,5.9818181818181815,0.10909090909090909
MCI-MSP,MCI,MSP,281,1.4661921708185053,4.693950177935943,0.16725978647686832
MCI-MSY,MCI,MSY,60,17.583333333333332,19.283333333333335,0.3
MCI-OAK,MCI,OAK,46,4.3478260869565215,6.717391304347826,0.2391304347826087
MCI-ORD,MCI,ORD,431,18.132250580046403,16.635730858468676,0.24361948955916474
MCI-PGD,MCI,PGD,16,35.0,39.1875,0.25
MCI-PHL,MCI,PHL,60,18.933333333333334,15.883333333333333,0.2833333333333333
MCI-PHX,MCI,PHX,432,7.092592592592593,12.680555555555555,0.20601851851851852
MCI-PIE,MCI,PIE,5,14.6,16.8,0.4
MCI-RSW,MCI,RSW,55,12.8,14.254545454545454,0.2727272727272727
MCI-SAN,MCI,SAN,90,6.011111111111111,12.744444444444444,0.3
MCI-SAT,MCI,SAT,53,0.4528301886792453,4.679245283018868,0.1509433962264151
MCI-SEA,MCI,SEA,127,-0.7244094488188977,7.94488188976378,0.1968503937007874
MCI-SFO,MCI,SFO,58,4.206896551724138,8.448275862068966,0.25862068965517243
MCI-SLC,MCI,SLC,139,0.02877697841726619,10.122302158273381,0.14388489208633093
MCI-STL,MCI,STL,149,2.9261744966442955,6.4630872483221475,0.174496644295302
MCI-TPA,MCI,TPA,75,8.093333333333334,10.866666666666667,0.22666666666666666
MCO-ABQ,MCO,ABQ,8,11.5,9.0,0.375
MCO-ACY,MCO,ACY,171,13.614035087719298,17.970760233918128,0.2631578947368421
MCO-ALB,MCO,ALB,176,5.738636363636363,9.948863636363637,0.19318181818181818
MCO-ATL,MCO,ATL,1527,8.8762278978389,14.573673870333987,0.2220039292730845
MCO-AUS,MCO,AUS,453,16.719646799116997,13.344370860927153,0.31567328918322296
MCO-BDL,MCO,BDL,314,7.987261146496815,12.219745222929935,0.2802547770700637
MCO-BHM,MCO,BHM,128,8.375,12.984375,0.203125
MCO-BNA,MCO,BNA,478,7.401673640167364,12.50418410041841,0.2384937238493724
MCO-BOS,MCO,BOS,846,7.06855791962175,16.04373522458629,0.22458628841607564
MCO-BQN,MCO,BQN,135,7.57037037037037,17.037037037037038,0.2
MCO-BUF,MCO,BUF,276,3.489130434782609,9.768115942028986,0.18115942028985507
MCO-BWI,MCO,BWI,945,8.66031746031746,14.325925925925926,0.2306878306878307
MCO-CID,MCO,CID,6,10.166666666666666,14.5,0.3333333333333333
MCO-CLE,MCO,CLE,403,10.952853598014888,11.724565756823822,0.23573200992555832
MCO-CLT,MCO,CLT,973,12.049331963001027,14.827338129496402,0.24357656731757452
MCO-CMH,MCO,CMH,366,9.155737704918034,11.775956284153006,0.2677595628415301
MCO-CVG,MCO,CVG,322,5.400621118012422,8.046583850931677,0.20496894409937888
MCO-DAL,MCO,DAL,456,12.166666666666666,10.743421052631579,0.2916666666666667
MCO-DCA,MCO,DCA,877,7.23945267958951,12.038768529076396,0.2063854047890536
MCO-DEN,MCO,DEN,772,10.30181347150259,12.94559585492228,0.27202072538860106
MCO-DFW,MCO,DFW,832,19.167067307692307,19.41826923076923,0.31971153846153844
MCO-DSM,MCO,DSM,40,-8.925,-0.85,0.1
MCO-DTW,MCO,DTW,714,11.696078431372548,16.257703081232492,0.25630252100840334
MCO-ELP,MCO,ELP,8,21.0,17.125,0.5
MCO-EWR,MCO,EWR,1150,1.2539130434782608,13.497391304347826,0.16521739130434782
MCO-FAR,MCO,FAR,14,2.2857142857142856,-6.142857142857143,0.2857142857142857
MCO-FLL,MCO,FLL,234,5.418803418803419,10.598290598290598,0.19230769230769232
MCO-GRB,MCO,GRB,22,-9.636363636363637,-6.363636363636363,0.0
MCO-GRR,MCO,GRR,118,6.771186440677966,10.711864406779661,0.211864406779661
MCO-HOU,MCO,HOU,344,14.031976744186046,14.476744186046512,0.31976744186046513
MCO-HPN,MCO,HPN,238,17.30672268907563,19.537815126050422,0.2605042016806723
MCO-IAD,MCO,IAD,262,11.267175572519085,14.293893129770993,0.18702290076335878
MCO-IAH,MCO,IAH,615,10.289430894308943,14.746341463414634,0.2048780487804878
MCO-IND,MCO,IND,391,7.135549872122762,12.063938618925832,0.24296675191815856
MCO-ISP,MCO,ISP,260,2.0692307692307694,5.5576923076923075,0.21923076923076923
MCO-JAN,MCO,JAN,8,28.0,27.125,0.5
MCO-JFK,MCO,JFK,696,11.380747126436782,16.530172413793103,0.22413793103448276
MCO-LAS,MCO,LAS,199,14.628140703517587,19.00502512562814,0.4120603015075377
MCO-LAX,MCO,LAX,492,2.0995934959349594,6.646341463414634,0.18495934959349594
MCO-LBE,MCO,LBE,59,10.677966101694915,12.23728813559322,0.2542372881355932
MCO-LGA,MCO,LGA,928,7.549568965517241,14.25323275862069,0.24676724137931033
MCO-MCI,MCO,MCI,292,15.623287671232877,15.63013698630137,0.2979452054794521
MCO-MDT,MCO,MDT,34,6.0588235294117645,8.588235294117647,0.20588235294117646
MCO-MDW,MCO,MDW,462,6.956709956709957,12.123376623376624,0.22510822510822512
MCO-MEM,MCO,MEM,142,12.570422535211268,15.929577464788732,0.2676056338028169
MCO-MHT,MCO,MHT,103,3.407766990291262,8.475728155339805,0.17475728155339806
MCO-MIA,MCO,MIA,638,18.239811912225704,18.70689655172414,0.22884012539184953
MCO-MKE,MCO,MKE,317,7.905362776025236,11.085173501577287,0.2555205047318612
MCO-MSN,MCO,MSN,43,4.465116279069767,10.0,0.20930232558139536
MCO-MSP,MCO,MSP,405,-3.911111111111111,5.1234567901234565,0.11851851851851852
MCO-MSY,MCO,MSY,443,14.645598194130926,15.227990970654627,0.2866817155756208
MCO-MYR,MCO,MYR,59,9.474576271186441,10.932203389830509,0.23728813559322035
MCO-OKC,MCO,OKC,44,12.75,11.25,0.29545454545454547
MCO-OMA,MCO,OMA,85,6.6117647058823525,7.882352941176471,0.27058823529411763
MCO-ONT,MCO,ONT,2,-12.5,-5.0,0.0
MCO-ORD,MCO,ORD,872,7.143348623853211,11.938073394495413,0.22591743119266056
MCO-ORF,MCO,ORF,153,-0.5490196078431373,4.130718954248366,0.1568627450980392
MCO-ORH,MCO,ORH,47,18.19148936170213,14.808510638297872,0.3191489361702128
MCO-PDX,MCO,PDX,88,5.4772727272727275,9.238636363636363,0.2159090909090909
MCO-PHL,MCO,PHL,1005,14.591044776119404,17.755223880597015,0.2796019900497512
MCO-PHX,MCO,PHX,263,13.098859315589353,15.688212927756654,0.2737642585551331
MCO-PIT,MCO,PIT,446,7.309417040358745,13.060538116591928,0.23542600896860988
MCO-PNS,MCO,PNS,62,16.56451612903226,17.725806451612904,0.27419354838709675
MCO-PSE,MCO,PSE,117,-2.358974358974359,5.632478632478633,0.13675213675213677
MCO-PVD,MCO,PVD,246,8.174796747967479,12.414634146341463,0.23170731707317074
MCO-PWM,MCO,PWM,70,4.485714285714286,2.5,0.2571428571428571
MCO-RDU,MCO,RDU,449,11.510022271714922,13.910913140311804,0.24721603563474387
MCO-RIC,MCO,RIC,126,11.246031746031745,13.428571428571429,0.25396825396825395
MCO-ROC,MCO,ROC,112,5.116071428571429,8.973214285714286,0.22321428571428573
MCO-RSW,MCO,RSW,7,8.428571428571429,18.285714285714285,0.2857142857142857
MCO-SAN,MCO,SAN,98,9.306122448979592,10.193877551020408,0.22448979591836735
MCO-SAT,MCO,SAT,140,11.5,9.221428571428572,0.2571428571428571
MCO-SDF,MCO,SDF,170,15.329411764705883,19.023529411764706,0.3
MCO-SEA,MCO,SEA,274,-6.821167883211679,7.032846715328467,0.14233576642335766
MCO-SFO,MCO,SFO,158,9.310126582278482,8.670886075949367,0.25949367088607594
MCO-SJU,MCO,SJU,944,12.398305084745763,21.94385593220339,0.2616525423728814
MCO-SLC,MCO,SLC,365,-0.947945205479452,8.342465753424657,0.2191780821917808
MCO-STL,MCO,STL,403,8.799007444168735,10.861042183622828,0.26054590570719605
MCO-STT,MCO,STT,120,8.6,12.558333333333334,0.25
MCO-SYR,MCO,SYR,181,3.8011049723756907,6.850828729281768,0.19337016574585636
MCO-TTN,MCO,TTN,145,13.613793103448275,14.641379310344828,0.2482758620689655
MCO-TUL,MCO,TUL,8,16.5,16.5,0.5
MCO-TYS,MCO,TYS,20,3.25,5.95,0.1
MCW-FOD,MCW,FOD,53,8.471698113207546,13.81132075471698,0.18867924528301888
MCW-ORD,MCW,ORD,39,-4.0,14.205128205128204,0.20512820512820512
MDT-ATL,MDT,ATL,142,-4.71830985915493,7.654929577464789,0.13380281690140844
MDT-BNA,MDT,BNA,5,-10.2,4.4,0.0
MDT-CLT,MDT,CLT,105,7.752380952380952,14.142857142857142,0.1523809523809524
MDT-DFW,MDT,DFW,60,16.616666666666667,22.833333333333332,0.2833333333333333
MDT-DTW,MDT,DTW,58,20.517241379310345,34.1551724137931,0.15517241379310345
MDT-EWR,MDT,EWR,76,-15.93421052631579,-4.276315789473684,0.09210526315789473
MDT-FLL,MDT,FLL,6,77.33333333333333,91.16666666666667,0.6666666666666666
MDT-MCO,MDT,MCO,34,13.588235294117647,20.970588235294116,0.29411764705882354
MDT-ORD,MDT,ORD,119,4.840336134453781,8.890756302521009,0.17647058823529413
MDT-PGD,MDT,PGD,22,-7.7272727272727275,-0.18181818181818182,0.09090909090909091
MDT-PIE,MDT,PIE,19,-27.263157894736842,-12.526315789473685,0.0
MDT-SFB,MDT,SFB,44,-2.909090909090909,1.9318181818181819,0.22727272727272727
MDT-SRQ,MDT,SRQ,17,-1.8823529411764706,-0.17647058823529413,0.17647058823529413
MDW-ABQ,MDW,ABQ,58,-9.46551724137931,1.7413793103448276,0.06896551724137931
MDW-ALB,MDW,ALB,88,9.397727272727273,9.0,0.29545454545454547
MDW-ATL,MDW,ATL,490,9.508163265306122,15.240816326530613,0.18979591836734694
MDW-AUS,MDW,AUS,192,0.9322916666666666,11.088541666666666,0.20833333333333334
MDW-AVL,MDW,AVL,5,13.4,10.2,0.4
MDW-BDL,MDW,BDL,109,5.706422018348624,7.440366972477064,0.1834862385321101
MDW-BHM,MDW,BHM,84,1.7619047619047619,5.2976190476190474,0.17857142857142858
MDW-BNA,MDW,BNA,270,-2.325925925925926,7.307407407407408,0.14444444444444443
MDW-BOS,MDW,BOS,148,9.29054054054054,9.533783783783784,0.20270270270270271
MDW-BUF,MDW,BUF,99,8.535353535353535,9.191919191919192,0.23232323232323232
MDW-BUR,MDW,BUR,1,93.0,104.0,1.0
MDW-BWI,MDW,BWI,239,4.7280334728033475,10.577405857740585,0.20920502092050208
MDW-CHS,MDW,CHS,68,-1.8529411764705883,2.485294117647059,0.08823529411764706
MDW-CLE,MDW,CLE,177,1.6214689265536724,7.6158192090395485,0.15819209039548024
MDW-CLT,MDW,CLT,110,3.518181818181818,7.945454545454545,0.23636363636363636
MDW-CMH,MDW,CMH,182,2.9835164835164836,7.846153846153846,0.17582417582417584
MDW-COS,MDW,COS,58,-1.9827586206896552,3.8620689655172415,0.13793103448275862
MDW-CVG,MDW,CVG,153,4.967320261437909,9.176470588235293,0.20261437908496732
MDW-DAL,MDW,DAL,296,-1.0810810810810811,10.557432432432432,0.16891891891891891
MDW-DCA,MDW,DCA,325,0.12615384615384614,5.7446153846153845,0.16923076923076924
MDW-DEN,MDW,DEN,454,5.169603524229075,18.262114537444933,0.1960352422907489
MDW-DFW,MDW,DFW,60,14.216666666666667,18.383333333333333,0.3
MDW-DTW,MDW,DTW,320,11.38125,15.671875,0.221875
MDW-FLL,MDW,FLL,193,6.823834196891192,8.321243523316062,0.2694300518134715
MDW-GRR,MDW,GRR,168,3.6726190476190474,7.75,0.19047619047619047
MDW-HOU,MDW,HOU,234,2.5555555555555554,12.820512820512821,0.20085470085470086
MDW-IAD,MDW,IAD,12,10.166666666666666,11.0,0.5
MDW-IAH,MDW,IAH,97,0.9278350515463918,9.804123711340207,0.17525773195876287
MDW-JAX,MDW,JAX,41,-0.07317073170731707,3.7804878048780486,0.12195121951219512
MDW-LAS,MDW,LAS,433,0.2748267898383372,13.785219399538105,0.20323325635103925
MDW-LAX,MDW,LAX,174,-0.8218390804597702,12.867816091954023,0.22413793103448276
MDW-LGA,MDW,LGA,383,4.751958224543081,10.629242819843341,0.20365535248041775
MDW-LGB,MDW,LGB,98,2.816326530612245,10.051020408163266,0.22448979591836735
MDW-MCI,MDW,MCI,283,-0.3745583038869258,6.939929328621908,0.14487632508833923
MDW-MCO,MDW,MCO,438,5.52054794520548,10.440639269406393,0.20776255707762556
MDW-MEM,MDW,MEM,96,5.302083333333333,9.177083333333334,0.21875
MDW-MHT,MDW,MHT,53,5.226415094339623,9.547169811320755,0.16981132075471697
MDW-MIA,MDW,MIA,163,13.85276073619632,19.116564417177916,0.26993865030674846
MDW-MSP,MDW,MSP,391,4.143222506393862,14.051150895140665,0.1585677749360614
MDW-MSY,MDW,MSY,119,4.705882352941177,12.327731092436975,0.2184873949579832
MDW-MYR,MDW,MYR,53,-0.6792452830188679,3.3962264150943398,0.09433962264150944
MDW-OAK,MDW,OAK,64,-6.28125,3.515625,0.140625
MDW-OKC,MDW,OKC,51,-7.254901960784314,2.3137254901960786,0.11764705882352941
MDW-OMA,MDW,OMA,173,3.4104046242774566,9.84971098265896,0.21965317919075145
MDW-ONT,MDW,ONT,55,0.8181818181818182,14.381818181818181,0.16363636363636364
MDW-ORF,MDW,ORF,45,5.733333333333333,10.71111111111111,0.15555555555555556
MDW-PDX,MDW,PDX,58,0.896551724137931,10.827586206896552,0.1896551724137931
MDW-PGD,MDW,PGD,17,54.23529411764706,56.470588235294116,0.4117647058823529
MDW-PHL,MDW,PHL,209,4.688995215311005,7.181818181818182,0.22966507177033493
MDW-PHX,MDW,PHX,404,-2.655940594059406,12.361386138613861,0.18316831683168316
MDW-PIT,MDW,PIT,167,4.317365269461078,7.245508982035928,0.18562874251497005
MDW-PVD,MDW,PVD,55,17.381818181818183,19.381818181818183,0.3090909090909091
MDW-PVU,MDW,PVU,7,2.142857142857143,4.142857142857143,0.14285714285714285
MDW-RDU,MDW,RDU,153,4.947712418300654,8.882352941176471,0.2222222222222222
MDW-RIC,MDW,RIC,67,2.029850746268657,4.955223880597015,0.14925373134328357
MDW-ROC,MDW,ROC,57,11.280701754385966,12.789473684210526,0.3333333333333333
MDW-RSW,MDW,RSW,186,5.413978494623656,10.403225806451612,0.23655913978494625
MDW-SAN,MDW,SAN,144,-1.5694444444444444,11.243055555555555,0.18055555555555555
MDW-SAT,MDW,SAT,86,-2.511627906976744,5.9186046511627906,0.18604651162790697
MDW-SAV,MDW,SAV,59,0.5254237288135594,7.932203389830509,0.13559322033898305
MDW-SDF,MDW,SDF,157,-0.8152866242038217,5.598726114649682,0.15286624203821655
MDW-SEA,MDW,SEA,60,5.066666666666666,21.733333333333334,0.2833333333333333
MDW-SFO,MDW,SFO,3,-21.333333333333332,-4.666666666666667,0.0
MDW-SJC,MDW,SJC,59,5.796610169491525,17.52542372881356,0.22033898305084745
MDW-SJU,MDW,SJU,55,6.418181818181818,8.945454545454545,0.36363636363636365
MDW-SLC,MDW,SLC,107,2.8411214953271027,12.616822429906541,0.21495327102803738
MDW-SMF,MDW,SMF,52,0.6346153846153846,9.538461538461538,0.19230769230769232
MDW-SRQ,MDW,SRQ,58,12.310344827586206,11.482758620689655,0.25862068965517243
MDW-STL,MDW,STL,260,-1.4038461538461537,4.957692307692308,0.15
MDW-TPA,MDW,TPA,249,5.706827309236948,9.052208835341366,0.22088353413654618
MDW-TUL,MDW,TUL,56,-2.3214285714285716,6.982142857142857,0.10714285714285714
MDW-TUS,MDW,TUS,16,0.625,8.25,0.25
MDW-VPS,MDW,VPS,17,-4.176470588235294,11.058823529411764,0.17647058823529413
MEI-IAH,MEI,IAH,96,-14.270833333333334,7.333333333333333,0.11458333333333333
MEM-ATL,MEM,ATL,477,-3.5828092243186584,3.591194968553459,0.09224318658280922
MEM-AUS,MEM,AUS,7,4.142857142857143,-4.571428571428571,0.14285714285714285
MEM-BOS,MEM,BOS,110,2.9272727272727272,4.527272727272727,0.16363636363636364
MEM-BWI,MEM,BWI,37,-1.7297297297297298,8.621621621621621,0.16216216216216217
MEM-CLT,MEM,CLT,288,13.440972222222221,16.375,0.2222222222222222
MEM-DAL,MEM,DAL,73,6.767123287671233,13.342465753424657,0.2054794520547945
MEM-DCA,MEM,DCA,161,-2.4472049689440993,0.8074534161490683,0.14906832298136646
MEM-DEN,MEM,DEN,201,2.3582089552238807,8.139303482587065,0.16417910447761194
MEM-DFW,MEM,DFW,337,13.044510385756677,13.798219584569733,0.27002967359050445
MEM-DTW,MEM,DTW,103,11.475728155339805,23.398058252427184,0.18446601941747573
MEM-FLL,MEM,FLL,20,22.15,25.8,0.3
MEM-HOU,MEM,HOU,80,0.8,9.9375,0.15
MEM-IAH,MEM,IAH,70,11.971428571428572,17.15714285714286,0.24285714285714285
MEM-LAS,MEM,LAS,76,-2.289473684210526,4.381578947368421,0.14473684210526316
MEM-LAX,MEM,LAX,83,-1.9879518072289157,8.349397590361447,0.1927710843373494
MEM-LGA,MEM,LGA,237,9.354430379746836,10.932489451476794,0.17721518987341772
MEM-MCO,MEM,MCO,142,3.711267605633803,7.154929577464789,0.19718309859154928
MEM-MDW,MEM,MDW,93,-1.5913978494623655,4.440860215053763,0.13978494623655913
MEM-MIA,MEM,MIA,64,3.109375,3.203125,0.15625
MEM-MSP,MEM,MSP,102,4.127450980392157,9.117647058823529,0.17647058823529413
MEM-ORD,MEM,ORD,217,3.792626728110599,7.267281105990784,0.18433179723502305
MEM-PHL,MEM,PHL,59,-0.0847457627118644,2.6779661016949152,0.15254237288135594
MEM-PHX,MEM,PHX,60,5.65,9.4,0.13333333333333333
MEM-PIE,MEM,PIE,7,6.571428571428571,15.0,0.2857142857142857
MEM-SFB,MEM,SFB,16,3.375,3.5625,0.25
MEM-SLC,MEM,SLC,60,6.2,10.683333333333334,0.15
MFE-DFW,MFE,DFW,333,16.114114114114113,17.36936936936937,0.2072072072072072
MFE-IAH,MFE,IAH,160,-1.49375,4.24375,0.1
MFE-LAS,MFE,LAS,50,15.28,16.24,0.18
MFE-SFB,MFE,SFB,19,-2.736842105263158,9.157894736842104,0.2631578947368421
MFR-AZA,MFR,AZA,5,41.2,47.2,0.4
MFR-DEN,MFR,DEN,120,-8.358333333333333,3.908333333333333,0.06666666666666667
MFR-LAS,MFR,LAS,16,-2.25,-1.8125,0.125
MFR-LAX,MFR,LAX,12,34.916666666666664,38.916666666666664,0.3333333333333333
MFR-PHX,MFR,PHX,108,-14.537037037037036,-2.074074074074074,0.018518518518518517
MFR-SEA,MFR,SEA,160,-0.01875,8.89375,0.11875
MFR-SFO,MFR,SFO,142,28.52112676056338,33.41549295774648,0.3380281690140845
MFR-SLC,MFR,SLC,121,0.5785123966942148,7.8347107438016526,0.0743801652892562
MFR-SNA,MFR,SNA,17,9.411764705882353,7.529411764705882,0.058823529411764705
MGM-ATL,MGM,ATL,212,10.985849056603774,17.7688679245283,0.21226415094339623
MGM-DCA,MGM,DCA,41,19.195121951219512,24.365853658536587,0.3170731707317073
MGM-DFW,MGM,DFW,119,8.07563025210084,11.890756302521009,0.23529411764705882
MHK-DFW,MHK,DFW,163,1.3006134969325154,7.987730061349693,0.147239263803681
MHT-BWI,MHT,BWI,203,-4.527093596059113,5.344827586206897,0.12315270935960591
MHT-CLT,MHT,CLT,115,-5.7043478260869565,2.782608695652174,0.12173913043478261
MHT-DCA,MHT,DCA,164,9.652439024390244,11.725609756097562,0.17682926829268292
MHT-EWR,MHT,EWR,14,-22.214285714285715,0.21428571428571427,0.07142857142857142
MHT-MCO,MHT,MCO,119,8.470588235294118,13.739495798319327,0.2773109243697479
MHT-MDW,MHT,MDW,60,-2.183333333333333,9.35,0.18333333333333332
MHT-TPA,MHT,TPA,2,20.5,31.5,0.5
MIA-ALB,MIA,ALB,7,6.428571428571429,-2.142857142857143,0.42857142857142855
MIA-ATL,MIA,ATL,1196,14.515886287625419,15.617056856187292,0.30267558528428096
MIA-AUS,MIA,AUS,303,13.458745874587459,13.511551155115512,0.28052805280528054
MIA-BDL,MIA,BDL,113,13.716814159292035,16.212389380530972,0.3805309734513274
MIA-BHM,MIA,BHM,118,6.338983050847458,5.6440677966101696,0.22033898305084745
MIA-BNA,MIA,BNA,460,11.789130434782608,13.102173913043478,0.2717391304347826
MIA-BOS,MIA,BOS,692,16.79913294797688,22.966763005780347,0.31647398843930635
MIA-BUF,MIA,BUF,14,7.785714285714286,5.214285714285714,0.2857142857142857
MIA-BWI,MIA,BWI,474,6.166666666666667,11.371308016877638,0.229957805907173
MIA-CHS,MIA,CHS,120,22.125,28.208333333333332,0.35
MIA-CID,MIA,CID,7,15.857142857142858,12.142857142857142,0.42857142857142855
MIA-CLE,MIA,CLE,97,18.783505154639176,16.432989690721648,0.3711340206185567
MIA-CLT,MIA,CLT,552,14.271739130434783,18.06159420289855,0.266304347826087
MIA-CMH,MIA,CMH,129,13.790697674418604,10.224806201550388,0.2713178294573643
MIA-CVG,MIA,CVG,213,3.6384976525821595,7.070422535211268,0.19718309859154928
MIA-DAL,MIA,DAL,74,16.04054054054054,12.864864864864865,0.4594594594594595
MIA-DCA,MIA,DCA,647,9.395672333848532,13.763523956723338,0.2828438948995363
MIA-DEN,MIA,DEN,450,10.5,13.56,0.2866666666666667
MIA-DFW,MIA,DFW,853,23.658851113716295,22.99413833528722,0.34583821805392734
MIA-DSM,MIA,DSM,55,3.8727272727272726,5.6,0.23636363636363636
MIA-DTW,MIA,DTW,344,12.997093023255815,16.2296511627907,0.2936046511627907
MIA-EGE,MIA,EGE,68,16.58823529411765,13.720588235294118,0.27941176470588236
MIA-EWR,MIA,EWR,785,9.122292993630573,17.161783439490446,0.2484076433121019
MIA-EYW,MIA,EYW,176,5.4772727272727275,5.704545454545454,0.2215909090909091
MIA-GNV,MIA,GNV,60,-7.0,-3.566666666666667,0.016666666666666666
MIA-GRR,MIA,GRR,94,7.585106382978723,6.861702127659575,0.30851063829787234
MIA-GSO,MIA,GSO,60,8.55,10.633333333333333,0.35
MIA-GSP,MIA,GSP,58,2.6724137931034484,7.655172413793103,0.1724137931034483
MIA-HOU,MIA,HOU,172,13.779069767441861,13.633720930232558,0.3023255813953488
MIA-HPN,MIA,HPN,59,9.59322033898305,4.52542372881356,0.2711864406779661
MIA-HSV,MIA,HSV,8,-0.125,8.25,0.0
MIA-IAD,MIA,IAD,115,5.530434782608696,8.11304347826087,0.20869565217391303
MIA-IAH,MIA,IAH,498,18.70883534136546,17.265060240963855,0.3112449799196787
MIA-ICT,MIA,ICT,8,12.0,1.375,0.375
MIA-ILM,MIA,ILM,8,0.375,0.75,0.25
MIA-IND,MIA,IND,131,31.0381679389313,33.66412213740458,0.3511450381679389
MIA-JAX,MIA,JAX,302,16.78476821192053,17.20860927152318,0.2582781456953642
MIA-JFK,MIA,JFK,930,13.910752688172042,20.726881720430107,0.27956989247311825
MIA-LAS,MIA,LAS,235,16.940425531914894,16.217021276595744,0.33617021276595743
MIA-LAX,MIA,LAX,672,16.276785714285715,18.260416666666668,0.33630952380952384
MIA-LEX,MIA,LEX,8,-16.875,-1.5,0.0
MIA-LGA,MIA,LGA,996,10.644578313253012,16.76706827309237,0.285140562248996
MIA-LIT,MIA,LIT,8,-9.625,1.5,0.0
MIA-MCI,MIA,MCI,92,11.456521739130435,13.891304347826088,0.32608695652173914
MIA-MCO,MIA,MCO,638,20.227272727272727,21.4576802507837,0.31347962382445144
MIA-MDW,MIA,MDW,162,11.61111111111111,13.666666666666666,0.25308641975308643
MIA-MEM,MIA,MEM,64,12.90625,11.640625,0.359375
MIA-MKE,MIA,MKE,57,47.10526315789474,59.05263157894737,0.47368421052631576
MIA-MSN,MIA,MSN,8,23.5,38.5,0.25
MIA-MSP,MIA,MSP,284,17.031690140845072,20.70774647887324,0.28169014084507044
MIA-MSY,MIA,MSY,350,20.3,16.065714285714286,0.3342857142857143
MIA-OKC,MIA,OKC,60,21.5,27.683333333333334,0.48333333333333334
MIA-OMA,MIA,OMA,59,41.101694915254235,43.54237288135593,0.5932203389830508
MIA-ORD,MIA,ORD,781,12.399487836107554,18.467349551856593,0.25224071702944945
MIA-ORF,MIA,ORF,92,9.282608695652174,16.82608695652174,0.1956521739130435
MIA-PDX,MIA,PDX,109,30.06422018348624,28.027522935779817,0.43119266055045874
MIA-PHL,MIA,PHL,530,19.333962264150944,26.032075471698114,0.30943396226415093
MIA-PHX,MIA,PHX,302,20.278145695364238,20.350993377483444,0.36423841059602646
MIA-PIT,MIA,PIT,159,6.610062893081761,9.515723270440251,0.24528301886792453
MIA-PNS,MIA,PNS,134,2.246268656716418,1.3507462686567164,0.16417910447761194
MIA-RDU,MIA,RDU,375,18.509333333333334,18.762666666666668,0.32266666666666666
MIA-RIC,MIA,RIC,105,3.104761904761905,10.838095238095239,0.21904761904761905
MIA-ROC,MIA,ROC,8,82.875,89.875,0.25
MIA-SAN,MIA,SAN,120,38.166666666666664,34.06666666666667,0.4166666666666667
MIA-SAT,MIA,SAT,79,12.113924050632912,11.759493670886076,0.379746835443038
MIA-SAV,MIA,SAV,168,1.505952380952381,4.720238095238095,0.17857142857142858
MIA-SDF,MIA,SDF,82,9.646341463414634,14.463414634146341,0.3048780487804878
MIA-SEA,MIA,SEA,116,12.318965517241379,21.17241379310345,0.29310344827586204
MIA-SFO,MIA,SFO,269,21.156133828996282,19.95910780669145,0.4163568773234201
MIA-SJU,MIA,SJU,428,7.852803738317757,15.50233644859813,0.25
MIA-SLC,MIA,SLC,164,3.1158536585365852,11.884146341463415,0.21951219512195122
MIA-SMF,MIA,SMF,60,21.5,15.7,0.45
MIA-SNA,MIA,SNA,53,5.452830188679245,-1.8113207547169812,0.2830188679245283
MIA-STL,MIA,STL,187,14.540106951871659,16.106951871657753,0.2994652406417112
MIA-STT,MIA,STT,177,9.88135593220339,10.231638418079097,0.2824858757062147
MIA-STX,MIA,STX,120,14.141666666666667,19.45,0.21666666666666667
MIA-SYR,MIA,SYR,8,-8.125,-5.0,0.0
MIA-TLH,MIA,TLH,219,4.698630136986301,3.863013698630137,0.228310502283105
MIA-TPA,MIA,TPA,412,23.300970873786408,22.900485436893202,0.33495145631067963
MIA-TUL,MIA,TUL,8,-17.75,-6.5,0.0
MIA-TYS,MIA,TYS,58,-1.3275862068965518,3.2586206896551726,0.15517241379310345
MIA-XNA,MIA,XNA,14,-7.142857142857143,1.7142857142857142,0.14285714285714285
MKE-ATL,MKE,ATL,352,1.6164772727272727,8.369318181818182,0.20454545454545456
MKE-BNA,MKE,BNA,115,-2.6608695652173915,3.8521739130434782,0.17391304347826086
MKE-BOS,MKE,BOS,87,-10.25287356321839,-0.5632183908045977,0.13793103448275862
MKE-BWI,MKE,BWI,110,3.418181818181818,5.945454545454545,0.19090909090909092
MKE-CLT,MKE,CLT,166,19.759036144578314,17.933734939759034,0.2891566265060241
MKE-DAL,MKE,DAL,52,-5.346153846153846,4.403846153846154,0.11538461538461539
MKE-DCA,MKE,DCA,208,9.447115384615385,9.85576923076923,0.20192307692307693
MKE-DEN,MKE,DEN,398,-5.135678391959799,6.2462311557788945,0.13316582914572864
MKE-DFW,MKE,DFW,174,36.132183908045974,39.90229885057471,0.3218390804597701
MKE-DTW,MKE,DTW,177,9.288135593220339,19.005649717514125,0.1864406779661017
MKE-EWR,MKE,EWR,107,-17.429906542056074,-1.0841121495327102,0.07476635514018691
MKE-FLL,MKE,FLL,25,8.64,6.6,0.36
MKE-IAH,MKE,IAH,30,43.5,54.766666666666666,0.36666666666666664
MKE-JFK,MKE,JFK,115,16.68695652173913,18.330434782608695,0.17391304347826086
MKE-LAS,MKE,LAS,220,2.118181818181818,13.531818181818181,0.2
MKE-LGA,MKE,LGA,187,20.577540106951872,21.97860962566845,0.24064171122994651
MKE-MCI,MKE,MCI,40,-12.075,-1.35,0.025
MKE-MCO,MKE,MCO,329,6.218844984802431,11.322188449848024,0.22492401215805471
MKE-MIA,MKE,MIA,57,60.03508771929825,49.75438596491228,0.42105263157894735
MKE-MSP,MKE,MSP,216,3.0925925925925926,8.532407407407407,0.1527777777777778
MKE-ORD,MKE,ORD,304,9.963815789473685,17.713815789473685,0.2236842105263158
MKE-PHL,MKE,PHL,20,-3.7,-5.5,0.1
MKE-PHX,MKE,PHX,196,1.8826530612244898,12.270408163265307,0.19387755102040816
MKE-RSW,MKE,RSW,143,8.62937062937063,15.76923076923077,0.26573426573426573
MKE-SEA,MKE,SEA,45,-17.288888888888888,-1.6666666666666667,0.08888888888888889
MKE-SLC,MKE,SLC,61,-1.3442622950819672,16.39344262295082,0.13114754098360656
MKE-STL,MKE,STL,108,-2.074074074074074,6.157407407407407,0.1388888888888889
MKE-TPA,MKE,TPA,83,4.132530120481928,6.963855421686747,0.21686746987951808
MLB-ABE,MLB,ABE,17,-6.176470588235294,5.823529411764706,0.11764705882352941
MLB-ATL,MLB,ATL,211,-9.597156398104266,-1.4786729857819905,0.08530805687203792
MLB-BNA,MLB,BNA,17,-5.0,-5.588235294117647,0.23529411764705882
MLB-CLT,MLB,CLT,180,8.405555555555555,12.105555555555556,0.18888888888888888
MLB-DCA,MLB,DCA,4,0.5,5.75,0.25
MLB-PIT,MLB,PIT,17,-9.0,-3.411764705882353,0.11764705882352941
MLI-ATL,MLI,ATL,115,15.71304347826087,20.530434782608694,0.22608695652173913
MLI-AZA,MLI,AZA,17,-18.352941176470587,-0.7647058823529411,0.11764705882352941
MLI-CLT,MLI,CLT,110,7.209090909090909,10.663636363636364,0.23636363636363636
MLI-DEN,MLI,DEN,52,7.596153846153846,14.596153846153847,0.21153846153846154
MLI-DFW,MLI,DFW,111,1.8288288288288288,9.423423423423424,0.1981981981981982
MLI-LAS,MLI,LAS,17,3.764705882352941,13.823529411764707,0.17647058823529413
MLI-ORD,MLI,ORD,158,31.158227848101266,34.10126582278481,0.2468354430379747
MLI-PGD,MLI,PGD,15,73.93333333333334,79.66666666666667,0.26666666666666666
MLI-PIE,MLI,PIE,12,-9.666666666666666,0.25,0.16666666666666666
MLI-SFB,MLI,SFB,17,-7.764705882352941,-0.8823529411764706,0.11764705882352941
MLU-ATL,MLU,ATL,118,22.847457627118644,22.38135593220339,0.2542372881355932
MLU-DFW,MLU,DFW,175,7.497142857142857,6.142857142857143,0.2057142857142857
MOB-ATL,MOB,ATL,222,1.427927927927928,7.990990990990991,0.13513513513513514
MOB-DFW,MOB,DFW,157,5.630573248407643,8.54140127388535,0.17197452229299362
MOB-IAH,MOB,IAH,39,44.666666666666664,53.205128205128204,0.20512820512820512
MOT-AZA,MOT,AZA,25,1.24,10.32,0.32
MOT-DEN,MOT,DEN,111,15.27927927927928,28.63963963963964,0.15315315315315314
MOT-LAS,MOT,LAS,18,62.166666666666664,65.77777777777777,0.2222222222222222
MOT-MSP,MOT,MSP,170,23.91764705882353,31.029411764705884,0.23529411764705882
MOT-SFB,MOT,SFB,17,17.470588235294116,19.176470588235293,0.47058823529411764
MQT-DTW,MQT,DTW,57,-16.263157894736842,1.8421052631578947,0.08771929824561403
MQT-ORD,MQT,ORD,28,8.0,22.678571428571427,0.17857142857142858
MRY-DEN,MRY,DEN,59,21.54237288135593,32.20338983050848,0.1864406779661017
MRY-DFW,MRY,DFW,59,29.93220338983051,38.47457627118644,0.23728813559322035
MRY-LAS,MRY,LAS,17,30.705882352941178,27.705882352941178,0.4117647058823529
MRY-LAX,MRY,LAX,111,-3.3513513513513513,-2.2882882882882885,0.10810810810810811
MRY-PHX,MRY,PHX,175,1.1028571428571428,4.937142857142857,0.09714285714285714
MRY-SAN,MRY,SAN,44,4.4772727272727275,6.931818181818182,0.13636363636363635
MRY-SEA,MRY,SEA,16,11.5,10.9375,0.1875
MRY-SFO,MRY,SFO,118,-4.932203389830509,7.737288135593221,0.1271186440677966
MSN-ATL,MSN,ATL,162,1.4814814814814814,10.141975308641975,0.13580246913580246
MSN-CLT,MSN,CLT,120,18.683333333333334,16.908333333333335,0.30833333333333335
MSN-DCA,MSN,DCA,118,2.093220338983051,4.508474576271187,0.17796610169491525
MSN-DEN,MSN,DEN,140,12.392857142857142,19.37142857142857,0.22142857142857142
MSN-DFW,MSN,DFW,159,11.062893081761006,19.062893081761008,0.2830188679245283
MSN-DTW,MSN,DTW,162,15.018518518518519,23.320987654320987,0.15432098765432098
MSN-EWR,MSN,EWR,50,0.46,-1.1,0.26
MSN-LGA,MSN,LGA,56,16.946428571428573,14.625,0.17857142857142858
MSN-MCO,MSN,MCO,42,-2.880952380952381,3.1904761904761907,0.19047619047619047
MSN-MIA,MSN,MIA,7,26.285714285714285,16.857142857142858,0.42857142857142855
MSN-MSP,MSN,MSP,215,4.72093023255814,15.688372093023256,0.15348837209302327
MSN-ORD,MSN,ORD,339,4.9144542772861355,11.64306784660767,0.22123893805309736
MSN-PHL,MSN,PHL,7,-11.714285714285714,-8.285714285714286,0.0
MSN-PHX,MSN,PHX,60,15.3,31.25,0.26666666666666666
MSO-AZA,MSO,AZA,19,5.2631578947368425,10.210526315789474,0.15789473684210525
MSO-DEN,MSO,DEN,114,15.333333333333334,17.80701754385965,0.2807017543859649
MSO-DFW,MSO,DFW,62,-1.403225806451613,6.080645161290323,0.20967741935483872
MSO-LAS,MSO,LAS,16,83.375,86.1875,0.25
MSO-MSP,MSO,MSP,60,29.416666666666668,29.666666666666668,0.3
MSO-SEA,MSO,SEA,7,82.71428571428571,83.14285714285714,0.7142857142857143
MSO-SLC,MSO,SLC,160,7.05,11.64375,0.15625
MSP-ABQ,MSP,ABQ,6,-34.5,-6.0,0.0
MSP-ABR,MSP,ABR,116,-8.543103448275861,3.293103448275862,0.09482758620689655
MSP-ANC,MSP,ANC,32,12.28125,31.8125,0.03125
MSP-ATL,MSP,ATL,558,-3.283154121863799,9.767025089605735,0.14695340501792115
MSP-ATW,MSP,ATW,118,3.2203389830508473,18.076271186440678,0.2033898305084746
MSP-AUS,MSP,AUS,199,-8.989949748743719,3.64321608040201,0.09547738693467336
MSP-AVL,MSP,AVL,6,-20.666666666666668,-1.6666666666666667,0.0
MSP-AZA,MSP,AZA,17,-8.941176470588236,4.823529411764706,0.11764705882352941
MSP-BDL,MSP,BDL,119,16.11764705882353,16.722689075630253,0.226890756302521
MSP-BIL,MSP,BIL,60,-5.316666666666666,8.066666666666666,0.2
MSP-BIS,MSP,BIS,226,0.7035398230088495,14.787610619469026,0.1592920353982301
MSP-BJI,MSP,BJI,117,-2.2564102564102564,11.213675213675213,0.1794871794871795
MSP-BNA,MSP,BNA,224,-6.258928571428571,4.209821428571429,0.12053571428571429
MSP-BOI,MSP,BOI,118,-7.669491525423729,6.406779661016949,0.11864406779661017
MSP-BOS,MSP,BOS,298,11.956375838926174,19.630872483221477,0.20134228187919462
MSP-BRD,MSP,BRD,102,5.294117647058823,15.803921568627452,0.16666666666666666
MSP-BWI,MSP,BWI,169,-0.023668639053254437,5.491124260355029,0.14792899408284024
MSP-BZN,MSP,BZN,109,-3.403669724770642,9.513761467889909,0.11009174311926606
MSP-CHS,MSP,CHS,6,-20.0,-5.833333333333333,0.0
MSP-CID,MSP,CID,115,11.069565217391304,18.043478260869566,0.2
MSP-CIU,MSP,CIU,58,9.982758620689655,24.637931034482758,0.25862068965517243
MSP-CLE,MSP,CLE,166,-2.0301204819277108,6.596385542168675,0.1746987951807229
MSP-CLT,MSP,CLT,341,-3.3313782991202348,7.624633431085044,0.16422287390029325
MSP-CMH,MSP,CMH,169,-3.710059171597633,5.431952662721893,0.1834319526627219
MSP-CVG,MSP,CVG,198,-0.6717171717171717,5.126262626262626,0.1717171717171717
MSP-CWA,MSP,CWA,118,2.2542372881355934,11.838983050847459,0.11864406779661017
MSP-DAL,MSP,DAL,1,-20.0,-2.0,0.0
MSP-DCA,MSP,DCA,333,2.3963963963963963,9.603603603603604,0.17417417417417416
MSP-DEN,MSP,DEN,896,-3.955357142857143,6.270089285714286,0.15178571428571427
MSP-DFW,MSP,DFW,446,1.1659192825112108,9.26457399103139,0.19506726457399104
MSP-DLH,MSP,DLH,165,11.224242424242425,17.1030303030303,0.21212121212121213
MSP-DSM,MSP,DSM,164,5.329268292682927,9.865853658536585,0.20121951219512196
MSP-DTW,MSP,DTW,339,-2.808259587020649,2.75811209439528,0.10619469026548672
MSP-ESC,MSP,ESC,58,-11.758620689655173,4.482758620689655,0.1206896551724138
MSP-EWR,MSP,EWR,326,-4.401840490797546,6.208588957055214,0.12269938650306748
MSP-FAR,MSP,FAR,269,-5.111524163568773,6.107806691449814,0.10780669144981413
MSP-FCA,MSP,FCA,61,-11.262295081967213,6.049180327868853,0.11475409836065574
MSP-FLL,MSP,FLL,166,-6.379518072289157,3.5120481927710845,0.18674698795180722
MSP-FSD,MSP,FSD,220,-0.03636363636363636,13.768181818181818,0.16363636363636364
MSP-FWA,MSP,FWA,57,21.17543859649123,27.157894736842106,0.21052631578947367
MSP-GEG,MSP,GEG,117,-9.2991452991453,3.752136752136752,0.06837606837606838
MSP-GFK,MSP,GFK,177,6.440677966101695,11.796610169491526,0.1977401129943503
MSP-GRB,MSP,GRB,162,6.191358024691358,17.38888888888889,0.2037037037037037
MSP-GRR,MSP,GRR,211,5.132701421800948,15.568720379146919,0.13744075829383887
MSP-GTF,MSP,GTF,60,19.25,36.8,0.11666666666666667
MSP-HDN,MSP,HDN,8,2.5,3.0,0.125
MSP-HIB,MSP,HIB,100,3.29,9.48,0.2
MSP-HNL,MSP,HNL,60,-2.5166666666666666,10.016666666666667,0.2
MSP-HRL,MSP,HRL,60,-16.8,0.5333333333333333,0.06666666666666667
MSP-IAD,MSP,IAD,122,5.827868852459017,10.729508196721312,0.22950819672131148
MSP-IAH,MSP,IAH,299,-9.274247491638796,6.488294314381271,0.10702341137123746
MSP-ICT,MSP,ICT,55,-7.4,5.818181818181818,0.12727272727272726
MSP-IMT,MSP,IMT,50,2.5,15.58,0.08
MSP-IND,MSP,IND,195,11.96923076923077,16.394871794871793,0.2512820512820513
MSP-INL,MSP,INL,98,-5.163265306122449,8.020408163265307,0.15306122448979592
MSP-JAC,MSP,JAC,8,0.375,17.375,0.25
MSP-JAX,MSP,JAX,7,-25.142857142857142,-3.7142857142857144,0.0
MSP-JFK,MSP,JFK,178,-6.477528089887641,5.095505617977528,0.15730337078651685
MSP-LAS,MSP,LAS,443,-5.948081264108352,7.356659142212189,0.12641083521444696
MSP-LAX,MSP,LAX,295,-9.233898305084745,7.874576271186441,0.10847457627118644
MSP-LGA,MSP,LGA,382,-1.2225130890052356,10.400523560209423,0.13089005235602094
MSP-MCI,MSP,MCI,278,-1.6258992805755397,7.255395683453237,0.14028776978417265
MSP-MCO,MSP,MCO,406,0.16502463054187191,9.817733990147783,0.16995073891625614
MSP-MDW,MSP,MDW,404,-1.0321782178217822,9.007425742574258,0.1485148514851485
MSP-MEM,MSP,MEM,104,4.173076923076923,14.548076923076923,0.21153846153846154
MSP-MIA,MSP,MIA,285,2.1333333333333333,4.6421052631578945,0.23157894736842105
MSP-MKE,MSP,MKE,216,-1.1111111111111112,6.356481481481482,0.14351851851851852
MSP-MOT,MSP,MOT,170,10.4,18.558823529411764,0.16470588235294117
MSP-MSN,MSP,MSN,216,8.36574074074074,13.393518518518519,0.19907407407407407
MSP-MSO,MSP,MSO,60,21.066666666666666,38.083333333333336,0.21666666666666667
MSP-MSY,MSP,MSY,60,-10.483333333333333,2.7,0.1
MSP-OKC,MSP,OKC,59,18.864406779661017,28.45762711864407,0.2542372881355932
MSP-OMA,MSP,OMA,225,1.8977777777777778,9.737777777777778,0.16444444444444445
MSP-ORD,MSP,ORD,727,4.024759284731775,9.591471801925723,0.19257221458046767
MSP-PBI,MSP,PBI,50,-10.82,-0.02,0.14
MSP-PDX,MSP,PDX,136,-16.647058823529413,7.8161764705882355,0.11029411764705882
MSP-PGD,MSP,PGD,17,3.8823529411764706,7.176470588235294,0.29411764705882354
MSP-PHL,MSP,PHL,209,-0.5645933014354066,8.894736842105264,0.14354066985645933
MSP-PHX,MSP,PHX,523,0.24091778202676864,15.760994263862333,0.14149139579349904
MSP-PIT,MSP,PIT,149,3.2416107382550337,9.63758389261745,0.18120805369127516
MSP-PSC,MSP,PSC,59,-8.796610169491526,28.74576271186441,0.15254237288135594
MSP-PSP,MSP,PSP,104,7.625,7.413461538461538,0.36538461538461536
MSP-RAP,MSP,RAP,163,0.39263803680981596,22.736196319018404,0.11042944785276074
MSP-RDU,MSP,RDU,153,-6.633986928104576,1.0457516339869282,0.1437908496732026
MSP-RHI,MSP,RHI,118,-6.593220338983051,7.372881355932203,0.1440677966101695
MSP-RST,MSP,RST,155,8.716129032258065,18.8,0.18064516129032257
MSP-RSW,MSP,RSW,305,-2.088524590163934,7.60655737704918,0.14754098360655737
MSP-SAN,MSP,SAN,180,-15.233333333333333,1.4333333333333333,0.07777777777777778
MSP-SAT,MSP,SAT,109,-2.5137614678899083,13.587155963302752,0.13761467889908258
MSP-SBN,MSP,SBN,59,25.06779661016949,30.25423728813559,0.22033898305084745
MSP-SDF,MSP,SDF,105,7.714285714285714,16.542857142857144,0.22857142857142856
MSP-SEA,MSP,SEA,334,-17.18562874251497,4.293413173652695,0.08383233532934131
MSP-SFO,MSP,SFO,256,2.890625,15.6875,0.27734375
MSP-SJC,MSP,SJC,51,-10.666666666666666,3.3529411764705883,0.1568627450980392
MSP-SJU,MSP,SJU,39,-24.41025641025641,4.384615384615385,0.10256410256410256
MSP-SLC,MSP,SLC,241,-10.074688796680498,2.3858921161825726,0.0912863070539419
MSP-SMF,MSP,SMF,60,-17.233333333333334,7.333333333333333,0.06666666666666667
MSP-SNA,MSP,SNA,76,-1.7763157894736843,8.039473684210526,0.17105263157894737
MSP-SRQ,MSP,SRQ,76,-5.618421052631579,-0.07894736842105263,0.11842105263157894
MSP-STL,MSP,STL,304,-5.4605263157894735,3.8092105263157894,0.14473684210526316
MSP-TPA,MSP,TPA,193,-11.860103626943005,1.5595854922279793,0.07772020725388601
MSP-TUS,MSP,TUS,52,-3.75,9.384615384615385,0.15384615384615385
MSP-VPS,MSP,VPS,44,-19.636363636363637,-3.6363636363636362,0.045454545454545456
MSP-XNA,MSP,XNA,41,-12.707317073170731,2.5121951219512195,0.04878048780487805
MSP-XWA,MSP,XWA,116,8.112068965517242,20.146551724137932,0.19827586206896552
MSY-ATL,MSY,ATL,774,0.5788113695090439,6.18733850129199,0.14728682170542637
MSY-AUS,MSY,AUS,287,11.825783972125436,12.512195121951219,0.2578397212543554
MSY-BNA,MSY,BNA,184,5.858695652173913,12.28804347826087,0.1793478260869565
MSY-BOS,MSY,BOS,119,0.4369747899159664,10.747899159663865,0.15126050420168066
MSY-BWI,MSY,BWI,133,8.052631578947368,14.924812030075188,0.24060150375939848
MSY-CLT,MSY,CLT,282,1.1631205673758864,4.9822695035460995,0.1347517730496454
MSY-CVG,MSY,CVG,16,56.0625,63.3125,0.125
MSY-DAL,MSY,DAL,376,10.03191489361702,12.39627659574468,0.2473404255319149
MSY-DCA,MSY,DCA,272,5.863970588235294,12.422794117647058,0.2426470588235294
MSY-DEN,MSY,DEN,431,8.36658932714617,10.445475638051045,0.19489559164733178
MSY-DFW,MSY,DFW,456,20.399122807017545,18.232456140350877,0.27631578947368424
MSY-DTW,MSY,DTW,134,-0.1417910447761194,6.373134328358209,0.1417910447761194
MSY-EWR,MSY,EWR,193,-7.072538860103627,8.336787564766839,0.08808290155440414
MSY-FLL,MSY,FLL,273,6.970695970695971,11.652014652014651,0.23076923076923078
MSY-HOU,MSY,HOU,370,7.064864864864865,13.375675675675677,0.23243243243243245
MSY-IAD,MSY,IAD,106,-4.349056603773585,0.4339622641509434,0.07547169811320754
MSY-IAH,MSY,IAH,404,-2.6064356435643563,5.153465346534653,0.12871287128712872
MSY-JFK,MSY,JFK,172,14.511627906976743,24.040697674418606,0.1569767441860465
MSY-LAS,MSY,LAS,173,11.514450867052023,13.92485549132948,0.36416184971098264
MSY-LAX,MSY,LAX,252,6.150793650793651,14.976190476190476,0.1865079365079365
MSY-LGA,MSY,LGA,285,6.017543859649122,15.617543859649123,0.20350877192982456
MSY-MCI,MSY,MCI,59,-4.101694915254237,3.8813559322033897,0.13559322033898305
MSY-MCO,MSY,MCO,452,7.042035398230088,13.714601769911505,0.20353982300884957
MSY-MDW,MSY,MDW,123,3.008130081300813,10.869918699186991,0.2032520325203252
MSY-MIA,MSY,MIA,348,7.971264367816092,8.652298850574713,0.21264367816091953
MSY-MSP,MSY,MSP,60,-13.016666666666667,1.0166666666666666,0.1
MSY-ORD,MSY,ORD,257,9.754863813229573,12.988326848249027,0.17120622568093385
MSY-PHL,MSY,PHL,144,11.48611111111111,16.125,0.25
MSY-PHX,MSY,PHX,128,13.171875,15.8671875,0.21875
MSY-SAN,MSY,SAN,60,18.733333333333334,19.4,0.5333333333333333
MSY-SAT,MSY,SAT,60,18.1,19.633333333333333,0.2833333333333333
MSY-SEA,MSY,SEA,127,4.125984251968504,12.0,0.1732283464566929
MSY-SFO,MSY,SFO,78,25.307692307692307,24.26923076923077,0.38461538461538464
MSY-SLC,MSY,SLC,59,-0.5254237288135594,9.40677966101695,0.1694915254237288
MSY-STL,MSY,STL,117,7.017094017094017,9.444444444444445,0.23076923076923078
MSY-TPA,MSY,TPA,221,3.4660633484162897,8.669683257918551,0.19457013574660634
MTJ-ATL,MTJ,ATL,54,-2.6296296296296298,4.444444444444445,0.07407407407407407
MTJ-DAL,MTJ,DAL,54,5.7407407407407405,11.24074074074074,0.2222222222222222
MTJ-DEN,MTJ,DEN,316,7.477848101265823,12.626582278481013,0.2088607594936709
MTJ-DFW,MTJ,DFW,104,26.625,27.46153846153846,0.25961538461538464
MTJ-EWR,MTJ,EWR,47,-15.191489361702128,3.574468085106383,0.14893617021276595
MTJ-IAH,MTJ,IAH,58,13.051724137931034,14.448275862068966,0.20689655172413793
MTJ-LAX,MTJ,LAX,11,3.909090909090909,12.454545454545455,0.09090909090909091
MTJ-ORD,MTJ,ORD,59,11.779661016949152,17.677966101694917,0.23728813559322035
MTJ-SFO,MTJ,SFO,21,-1.8095238095238095,16.142857142857142,0.2857142857142857
MYR-ABE,MYR,ABE,17,169.7058823529412,174.64705882352942,0.29411764705882354
MYR-ACY,MYR,ACY,16,9.375,11.0,0.1875
MYR-ALB,MYR,ALB,7,-12.571428571428571,-4.285714285714286,0.0
MYR-ATL,MYR,ATL,196,-9.709183673469388,-2.954081632653061,0.05612244897959184
MYR-BNA,MYR,BNA,73,-5.917808219178082,1.2054794520547945,0.1095890410958904
MYR-BOS,MYR,BOS,75,8.746666666666666,2.8133333333333335,0.16
MYR-BWI,MYR,BWI,143,-4.825174825174825,3.825174825174825,0.08391608391608392
MYR-CLT,MYR,CLT,378,-0.5502645502645502,7.227513227513228,0.13756613756613756
MYR-CVG,MYR,CVG,7,128.0,133.0,0.14285714285714285
MYR-DCA,MYR,DCA,74,-9.378378378378379,1.4324324324324325,0.0945945945945946
MYR-DFW,MYR,DFW,15,2.6,1.3333333333333333,0.13333333333333333
MYR-DTW,MYR,DTW,59,-11.40677966101695,-4.237288135593221,0.03389830508474576
MYR-EWR,MYR,EWR,165,-12.896969696969697,1.8545454545454545,0.06666666666666667
MYR-FLL,MYR,FLL,59,2.0677966101694913,0.15254237288135594,0.13559322033898305
MYR-LCK,MYR,LCK,2,-24.0,-19.0,0.0
MYR-LGA,MYR,LGA,134,-0.1417910447761194,7.7611940298507465,0.20149253731343283
MYR-MCO,MYR,MCO,58,5.913793103448276,6.413793103448276,0.22413793103448276
MYR-MDW,MYR,MDW,52,-2.8076923076923075,5.5576923076923075,0.11538461538461539
MYR-PHL,MYR,PHL,53,14.641509433962264,20.20754716981132,0.24528301886792453
MYR-SWF,MYR,SWF,17,-14.411764705882353,-9.470588235294118,0.058823529411764705
OAJ-ATL,OAJ,ATL,120,8.416666666666666,15.116666666666667,0.11666666666666667
OAJ-CLT,OAJ,CLT,25,-5.12,0.2,0.12
OAK-ABQ,OAK,ABQ,58,6.603448275862069,12.53448275862069,0.1896551724137931
OAK-AUS,OAK,AUS,59,-1.0508474576271187,5.52542372881356,0.13559322033898305
OAK-BLI,OAK,BLI,68,-0.11764705882352941,9.132352941176471,0.14705882352941177
OAK-BNA,OAK,BNA,44,-10.727272727272727,-0.36363636363636365,0.022727272727272728
OAK-BOI,OAK,BOI,119,3.957983193277311,11.563025210084033,0.18487394957983194
OAK-BUR,OAK,BUR,496,-0.8588709677419355,8.141129032258064,0.1431451612903226
OAK-BWI,OAK,BWI,59,-0.4067796610169492,2.7457627118644066,0.0847457627118644
OAK-DAL,OAK,DAL,88,2.8863636363636362,8.318181818181818,0.18181818181818182
OAK-DEN,OAK,DEN,294,0.6598639455782312,8.76530612244898,0.1564625850340136
OAK-EUG,OAK,EUG,108,0.1574074074074074,5.064814814814815,0.12962962962962962
OAK-EWR,OAK,EWR,33,17.484848484848484,27.09090909090909,0.21212121212121213
OAK-GEG,OAK,GEG,112,4.330357142857143,13.044642857142858,0.21428571428571427
OAK-HNL,OAK,HNL,179,20.804469273743017,16.273743016759777,0.45251396648044695
OAK-HOU,OAK,HOU,50,-4.66,2.2,0.06
OAK-KOA,OAK,KOA,60,10.15,8.2,0.45
OAK-LAS,OAK,LAS,741,6.94331983805668,12.480431848852902,0.23076923076923078
OAK-LAX,OAK,LAX,604,-0.6473509933774835,7.150662251655629,0.13079470198675497
OAK-LGB,OAK,LGB,283,-6.438162544169611,2.8551236749116606,0.0989399293286219
OAK-LIH,OAK,LIH,117,5.52991452991453,0.3076923076923077,0.27350427350427353
OAK-MCI,OAK,MCI,53,3.4339622641509435,9.49056603773585,0.1509433962264151
OAK-MDW,OAK,MDW,79,-2.2025316455696204,9.240506329113924,0.1518987341772152
OAK-OGG,OAK,OGG,164,10.195121951219512,6.2682926829268295,0.3597560975609756
OAK-ONT,OAK,ONT,237,1.620253164556962,10.012658227848101,0.16033755274261605
OAK-PDX,OAK,PDX,323,4.609907120743034,8.724458204334365,0.16718266253869968
OAK-PHX,OAK,PHX,329,2.978723404255319,10.337386018237082,0.17933130699088146
OAK-PSP,OAK,PSP,105,-0.13333333333333333,4.904761904761905,0.1523809523809524
OAK-RNO,OAK,RNO,104,-3.048076923076923,4.923076923076923,0.07692307692307693
OAK-SAN,OAK,SAN,527,0.9753320683111955,6.889943074003795,0.1555977229601518
OAK-SBA,OAK,SBA,58,-3.7758620689655173,5.431034482758621,0.08620689655172414
OAK-SEA,OAK,SEA,313,-0.8498402555910544,7.693290734824281,0.16613418530351437
OAK-SLC,OAK,SLC,323,0.26625386996904027,9.337461300309597,0.14860681114551083
OAK-SNA,OAK,SNA,391,-4.340153452685422,4.869565217391305,0.11764705882352941
OAK-STL,OAK,STL,52,-9.596153846153847,2.1346153846153846,0.057692307692307696
OGG-ANC,OGG,ANC,12,23.916666666666668,32.25,0.16666666666666666
OGG-DEN,OGG,DEN,59,-20.491525423728813,-0.7457627118644068,0.0847457627118644
OGG-DFW,OGG,DFW,60,-30.066666666666666,-6.2,0.0
OGG-EWR,OGG,EWR,1,-19.0,-9.0,0.0
OGG-HNL,OGG,HNL,1900,6.32,5.015263157894736,0.1957894736842105
OGG-ITO,OGG,ITO,60,16.966666666666665,15.5,0.38333333333333336
OGG-KOA,OGG,KOA,239,8.305439330543933,7.627615062761507,0.22594142259414227
OGG-LAS,OGG,LAS,120,-16.716666666666665,5.733333333333333,0.1
OGG-LAX,OGG,LAX,305,-8.668852459016394,8.091803278688525,0.10819672131147541
OGG-LIH,OGG,LIH,240,4.520833333333333,3.379166666666667,0.16666666666666666
OGG-OAK,OGG,OAK,163,-15.104294478527608,5.9447852760736195,0.11042944785276074
OGG-ORD,OGG,ORD,43,-25.209302325581394,-7.651162790697675,0.0
OGG-PDX,OGG,PDX,94,11.148936170212766,26.595744680851062,0.26595744680851063
OGG-PHX,OGG,PHX,180,-22.255555555555556,-3.1055555555555556,0.022222222222222223
OGG-SAN,OGG,SAN,100,-7.33,15.01,0.14
OGG-SEA,OGG,SEA,236,14.444915254237289,30.258474576271187,0.23728813559322035
OGG-SFO,OGG,SFO,186,-8.026881720430108,7.89247311827957,0.11290322580645161
OGG-SJC,OGG,SJC,106,-11.037735849056604,6.028301886792453,0.11320754716981132
OGG-SLC,OGG,SLC,58,-9.275862068965518,10.155172413793103,0.1724137931034483
OGG-SMF,OGG,SMF,61,-0.4098360655737705,18.688524590163933,0.18032786885245902
OKC-ATL,OKC,ATL,326,-0.8496932515337423,4.315950920245399,0.0950920245398773
OKC-AUS,OKC,AUS,85,10.388235294117647,9.211764705882352,0.1411764705882353
OKC-BNA,OKC,BNA,15,-0.8,6.733333333333333,0.2
OKC-CLT,OKC,CLT,120,12.658333333333333,12.291666666666666,0.2833333333333333
OKC-DCA,OKC,DCA,112,-2.080357142857143,4.080357142857143,0.14285714285714285
OKC-DEN,OKC,DEN,414,6.942028985507246,9.857487922705314,0.18357487922705315
OKC-DFW,OKC,DFW,438,13.787671232876713,12.577625570776256,0.2465753424657534
OKC-HOU,OKC,HOU,222,0.6351351351351351,5.612612612612613,0.15765765765765766
OKC-IAH,OKC,IAH,30,13.066666666666666,11.633333333333333,0.2
OKC-LAS,OKC,LAS,172,7.401162790697675,12.133720930232558,0.26744186046511625
OKC-LAX,OKC,LAX,119,12.008403361344538,10.672268907563025,0.226890756302521
OKC-LGA,OKC,LGA,149,-1.4161073825503356,3.214765100671141,0.12080536912751678
OKC-MCO,OKC,MCO,44,3.7045454545454546,7.363636363636363,0.22727272727272727
OKC-MDW,OKC,MDW,52,3.1153846153846154,3.4615384615384617,0.1346153846153846
OKC-MIA,OKC,MIA,60,12.6,9.016666666666667,0.26666666666666666
OKC-MSP,OKC,MSP,59,1.88135593220339,5.830508474576271,0.1016949152542373
OKC-ORD,OKC,ORD,250,1.888,4.724,0.172
OKC-PHX,OKC,PHX,284,6.735915492957746,9.654929577464788,0.15140845070422534
OKC-SAT,OKC,SAT,52,5.769230769230769,7.884615384615385,0.15384615384615385
OKC-SEA,OKC,SEA,42,-12.119047619047619,-5.285714285714286,0.047619047619047616
OKC-SLC,OKC,SLC,110,8.572727272727272,12.336363636363636,0.18181818181818182
OKC-STL,OKC,STL,110,-2.0,1.0909090909090908,0.13636363636363635
OMA-ATL,OMA,ATL,327,4.608562691131499,9.44954128440367,0.1743119266055046
OMA-AUS,OMA,AUS,16,14.625,18.3125,0.375
OMA-AZA,OMA,AZA,17,-6.352941176470588,5.0588235294117645,0.17647058823529413
OMA-BNA,OMA,BNA,13,6.384615384615385,14.615384615384615,0.15384615384615385
OMA-CLT,OMA,CLT,120,14.133333333333333,17.275,0.24166666666666667
OMA-DAL,OMA,DAL,67,2.417910447761194,5.208955223880597,0.208955223880597
OMA-DCA,OMA,DCA,101,4.217821782178218,6.148514851485149,0.15841584158415842
OMA-DEN,OMA,DEN,488,9.237704918032787,12.91188524590164,0.22131147540983606
OMA-DFW,OMA,DFW,232,11.637931034482758,16.88362068965517,0.2974137931034483
OMA-DTW,OMA,DTW,157,15.445859872611464,14.280254777070065,0.20382165605095542
OMA-FLL,OMA,FLL,7,10.285714285714286,16.142857142857142,0.14285714285714285
OMA-HOU,OMA,HOU,59,2.5084745762711864,7.338983050847458,0.1864406779661017
OMA-IAH,OMA,IAH,80,24.8875,23.9875,0.225
OMA-LAS,OMA,LAS,194,0.09278350515463918,11.144329896907216,0.15979381443298968
OMA-LAX,OMA,LAX,64,-0.953125,6.796875,0.1875
OMA-LGA,OMA,LGA,234,6.2094017094017095,9.555555555555555,0.18376068376068377
OMA-MCO,OMA,MCO,84,15.571428571428571,14.202380952380953,0.34523809523809523
OMA-MDW,OMA,MDW,190,2.389473684210526,8.273684210526316,0.14736842105263157
OMA-MIA,OMA,MIA,59,16.135593220338983,16.627118644067796,0.2711864406779661
OMA-MSP,OMA,MSP,225,7.955555555555556,11.382222222222222,0.1688888888888889
OMA-ORD,OMA,ORD,276,14.608695652173912,16.778985507246375,0.16304347826086957
OMA-PGD,OMA,PGD,17,20.529411764705884,27.41176470588235,0.23529411764705882
OMA-PHX,OMA,PHX,261,9.74712643678161,20.64750957854406,0.16091954022988506
OMA-PIE,OMA,PIE,19,6.368421052631579,6.684210526315789,0.3157894736842105
OMA-SEA,OMA,SEA,45,-3.6666666666666665,5.888888888888889,0.17777777777777778
OMA-SFB,OMA,SFB,16,18.0625,17.3125,0.1875
OMA-SLC,OMA,SLC,106,9.915094339622641,14.839622641509434,0.20754716981132076
OMA-STL,OMA,STL,110,3.672727272727273,8.60909090909091,0.19090909090909092
OME-OTZ,OME,OTZ,53,-0.4528301886792453,1.830188679245283,0.18867924528301888
ONT-ATL,ONT,ATL,121,-9.314049586776859,1.8016528925619835,0.04132231404958678
ONT-AUS,ONT,AUS,60,-1.5333333333333334,4.166666666666667,0.08333333333333333
ONT-CLT,ONT,CLT,60,2.1166666666666667,18.483333333333334,0.11666666666666667
ONT-DAL,ONT,DAL,60,-2.1166666666666667,5.7,0.08333333333333333
ONT-DEN,ONT,DEN,442,4.9411764705882355,15.816742081447964,0.1493212669683258
ONT-DFW,ONT,DFW,335,8.098507462686568,15.286567164179104,0.1582089552238806
ONT-HNL,ONT,HNL,60,27.833333333333332,21.583333333333332,0.35
ONT-HOU,ONT,HOU,58,-9.344827586206897,5.344827586206897,0.034482758620689655
ONT-JFK,ONT,JFK,59,22.677966101694917,29.0,0.22033898305084745
ONT-LAS,ONT,LAS,380,6.265789473684211,11.307894736842105,0.18947368421052632
ONT-MCO,ONT,MCO,4,-31.0,-7.25,0.0
ONT-MDW,ONT,MDW,58,1.1724137931034482,8.810344827586206,0.1206896551724138
ONT-OAK,ONT,OAK,250,-2.712,4.312,0.096
ONT-PDX,ONT,PDX,40,-5.15,2.575,0.15
ONT-PHX,ONT,PHX,494,2.317813765182186,7.7591093117408905,0.13765182186234817
ONT-SEA,ONT,SEA,259,-10.301158301158301,1.694980694980695,0.07722007722007722
ONT-SFO,ONT,SFO,191,14.403141361256544,20.047120418848166,0.3298429319371728
ONT-SJC,ONT,SJC,208,-2.7115384615384617,5.903846153846154,0.11538461538461539
ONT-SLC,ONT,SLC,173,-3.1907514450867054,5.6531791907514455,0.12716763005780346
ONT-SMF,ONT,SMF,253,0.4268774703557312,9.877470355731225,0.14624505928853754
ORD-ABE,ORD,ABE,71,-4.971830985915493,3.887323943661972,0.15492957746478872
ORD-ABQ,ORD,ABQ,111,3.873873873873874,12.027027027027026,0.22522522522522523
ORD-ALB,ORD,ALB,139,18.107913669064747,21.72661870503597,0.2517985611510791
ORD-ANC,ORD,ANC,10,44.0,35.8,0.4
ORD-ASE,ORD,ASE,281,17.765124555160142,32.380782918149464,0.3096085409252669
ORD-ATL,ORD,ATL,816,9.029411764705882,15.333333333333334,0.20588235294117646
ORD-ATW,ORD,ATW,257,9.879377431906615,14.540856031128405,0.26459143968871596
ORD-AUS,ORD,AUS,424,10.783018867924529,16.46933962264151,0.294811320754717
ORD-AVL,ORD,AVL,104,0.038461538461538464,9.413461538461538,0.16346153846153846
ORD-AVP,ORD,AVP,67,32.850746268656714,39.38805970149254,0.19402985074626866
ORD-BDL,ORD,BDL,264,13.958333333333334,14.412878787878787,0.2803030303030303
ORD-BHM,ORD,BHM,49,3.122448979591837,4.979591836734694,0.22448979591836735
ORD-BNA,ORD,BNA,683,6.948755490483163,11.676427525622255,0.21961932650073207
ORD-BOI,ORD,BOI,59,-12.898305084745763,4.88135593220339,0.1694915254237288
ORD-BOS,ORD,BOS,865,15.252023121387284,17.054335260115607,0.2277456647398844
ORD-BTV,ORD,BTV,118,1.9491525423728813,6.169491525423729,0.17796610169491525
ORD-BUF,ORD,BUF,229,18.921397379912662,20.419213973799128,0.25327510917030566
ORD-BWI,ORD,BWI,388,11.788659793814434,12.507731958762887,0.2603092783505155
ORD-BZN,ORD,BZN,139,2.971223021582734,18.690647482014388,0.14388489208633093
ORD-CAE,ORD,CAE,113,23.964601769911503,26.530973451327434,0.35398230088495575
ORD-CAK,ORD,CAK,156,14.621794871794872,16.858974358974358,0.30128205128205127
ORD-CHA,ORD,CHA,158,14.39873417721519,14.848101265822784,0.3037974683544304
ORD-CHO,ORD,CHO,55,18.581818181818182,13.8,0.38181818181818183
ORD-CHS,ORD,CHS,173,-3.867052023121387,4.658959537572255,0.13872832369942195
ORD-CID,ORD,CID,235,13.514893617021277,22.6,0.251063829787234
ORD-CLE,ORD,CLE,385,10.197402597402597,10.727272727272727,0.2519480519480519
ORD-CLT,ORD,CLT,663,5.707390648567119,8.211161387631975,0.20512820512820512
ORD-CMH,ORD,CMH,406,9.64039408866995,12.74384236453202,0.2413793103448276
ORD-CMI,ORD,CMI,109,19.706422018348626,23.192660550458715,0.24770642201834864
ORD-CMX,ORD,CMX,104,1.8173076923076923,9.971153846153847,0.15384615384615385
ORD-COS,ORD,COS,67,-1.3432835820895523,13.328358208955224,0.23880597014925373
ORD-COU,ORD,COU,77,19.103896103896105,25.5974025974026,0.24675324675324675
ORD-CRW,ORD,CRW,112,24.803571428571427,32.973214285714285,0.1875
ORD-CVG,ORD,CVG,365,7.6438356164383565,11.75068493150685,0.2356164383561644
ORD-DAL,ORD,DAL,205,-7.082926829268293,4.995121951219512,0.18536585365853658
ORD-DAY,ORD,DAY,128,16.1328125,20.140625,0.2265625
ORD-DCA,ORD,DCA,971,9.92584963954686,13.73017507723996,0.22451081359423275
ORD-DEC,ORD,DEC,94,1.446808510638298,14.819148936170214,0.13829787234042554
ORD-DEN,ORD,DEN,878,6.767653758542141,16.9874715261959,0.19020501138952164
ORD-DFW,ORD,DFW,889,9.717660292463442,13.51068616422947,0.26996625421822273
ORD-DLH,ORD,DLH,114,15.008771929824562,21.526315789473685,0.32456140350877194
ORD-DSM,ORD,DSM,281,3.2704626334519573,10.416370106761565,0.199288256227758
ORD-DTW,ORD,DTW,709,10.093088857545839,15.162200282087447,0.2397743300423131
ORD-ECP,ORD,ECP,4,-2.5,-0.5,0.0
ORD-EGE,ORD,EGE,156,4.788461538461538,10.326923076923077,0.22435897435897437
ORD-ELP,ORD,ELP,57,-8.31578947368421,2.192982456140351,0.12280701754385964
ORD-EWR,ORD,EWR,792,4.162878787878788,12.815656565656566,0.2032828282828283
ORD-EYW,ORD,EYW,117,4.82051282051282,9.606837606837606,0.2564102564102564
ORD-FAR,ORD,FAR,231,23.00865800865801,30.73160173160173,0.24675324675324675
ORD-FAT,ORD,FAT,8,-9.5,13.375,0.125
ORD-FCA,ORD,FCA,21,5.238095238095238,23.761904761904763,0.2857142857142857
ORD-FLL,ORD,FLL,562,11.11032028469751,15.181494661921707,0.2722419928825623
ORD-FNT,ORD,FNT,99,12.686868686868687,19.767676767676768,0.26262626262626265
ORD-FOD,ORD,FOD,41,-5.7073170731707314,11.146341463414634,0.1951219512195122
ORD-FSD,ORD,FSD,221,8.095022624434389,14.95475113122172,0.248868778280543
ORD-FWA,ORD,FWA,150,13.726666666666667,22.946666666666665,0.28
ORD-GEG,ORD,GEG,8,-0.25,28.25,0.25
ORD-GRB,ORD,GRB,271,13.202952029520295,18.822878228782287,0.2140221402214022
ORD-GRR,ORD,GRR,421,12.45605700712589,16.707838479809975,0.23515439429928742
ORD-GSO,ORD,GSO,173,5.757225433526012,12.208092485549132,0.1907514450867052
ORD-GSP,ORD,GSP,175,6.022857142857143,9.754285714285714,0.21714285714285714
ORD-HDN,ORD,HDN,68,3.838235294117647,13.808823529411764,0.22058823529411764
ORD-HNL,ORD,HNL,60,-4.483333333333333,9.5,0.21666666666666667
ORD-HPN,ORD,HPN,160,6.53125,5.2375,0.2
ORD-HRL,ORD,HRL,2,-31.0,7.0,0.0
ORD-HSV,ORD,HSV,58,6.051724137931035,11.637931034482758,0.20689655172413793
ORD-HYS,ORD,HYS,57,12.701754385964913,21.017543859649123,0.3508771929824561
ORD-IAD,ORD,IAD,238,12.15126050420168,16.5,0.226890756302521
ORD-IAH,ORD,IAH,651,2.282642089093702,13.798771121351766,0.19815668202764977
ORD-ICT,ORD,ICT,226,7.800884955752212,16.6858407079646,0.20353982300884957
ORD-IND,ORD,IND,516,4.24031007751938,9.781007751937985,0.1996124031007752
ORD-JAC,ORD,JAC,116,18.767241379310345,24.81896551724138,0.3017241379310345
ORD-JAX,ORD,JAX,229,7.183406113537118,13.358078602620088,0.2052401746724891
ORD-JFK,ORD,JFK,396,15.280303030303031,19.08080808080808,0.25
ORD-JST,ORD,JST,53,31.67924528301887,35.84905660377358,0.18867924528301888
ORD-KOA,ORD,KOA,8,34.125,42.875,0.375
ORD-LAS,ORD,LAS,765,2.4823529411764707,12.597385620915032,0.21568627450980393
ORD-LAX,ORD,LAX,936,6.1335470085470085,15.11965811965812,0.2232905982905983
ORD-LEX,ORD,LEX,199,6.0,10.597989949748744,0.20603015075376885
ORD-LGA,ORD,LGA,1542,9.632944228274967,15.995460440985733,0.21595330739299612
ORD-LIT,ORD,LIT,164,14.463414634146341,23.158536585365855,0.29878048780487804
ORD-LNK,ORD,LNK,99,5.606060606060606,14.090909090909092,0.2727272727272727
ORD-LSE,ORD,LSE,9,-1.4444444444444444,2.7777777777777777,0.1111111111111111
ORD-MBS,ORD,MBS,150,12.833333333333334,18.433333333333334,0.25333333333333335
ORD-MCI,ORD,MCI,433,7.48729792147806,13.953810623556581,0.23094688221709006
ORD-MCO,ORD,MCO,874,7.146453089244852,11.409610983981693,0.2402745995423341
ORD-MCW,ORD,MCW,57,-4.192982456140351,12.456140350877194,0.10526315789473684
ORD-MDT,ORD,MDT,121,14.892561983471074,19.611570247933884,0.21487603305785125
ORD-MEM,ORD,MEM,220,0.9727272727272728,12.35,0.18181818181818182
ORD-MIA,ORD,MIA,778,9.976863753213367,9.339331619537274,0.27249357326478146
ORD-MKE,ORD,MKE,310,16.741935483870968,20.81290322580645,0.24838709677419354
ORD-MLI,ORD,MLI,159,8.616352201257861,15.383647798742139,0.2138364779874214
ORD-MQT,ORD,MQT,29,4.068965517241379,4.172413793103448,0.1724137931034483
ORD-MSN,ORD,MSN,344,9.165697674418604,13.80813953488372,0.21511627906976744
ORD-MSP,ORD,MSP,726,6.823691460055096,15.038567493112948,0.16391184573002754
ORD-MSY,ORD,MSY,258,12.24031007751938,17.03488372093023,0.2868217054263566
ORD-MTJ,ORD,MTJ,59,9.966101694915254,18.52542372881356,0.3220338983050847
ORD-OGG,ORD,OGG,44,-9.0,9.840909090909092,0.1590909090909091
ORD-OKC,ORD,OKC,248,0.11693548387096774,12.524193548387096,0.20161290322580644
ORD-OMA,ORD,OMA,277,9.028880866425993,16.021660649819495,0.21299638989169675
ORD-ORF,ORD,ORF,167,11.502994011976048,14.754491017964073,0.23952095808383234
ORD-PBI,ORD,PBI,271,3.6309963099630997,7.966789667896679,0.2140221402214022
ORD-PDX,ORD,PDX,170,-1.8,11.758823529411766,0.1411764705882353
ORD-PHL,ORD,PHL,569,19.92970123022847,21.344463971880494,0.2565905096660808
ORD-PHX,ORD,PHX,963,4.656282450674974,14.419522326064381,0.17964693665628245
ORD-PIA,ORD,PIA,143,19.405594405594407,28.86013986013986,0.23076923076923078
ORD-PIT,ORD,PIT,416,2.2403846153846154,7.53125,0.18509615384615385
ORD-PNS,ORD,PNS,66,5.53030303030303,13.348484848484848,0.18181818181818182
ORD-PSP,ORD,PSP,120,6.758333333333334,15.1,0.23333333333333334
ORD-PVD,ORD,PVD,89,10.853932584269662,10.539325842696629,0.2696629213483146
ORD-PWM,ORD,PWM,56,7.160714285714286,5.517857142857143,0.17857142857142858
ORD-RDU,ORD,RDU,434,9.262672811059907,11.71889400921659,0.21889400921658986
ORD-RIC,ORD,RIC,77,8.61038961038961,12.03896103896104,0.2727272727272727
ORD-RNO,ORD,RNO,12,-1.9166666666666667,23.416666666666668,0.25
ORD-ROA,ORD,ROA,100,8.18,12.52,0.25
ORD-ROC,ORD,ROC,237,8.31223628691983,11.61603375527426,0.2109704641350211
ORD-RST,ORD,RST,32,22.5,27.25,0.1875
ORD-RSW,ORD,RSW,599,6.176961602671119,9.68280467445743,0.24540901502504173
ORD-SAN,ORD,SAN,375,3.232,13.845333333333333,0.18133333333333335
ORD-SAT,ORD,SAT,209,10.741626794258373,16.976076555023923,0.291866028708134
ORD-SAV,ORD,SAV,156,0.16025641025641027,7.339743589743589,0.17307692307692307
ORD-SBN,ORD,SBN,264,14.568181818181818,23.890151515151516,0.24621212121212122
ORD-SCE,ORD,SCE,48,4.166666666666667,9.25,0.20833333333333334
ORD-SDF,ORD,SDF,280,2.4035714285714285,7.1535714285714285,0.19285714285714287
ORD-SEA,ORD,SEA,499,-5.943887775551103,10.831663326653306,0.16432865731462926
ORD-SFO,ORD,SFO,545,16.144954128440368,23.49724770642202,0.29908256880733947
ORD-SGF,ORD,SGF,212,3.8160377358490565,7.8584905660377355,0.21226415094339623
ORD-SJC,ORD,SJC,59,6.237288135593221,21.71186440677966,0.2542372881355932
ORD-SJU,ORD,SJU,191,-0.4607329842931937,5.795811518324608,0.18848167539267016
ORD-SLC,ORD,SLC,450,0.49777777777777776,14.088888888888889,0.19333333333333333
ORD-SMF,ORD,SMF,127,-0.047244094488188976,13.960629921259843,0.1732283464566929
ORD-SNA,ORD,SNA,338,1.3609467455621302,10.571005917159763,0.1893491124260355
ORD-SRQ,ORD,SRQ,185,13.535135135135135,16.10810810810811,0.2594594594594595
ORD-STL,ORD,STL,318,10.786163522012579,16.21698113207547,0.1949685534591195
ORD-STT,ORD,STT,30,-1.4666666666666666,0.7,0.13333333333333333
ORD-SUN,ORD,SUN,59,8.64406779661017,27.338983050847457,0.2542372881355932
ORD-SUX,ORD,SUX,55,5.090909090909091,14.527272727272727,0.18181818181818182
ORD-SYR,ORD,SYR,221,6.108597285067873,9.099547511312217,0.2081447963800905
ORD-TPA,ORD,TPA,589,7.286926994906621,11.135823429541595,0.22410865874363328
ORD-TUL,ORD,TUL,209,10.392344497607656,17.583732057416267,0.215311004784689
ORD-TUS,ORD,TUS,152,7.9605263157894735,16.638157894736842,0.2565789473684211
ORD-TVC,ORD,TVC,205,23.35609756097561,26.55609756097561,0.3024390243902439
ORD-TYS,ORD,TYS,171,1.4678362573099415,9.497076023391813,0.21052631578947367
ORD-VPS,ORD,VPS,2,-8.5,-5.0,0.0
ORD-XNA,ORD,XNA,262,3.683206106870229,9.881679389312977,0.2480916030534351
ORF-ATL,ORF,ATL,322,-4.586956521739131,6.263975155279503,0.08695652173913043
ORF-BNA,ORF,BNA,67,1.8805970149253732,10.298507462686567,0.14925373134328357
ORF-BWI,ORF,BWI,238,-2.634453781512605,3.7899159663865545,0.14705882352941177
ORF-CLT,ORF,CLT,385,8.568831168831169,13.636363636363637,0.17662337662337663
ORF-DAL,ORF,DAL,7,-8.857142857142858,0.8571428571428571,0.0
ORF-DCA,ORF,DCA,206,8.616504854368932,8.398058252427184,0.2524271844660194
ORF-DEN,ORF,DEN,68,1.2794117647058822,7.5588235294117645,0.17647058823529413
ORF-DFW,ORF,DFW,156,18.41025641025641,22.78205128205128,0.2692307692307692
ORF-DTW,ORF,DTW,94,-1.3617021276595744,8.170212765957446,0.14893617021276595
ORF-EWR,ORF,EWR,113,-7.601769911504425,1.4513274336283186,0.12389380530973451
ORF-FLL,ORF,FLL,56,10.732142857142858,18.928571428571427,0.21428571428571427
ORF-IAD,ORF,IAD,71,-10.690140845070422,-5.211267605633803,0.08450704225352113
ORF-IAH,ORF,IAH,59,-11.067796610169491,-0.13559322033898305,0.0847457627118644
ORF-JFK,ORF,JFK,161,-1.7329192546583851,7.37888198757764,0.08074534161490683
ORF-LGA,ORF,LGA,245,3.6775510204081634,3.3102040816326532,0.20816326530612245
ORF-MCO,ORF,MCO,153,5.849673202614379,6.594771241830065,0.20915032679738563
ORF-MDW,ORF,MDW,44,1.0227272727272727,6.659090909090909,0.1590909090909091
ORF-MIA,ORF,MIA,92,1.6195652173913044,0.9347826086956522,0.17391304347826086
ORF-ORD,ORF,ORD,166,-4.102409638554217,-0.3313253012048193,0.14457831325301204
ORF-PHL,ORF,PHL,102,-8.509803921568627,-2.264705882352941,0.0784313725490196
ORF-RSW,ORF,RSW,19,-1.7894736842105263,-6.105263157894737,0.15789473684210525
ORF-SFB,ORF,SFB,17,5.235294117647059,14.411764705882353,0.35294117647058826
ORF-TPA,ORF,TPA,26,-0.6923076923076923,0.9230769230769231,0.15384615384615385
ORH-FLL,ORH,FLL,47,18.72340425531915,24.319148936170212,0.2978723404255319
ORH-JFK,ORH,JFK,51,-10.92156862745098,-4.392156862745098,0.09803921568627451
ORH-LGA,ORH,LGA,41,-19.804878048780488,-2.658536585365854,0.04878048780487805
ORH-MCO,ORH,MCO,47,32.02127659574468,41.4468085106383,0.3829787234042553
ORH-RSW,ORH,RSW,26,19.76923076923077,26.03846153846154,0.3076923076923077
OTH-SFO,OTH,SFO,30,27.2,29.1,0.36666666666666664
OTZ-ANC,OTZ,ANC,52,-7.0,-7.038461538461538,0.15384615384615385
OTZ-OME,OTZ,OME,1,0.0,-12.0,0.0
PAE-HNL,PAE,HNL,54,9.018518518518519,3.9074074074074074,0.2962962962962963
PAE-LAS,PAE,LAS,35,12.8,8.142857142857142,0.2571428571428571
PAE-LAX,PAE,LAX,52,-7.0576923076923075,-4.8076923076923075,0.07692307692307693
PAE-PHX,PAE,PHX,59,2.9491525423728815,0.4915254237288136,0.1864406779661017
PBG-FLL,PBG,FLL,28,26.142857142857142,30.464285714285715,0.5357142857142857
PBG-PGD,PBG,PGD,5,4.0,-3.2,0.4
PBG-PIE,PBG,PIE,21,15.761904761904763,28.047619047619047,0.19047619047619047
PBG-SFB,PBG,SFB,35,15.314285714285715,19.257142857142856,0.2857142857142857
PBI-ACY,PBI,ACY,60,-4.216666666666667,0.8166666666666667,0.08333333333333333
PBI-ATL,PBI,ATL,674,-0.9658753709198813,5.1246290801186944,0.129080118694362
PBI-AVL,PBI,AVL,17,61.94117647058823,69.47058823529412,0.4117647058823529
PBI-BDL,PBI,BDL,92,-1.7065217391304348,6.119565217391305,0.17391304347826086
PBI-BOS,PBI,BOS,343,16.527696793002914,23.865889212827987,0.3236151603498542
PBI-BWI,PBI,BWI,239,0.7489539748953975,7.824267782426778,0.1506276150627615
PBI-CLT,PBI,CLT,404,11.675742574257425,14.551980198019802,0.19801980198019803
PBI-CVG,PBI,CVG,17,8.529411764705882,10.058823529411764,0.35294117647058826
PBI-DCA,PBI,DCA,299,17.555183946488295,21.387959866220736,0.22742474916387959
PBI-DEN,PBI,DEN,2,-5.5,6.5,0.0
PBI-DFW,PBI,DFW,215,27.930232558139537,28.57674418604651,0.35348837209302325
PBI-DTW,PBI,DTW,95,31.957894736842107,32.73684210526316,0.2631578947368421
PBI-EWR,PBI,EWR,591,0.47377326565143824,13.791878172588833,0.18274111675126903
PBI-HPN,PBI,HPN,415,14.272289156626506,21.42168674698795,0.22650602409638554
PBI-IAD,PBI,IAD,21,1.0952380952380953,-8.095238095238095,0.19047619047619047
PBI-IAH,PBI,IAH,83,23.63855421686747,25.337349397590362,0.2289156626506024
PBI-IND,PBI,IND,5,6.8,-5.8,0.2
PBI-ISP,PBI,ISP,219,11.0,15.689497716894977,0.2009132420091324
PBI-JFK,PBI,JFK,341,12.52492668621701,15.832844574780058,0.2961876832844575
PBI-LAX,PBI,LAX,60,0.7,5.733333333333333,0.25
PBI-LGA,PBI,LGA,570,0.3473684210526316,12.282456140350877,0.18421052631578946
PBI-MSP,PBI,MSP,50,-4.98,2.84,0.08
PBI-ORD,PBI,ORD,272,2.738970588235294,7.485294117647059,0.15441176470588236
PBI-PHL,PBI,PHL,332,21.349397590361445,24.551204819277107,0.23795180722891565
PBI-PIT,PBI,PIT,17,23.11764705882353,25.941176470588236,0.47058823529411764
PBI-PVD,PBI,PVD,47,-1.9361702127659575,13.042553191489361,0.14893617021276595
PBI-TTN,PBI,TTN,116,10.543103448275861,13.594827586206897,0.22413793103448276
PBI-TYS,PBI,TYS,5,41.6,58.4,0.4
PDX-ANC,PDX,ANC,50,9.46,10.98,0.28
PDX-ATL,PDX,ATL,145,3.7103448275862068,13.282758620689656,0.14482758620689656
PDX-AUS,PDX,AUS,53,14.018867924528301,7.566037735849057,0.3018867924528302
PDX-AZA,PDX,AZA,18,-4.0,0.2777777777777778,0.1111111111111111
PDX-BOI,PDX,BOI,71,19.788732394366196,19.140845070422536,0.2535211267605634
PDX-BOS,PDX,BOS,35,12.771428571428572,16.114285714285714,0.2
PDX-BUR,PDX,BUR,118,6.771186440677966,9.85593220338983,0.19491525423728814
PDX-BZN,PDX,BZN,8,9.875,2.875,0.25
PDX-CLT,PDX,CLT,59,15.05084745762712,24.966101694915253,0.13559322033898305
PDX-DAL,PDX,DAL,2,11.0,4.0,0.5
PDX-DCA,PDX,DCA,58,7.948275862068965,2.5344827586206895,0.2413793103448276
PDX-DEN,PDX,DEN,559,1.4686940966010733,6.663685152057245,0.1592128801431127
PDX-DFW,PDX,DFW,330,19.424242424242426,25.124242424242425,0.24545454545454545
PDX-DTW,PDX,DTW,4,2.5,6.75,0.25
PDX-EWR,PDX,EWR,81,7.654320987654321,17.074074074074073,0.1728395061728395
PDX-FAT,PDX,FAT,42,8.595238095238095,9.214285714285714,0.23809523809523808
PDX-FLL,PDX,FLL,48,4.5625,-2.3541666666666665,0.20833333333333334
PDX-GEG,PDX,GEG,74,10.837837837837839,11.77027027027027,0.1891891891891892
PDX-HNL,PDX,HNL,111,24.063063063063062,21.207207207207208,0.44144144144144143
PDX-IAD,PDX,IAD,4,3.0,-1.5,0.25
PDX-IAH,PDX,IAH,110,0.39090909090909093,10.236363636363636,0.17272727272727273
PDX-IDA,PDX,IDA,5,0.8,-1.2,0.2
PDX-JFK,PDX,JFK,107,-1.1869158878504673,4.97196261682243,0.12149532710280374
PDX-KOA,PDX,KOA,53,3.660377358490566,3.1132075471698113,0.2830188679245283
PDX-LAS,PDX,LAS,594,5.8552188552188555,11.30976430976431,0.18855218855218855
PDX-LAX,PDX,LAX,578,0.7439446366782007,5.92560553633218,0.15916955017301038
PDX-LGB,PDX,LGB,7,-4.714285714285714,0.8571428571428571,0.14285714285714285
PDX-LIH,PDX,LIH,42,5.4523809523809526,4.595238095238095,0.35714285714285715
PDX-MCO,PDX,MCO,89,4.898876404494382,9.02247191011236,0.23595505617977527
PDX-MDW,PDX,MDW,59,1.728813559322034,2.23728813559322,0.1694915254237288
PDX-MIA,PDX,MIA,109,22.96330275229358,28.91743119266055,0.22935779816513763
PDX-MSP,PDX,MSP,134,-1.0149253731343284,4.291044776119403,0.08955223880597014
PDX-OAK,PDX,OAK,315,2.5238095238095237,6.946031746031746,0.1365079365079365
PDX-OGG,PDX,OGG,93,10.13978494623656,11.419354838709678,0.3010752688172043
PDX-ONT,PDX,ONT,39,-0.05128205128205128,2.1794871794871793,0.1794871794871795
PDX-ORD,PDX,ORD,174,-0.11494252873563218,2.0,0.11494252873563218
PDX-PHX,PDX,PHX,562,7.443060498220641,10.5711743772242,0.17437722419928825
PDX-PSP,PDX,PSP,117,0.5299145299145299,1.9572649572649572,0.13675213675213677
PDX-PVU,PDX,PVU,17,-4.176470588235294,-2.823529411764706,0.11764705882352941
PDX-RNO,PDX,RNO,45,13.422222222222222,9.88888888888889,0.26666666666666666
PDX-SAN,PDX,SAN,221,7.493212669683258,6.733031674208145,0.19457013574660634
PDX-SBA,PDX,SBA,37,25.054054054054053,22.594594594594593,0.32432432432432434
PDX-SBP,PDX,SBP,7,-13.571428571428571,-4.285714285714286,0.0
PDX-SEA,PDX,SEA,870,6.689655172413793,10.627586206896552,0.16896551724137931
PDX-SFO,PDX,SFO,445,28.86741573033708,24.793258426966293,0.47191011235955055
PDX-SJC,PDX,SJC,359,6.364902506963788,9.2033426183844,0.18384401114206128
PDX-SLC,PDX,SLC,329,4.890577507598784,10.364741641337385,0.13677811550151975
PDX-SMF,PDX,SMF,235,5.527659574468085,9.361702127659575,0.17872340425531916
PDX-SNA,PDX,SNA,202,1.6633663366336633,1.8316831683168318,0.15346534653465346
PDX-STS,PDX,STS,56,5.5,5.071428571428571,0.19642857142857142
PDX-TPA,PDX,TPA,3,-5.0,0.6666666666666666,0.0
PGD-ABE,PGD,ABE,30,20.366666666666667,23.333333333333332,0.26666666666666666
PGD-ALB,PGD,ALB,28,-5.25,-2.0,0.07142857142857142
PGD-ATW,PGD,ATW,30,37.3,44.0,0.26666666666666666
PGD-AVL,PGD,AVL,22,-6.2727272727272725,-1.9090909090909092,0.09090909090909091
PGD-BGR,PGD,BGR,17,-22.823529411764707,0.11764705882352941,0.058823529411764705
PGD-BLV,PGD,BLV,21,33.57142857142857,35.523809523809526,0.3333333333333333
PGD-BNA,PGD,BNA,22,19.5,14.0,0.2727272727272727
PGD-BWI,PGD,BWI,4,-3.75,-7.75,0.0
PGD-CAK,PGD,CAK,17,5.411764705882353,2.0,0.17647058823529413
PGD-CID,PGD,CID,33,0.2727272727272727,0.8484848484848485,0.2727272727272727
PGD-CVG,PGD,CVG,53,1.0943396226415094,4.773584905660377,0.1509433962264151
PGD-DAY,PGD,DAY,17,-0.6470588235294118,14.117647058823529,0.17647058823529413
PGD-DSM,PGD,DSM,31,19.06451612903226,17.258064516129032,0.25806451612903225
PGD-ELM,PGD,ELM,5,-10.4,-12.4,0.0
PGD-FNT,PGD,FNT,51,3.5098039215686274,8.72549019607843,0.2549019607843137
PGD-FSD,PGD,FSD,9,15.88888888888889,9.11111111111111,0.3333333333333333
PGD-FWA,PGD,FWA,42,-4.404761904761905,-5.928571428571429,0.14285714285714285
PGD-GRR,PGD,GRR,65,21.70769230769231,27.338461538461537,0.27692307692307694
PGD-IAG,PGD,IAG,39,-1.2564102564102564,1.4102564102564104,0.1794871794871795
PGD-IND,PGD,IND,29,19.310344827586206,22.413793103448278,0.3793103448275862
PGD-LCK,PGD,LCK,26,-3.230769230769231,0.2692307692307692,0.11538461538461539
PGD-LEX,PGD,LEX,19,-1.3157894736842106,0.2631578947368421,0.15789473684210525
PGD-MCI,PGD,MCI,17,12.705882352941176,17.352941176470587,0.23529411764705882
PGD-MDT,PGD,MDT,22,-3.4545454545454546,-0.3181818181818182,0.13636363636363635
PGD-MDW,PGD,MDW,17,12.176470588235293,13.117647058823529,0.23529411764705882
PGD-MLI,PGD,MLI,15,10.533333333333333,12.866666666666667,0.13333333333333333
PGD-MSP,PGD,MSP,17,-11.117647058823529,3.764705882352941,0.17647058823529413
PGD-OMA,PGD,OMA,17,-5.176470588235294,2.4705882352941178,0.17647058823529413
PGD-PBG,PGD,PBG,5,-13.0,-10.0,0.0
PGD-PIA,PGD,PIA,35,-10.971428571428572,-6.685714285714286,0.0
PGD-PIT,PGD,PIT,20,-0.9,0.75,0.15
PGD-PSM,PGD,PSM,31,4.516129032258065,4.290322580645161,0.12903225806451613
PGD-PVD,PGD,PVD,23,3.9130434782608696,5.086956521739131,0.17391304347826086
PGD-RFD,PGD,RFD,29,-2.8275862068965516,1.4482758620689655,0.13793103448275862
PGD-RIC,PGD,RIC,17,6.529411764705882,3.0588235294117645,0.29411764705882354
PGD-ROC,PGD,ROC,15,9.2,14.0,0.13333333333333333
PGD-SBN,PGD,SBN,30,16.466666666666665,18.066666666666666,0.4
PGD-SDF,PGD,SDF,17,-5.882352941176471,-2.235294117647059,0.11764705882352941
PGD-SGF,PGD,SGF,17,-7.705882352941177,1.0,0.11764705882352941
PGD-SPI,PGD,SPI,21,5.476190476190476,4.095238095238095,0.3333333333333333
PGD-STC,PGD,STC,17,10.588235294117647,7.882352941176471,0.29411764705882354
PGD-SWF,PGD,SWF,17,8.352941176470589,12.470588235294118,0.11764705882352941
PGD-SYR,PGD,SYR,20,20.6,16.15,0.2
PGD-TOL,PGD,TOL,29,5.689655172413793,7.620689655172414,0.27586206896551724
PGD-TVC,PGD,TVC,16,-7.6875,-2.3125,0.1875
PGD-TYS,PGD,TYS,23,24.434782608695652,27.304347826086957,0.4782608695652174
PGD-USA,PGD,USA,19,6.842105263157895,8.105263157894736,0.21052631578947367
PHL-ATL,PHL,ATL,809,-2.4635352286773795,6.367119901112485,0.17799752781211373
PHL-AUS,PHL,AUS,149,8.577181208053691,16.496644295302012,0.2214765100671141
PHL-BDL,PHL,BDL,109,5.321100917431193,8.339449541284404,0.1834862385321101
PHL-BHM,PHL,BHM,55,2.2,11.545454545454545,0.18181818181818182
PHL-BNA,PHL,BNA,380,-3.6842105263157894,5.139473684210526,0.14473684210526316
PHL-BOS,PHL,BOS,665,6.207518796992481,7.923308270676691,0.21654135338345865
PHL-BTV,PHL,BTV,85,25.023529411764706,22.68235294117647,0.24705882352941178
PHL-BUF,PHL,BUF,76,2.4078947368421053,4.381578947368421,0.18421052631578946
PHL-CHS,PHL,CHS,118,12.245762711864407,15.796610169491526,0.2542372881355932
PHL-CLE,PHL,CLE,58,13.793103448275861,15.913793103448276,0.25862068965517243
PHL-CLT,PHL,CLT,612,12.408496732026144,19.47875816993464,0.19444444444444445
PHL-CMH,PHL,CMH,153,-7.620915032679738,2.1699346405228757,0.0915032679738562
PHL-CVG,PHL,CVG,112,1.6607142857142858,3.0267857142857144,0.17857142857142858
PHL-DAL,PHL,DAL,1,7.0,7.0,0.0
PHL-DCA,PHL,DCA,213,-4.258215962441315,2.68075117370892,0.11267605633802817
PHL-DEN,PHL,DEN,350,1.6685714285714286,12.468571428571428,0.18
PHL-DFW,PHL,DFW,478,3.280334728033473,11.621338912133892,0.20502092050209206
PHL-DTW,PHL,DTW,415,7.465060240963855,14.404819277108434,0.17590361445783131
PHL-EWR,PHL,EWR,31,-15.387096774193548,-0.8387096774193549,0.06451612903225806
PHL-EYW,PHL,EYW,59,2.9491525423728815,1.1355932203389831,0.2542372881355932
PHL-FLL,PHL,FLL,471,9.847133757961783,16.15286624203822,0.2356687898089172
PHL-GRR,PHL,GRR,9,-24.666666666666668,-6.888888888888889,0.0
PHL-GSP,PHL,GSP,81,10.864197530864198,17.185185185185187,0.1728395061728395
PHL-HOU,PHL,HOU,7,0.0,7.428571428571429,0.14285714285714285
PHL-IAH,PHL,IAH,267,-3.4269662921348316,7.037453183520599,0.1647940074906367
PHL-ILM,PHL,ILM,20,3.5,1.8,0.15
PHL-IND,PHL,IND,228,-5.18859649122807,1.793859649122807,0.09649122807017543
PHL-JAX,PHL,JAX,230,5.8826086956521735,9.173913043478262,0.2
PHL-LAS,PHL,LAS,186,4.188172043010753,13.091397849462366,0.20430107526881722
PHL-LAX,PHL,LAX,391,10.570332480818415,14.50383631713555,0.21483375959079284
PHL-LGA,PHL,LGA,103,-1.4174757281553398,4.669902912621359,0.10679611650485436
PHL-MCI,PHL,MCI,62,6.854838709677419,14.064516129032258,0.1935483870967742
PHL-MCO,PHL,MCO,1004,13.357569721115539,16.7300796812749,0.27689243027888444
PHL-MDW,PHL,MDW,214,-1.8364485981308412,8.630841121495328,0.16355140186915887
PHL-MEM,PHL,MEM,57,-13.894736842105264,-5.140350877192983,0.08771929824561403
PHL-MIA,PHL,MIA,530,15.350943396226414,16.22641509433962,0.2339622641509434
PHL-MKE,PHL,MKE,20,-4.1,13.15,0.2
PHL-MSN,PHL,MSN,7,-8.285714285714286,-6.142857142857143,0.0
PHL-MSP,PHL,MSP,208,-3.0,5.740384615384615,0.1201923076923077
PHL-MSY,PHL,MSY,145,4.448275862068965,10.310344827586206,0.23448275862068965
PHL-MYR,PHL,MYR,53,9.528301886792454,14.566037735849056,0.18867924528301888
PHL-ORD,PHL,ORD,570,5.207017543859649,12.196491228070176,0.1824561403508772
PHL-ORF,PHL,ORF,102,17.833333333333332,20.34313725490196,0.23529411764705882
PHL-PBI,PHL,PBI,334,11.2125748502994,15.04191616766467,0.25149700598802394
PHL-PHX,PHL,PHX,411,-0.6034063260340633,8.40389294403893,0.170316301703163
PHL-PIT,PHL,PIT,135,19.814814814814813,21.074074074074073,0.17777777777777778
PHL-PVD,PHL,PVD,53,8.660377358490566,8.69811320754717,0.1320754716981132
PHL-PWM,PHL,PWM,59,3.4915254237288136,7.389830508474576,0.13559322033898305
PHL-RDU,PHL,RDU,317,9.201892744479496,12.447949526813881,0.2334384858044164
PHL-RSW,PHL,RSW,344,8.01453488372093,12.06686046511628,0.22674418604651161
PHL-SAN,PHL,SAN,153,-0.33986928104575165,6.03921568627451,0.20915032679738563
PHL-SAV,PHL,SAV,67,4.582089552238806,9.955223880597014,0.22388059701492538
PHL-SCE,PHL,SCE,1,-3.0,4.0,0.0
PHL-SDF,PHL,SDF,13,-8.538461538461538,-4.461538461538462,0.15384615384615385
PHL-SEA,PHL,SEA,105,-1.6,10.285714285714286,0.19047619047619047
PHL-SFO,PHL,SFO,173,-0.06358381502890173,12.208092485549132,0.23699421965317918
PHL-SJU,PHL,SJU,283,17.996466431095406,16.833922261484098,0.3710247349823322
PHL-SLC,PHL,SLC,83,-1.8072289156626506,8.963855421686747,0.12048192771084337
PHL-SRQ,PHL,SRQ,135,2.4444444444444446,4.088888888888889,0.21481481481481482
PHL-STL,PHL,STL,134,10.791044776119403,18.14179104477612,0.26119402985074625
PHL-STT,PHL,STT,59,7.186440677966102,10.220338983050848,0.2033898305084746
PHL-SYR,PHL,SYR,21,-4.9523809523809526,-0.6190476190476191,0.19047619047619047
PHL-TPA,PHL,TPA,469,7.232409381663113,13.462686567164178,0.21321961620469082
PHL-TTN,PHL,TTN,1,0.0,1157.0,0.0
PHL-TYS,PHL,TYS,58,4.706896551724138,10.413793103448276,0.20689655172413793
PHX-ABQ,PHX,ABQ,439,5.769931662870159,12.136674259681094,0.18906605922551253
PHX-ANC,PHX,ANC,54,0.0,9.166666666666666,0.25925925925925924
PHX-ASE,PHX,ASE,55,20.327272727272728,12.981818181818182,0.36363636363636365
PHX-ATL,PHX,ATL,533,-3.2195121951219514,6.136960600375234,0.1275797373358349
PHX-AUS,PHX,AUS,575,5.888695652173913,11.909565217391304,0.16869565217391305
PHX-AVL,PHX,AVL,17,2.2941176470588234,32.705882352941174,0.17647058823529413
PHX-BFL,PHX,BFL,161,0.9937888198757764,7.453416149068323,0.14285714285714285
PHX-BIL,PHX,BIL,60,-1.8166666666666667,1.9666666666666666,0.08333333333333333
PHX-BNA,PHX,BNA,353,0.38243626062322944,7.886685552407932,0.1529745042492918
PHX-BOI,PHX,BOI,245,3.110204081632653,5.179591836734694,0.17551020408163265
PHX-BOS,PHX,BOS,352,3.159090909090909,6.582386363636363,0.17045454545454544
PHX-BUF,PHX,BUF,13,33.84615384615385,36.61538461538461,0.38461538461538464
PHX-BUR,PHX,BUR,491,5.765784114052953,10.083503054989817,0.18533604887983707
PHX-BWI,PHX,BWI,175,-1.9885714285714287,7.577142857142857,0.16
PHX-CID,PHX,CID,58,8.53448275862069,9.46551724137931,0.22413793103448276
PHX-CLE,PHX,CLE,166,3.891566265060241,12.30722891566265,0.1686746987951807
PHX-CLT,PHX,CLT,472,-5.330508474576271,3.8453389830508473,0.11440677966101695
PHX-CMH,PHX,CMH,169,4.035502958579881,12.431952662721894,0.1834319526627219
PHX-COS,PHX,COS,165,-0.30303030303030304,7.175757575757576,0.17575757575757575
PHX-CVG,PHX,CVG,105,12.99047619047619,13.19047619047619,0.19047619047619047
PHX-DAL,PHX,DAL,487,0.4702258726899384,7.91170431211499,0.1437371663244353
PHX-DCA,PHX,DCA,179,-5.106145251396648,3.815642458100559,0.11731843575418995
PHX-DEN,PHX,DEN,1550,4.247096774193548,9.853548387096774,0.18
PHX-DFW,PHX,DFW,824,5.817961165048544,10.468446601941748,0.18689320388349515
PHX-DRO,PHX,DRO,160,-0.44375,2.4125,0.0875
PHX-DSM,PHX,DSM,149,20.248322147651006,21.97986577181208,0.2214765100671141
PHX-DTW,PHX,DTW,320,5.5125,10.26875,0.14375
PHX-EGE,PHX,EGE,32,-2.96875,10.59375,0.25
PHX-ELP,PHX,ELP,397,9.27455919395466,13.866498740554157,0.17380352644836272
PHX-EUG,PHX,EUG,102,5.186274509803922,6.294117647058823,0.10784313725490197
PHX-EWR,PHX,EWR,471,0.1337579617834395,5.857749469214437,0.21231422505307856
PHX-FAR,PHX,FAR,58,15.258620689655173,16.75862068965517,0.1896551724137931
PHX-FAT,PHX,FAT,271,3.188191881918819,6.77859778597786,0.17712177121771217
PHX-FLG,PHX,FLG,174,7.459770114942529,7.925287356321839,0.1206896551724138
PHX-FLL,PHX,FLL,54,23.27777777777778,16.944444444444443,0.5185185185185185
PHX-FSD,PHX,FSD,62,9.564516129032258,1.403225806451613,0.27419354838709675
PHX-GEG,PHX,GEG,164,5.146341463414634,9.463414634146341,0.21951219512195122
PHX-GJT,PHX,GJT,177,3.84180790960452,6.779661016949152,0.14689265536723164
PHX-GRR,PHX,GRR,59,9.067796610169491,19.152542372881356,0.23728813559322035
PHX-HNL,PHX,HNL,202,10.584158415841584,9.633663366336634,0.3069306930693069
PHX-HOU,PHX,HOU,297,5.67003367003367,12.148148148148149,0.21548821548821548
PHX-IAD,PHX,IAD,72,-2.75,1.6527777777777777,0.1111111111111111
PHX-IAH,PHX,IAH,401,0.35910224438902744,8.501246882793017,0.10723192019950124
PHX-ICT,PHX,ICT,69,-1.144927536231884,-0.391304347826087,0.14492753623188406
PHX-IDA,PHX,IDA,60,-3.25,-1.55,0.11666666666666667
PHX-IND,PHX,IND,222,5.662162162162162,11.657657657657658,0.19369369369369369
PHX-JAX,PHX,JAX,59,18.389830508474578,28.271186440677965,0.3220338983050847
PHX-JFK,PHX,JFK,440,12.368181818181819,22.425,0.20454545454545456
PHX-KOA,PHX,KOA,67,12.64179104477612,6.492537313432836,0.3582089552238806
PHX-LAS,PHX,LAS,1129,7.994685562444642,11.134632418069089,0.20637732506643047
PHX-LAX,PHX,LAX,971,2.8043254376931,6.893923789907312,0.16580844490216273
PHX-LBB,PHX,LBB,59,-10.220338983050848,-3.983050847457627,0.03389830508474576
PHX-LGA,PHX,LGA,3,6.333333333333333,13.333333333333334,0.3333333333333333
PHX-LGB,PHX,LGB,226,3.911504424778761,10.495575221238939,0.17256637168141592
PHX-LIH,PHX,LIH,67,5.1940298507462686,4.358208955223881,0.29850746268656714
PHX-LIT,PHX,LIT,1,-19.0,-7.0,0.0
PHX-MAF,PHX,MAF,59,-9.627118644067796,-2.542372881355932,0.05084745762711865
PHX-MCI,PHX,MCI,430,5.176744186046512,10.018604651162791,0.19534883720930232
PHX-MCO,PHX,MCO,262,4.190839694656488,10.812977099236642,0.21755725190839695
PHX-MDW,PHX,MDW,389,2.9537275064267354,11.354755784061696,0.16452442159383032
PHX-MEM,PHX,MEM,60,4.516666666666667,6.0,0.21666666666666667
PHX-MFR,PHX,MFR,108,-5.111111111111111,0.5833333333333334,0.10185185185185185
PHX-MIA,PHX,MIA,299,-5.51505016722408,2.2040133779264215,0.13712374581939799
PHX-MKE,PHX,MKE,197,5.0761421319796955,8.771573604060913,0.2131979695431472
PHX-MRY,PHX,MRY,175,9.394285714285715,9.76,0.14857142857142858
PHX-MSN,PHX,MSN,60,12.883333333333333,17.566666666666666,0.3
PHX-MSP,PHX,MSP,522,-0.22988505747126436,6.904214559386973,0.12643678160919541
PHX-MSY,PHX,MSY,128,-1.015625,9.8125,0.1953125
PHX-OAK,PHX,OAK,321,5.7632398753894085,8.975077881619939,0.19937694704049844
PHX-OGG,PHX,OGG,180,-5.555555555555555,5.144444444444445,0.23333333333333334
PHX-OKC,PHX,OKC,283,8.431095406360424,12.159010600706713,0.1696113074204947
PHX-OMA,PHX,OMA,279,7.770609318996415,9.630824372759857,0.15412186379928317
PHX-ONT,PHX,ONT,496,2.560483870967742,7.645161290322581,0.17540322580645162
PHX-ORD,PHX,ORD,945,1.308994708994709,9.798941798941799,0.14603174603174604
PHX-PAE,PHX,PAE,68,-4.323529411764706,-0.08823529411764706,0.10294117647058823
PHX-PDX,PHX,PDX,542,4.6642066420664205,7.07380073800738,0.1937269372693727
PHX-PHL,PHX,PHL,412,-3.5097087378640777,3.2354368932038833,0.10922330097087378
PHX-PIT,PHX,PIT,120,6.25,15.375,0.15
PHX-PSC,PHX,PSC,15,0.6666666666666666,-0.5333333333333333,0.13333333333333333
PHX-PSP,PHX,PSP,272,3.5551470588235294,5.783088235294118,0.12867647058823528
PHX-PVU,PHX,PVU,16,3.5625,7.4375,0.1875
PHX-RDM,PHX,RDM,142,0.6056338028169014,8.330985915492958,0.1267605633802817
PHX-RDU,PHX,RDU,62,11.403225806451612,15.225806451612904,0.25806451612903225
PHX-RNO,PHX,RNO,354,6.451977401129944,8.570621468926554,0.18926553672316385
PHX-SAF,PHX,SAF,60,-4.466666666666667,-1.6,0.1
PHX-SAN,PHX,SAN,911,3.726673984632272,7.126234906695939,0.1800219538968167
PHX-SAT,PHX,SAT,445,5.638202247191011,11.465168539325843,0.19775280898876405
PHX-SBA,PHX,SBA,160,10.2875,12.5375,0.25
PHX-SBP,PHX,SBP,179,3.8491620111731844,7.5083798882681565,0.12290502793296089
PHX-SCK,PHX,SCK,17,4.470588235294118,5.352941176470588,0.11764705882352941
PHX-SDF,PHX,SDF,60,8.45,15.133333333333333,0.18333333333333332
PHX-SEA,PHX,SEA,1066,-0.8808630393996247,7.406191369606003,0.16041275797373358
PHX-SFO,PHX,SFO,714,26.46638655462185,25.73389355742297,0.4425770308123249
PHX-SGU,PHX,SGU,120,-0.10833333333333334,3.675,0.15833333333333333
PHX-SJC,PHX,SJC,468,6.3931623931623935,10.333333333333334,0.19230769230769232
PHX-SLC,PHX,SLC,964,0.9678423236514523,7.1887966804979255,0.1421161825726141
PHX-SMF,PHX,SMF,559,3.066189624329159,7.105545617173524,0.17889087656529518
PHX-SNA,PHX,SNA,731,1.4227086183310533,7.075239398084816,0.16552667578659372
PHX-STL,PHX,STL,372,4.489247311827957,11.198924731182796,0.20698924731182797
PHX-STS,PHX,STS,67,8.716417910447761,5.865671641791045,0.26865671641791045
PHX-TPA,PHX,TPA,170,9.035294117647059,13.9,0.27058823529411763
PHX-TUL,PHX,TUL,158,6.367088607594937,9.974683544303797,0.15822784810126583
PHX-TUS,PHX,TUS,499,-0.781563126252505,3.3266533066132267,0.10220440881763528
PHX-TYS,PHX,TYS,17,0.0,5.9411764705882355,0.17647058823529413
PHX-XNA,PHX,XNA,59,1.5084745762711864,5.135593220338983,0.1694915254237288
PHX-YUM,PHX,YUM,175,0.9371428571428572,2.3657142857142857,0.12571428571428572
PIA-AZA,PIA,AZA,23,-0.6086956521739131,13.217391304347826,0.13043478260869565
PIA-BNA,PIA,BNA,15,-4.133333333333334,2.4,0.13333333333333333
PIA-CLT,PIA,CLT,113,17.221238938053098,18.265486725663717,0.26548672566371684
PIA-DEN,PIA,DEN,8,-3.25,-0.625,0.25
PIA-DFW,PIA,DFW,116,5.379310344827586,20.17241379310345,0.23275862068965517
PIA-LAS,PIA,LAS,16,-10.8125,12.9375,0.1875
PIA-ORD,PIA,ORD,144,22.20138888888889,25.395833333333332,0.2708333333333333
PIA-PGD,PIA,PGD,35,4.371428571428571,5.485714285714286,0.17142857142857143
PIA-PIE,PIA,PIE,27,-10.925925925925926,-1.8148148148148149,0.07407407407407407
PIA-SFB,PIA,SFB,17,2.6470588235294117,0.29411764705882354,0.29411764705882354
PIA-SRQ,PIA,SRQ,16,-27.875,-12.9375,0.0
PIB-IAH,PIB,IAH,58,-14.827586206896552,8.706896551724139,0.08620689655172414
PIB-MEI,PIB,MEI,41,-3.1951219512195124,35.73170731707317,0.17073170731707318
PIE-ABE,PIE,ABE,35,41.97142857142857,45.48571428571429,0.14285714285714285
PIE-ALB,PIE,ALB,20,-8.4,-2.5,0.05
PIE-ATW,PIE,ATW,28,-6.071428571428571,-0.5357142857142857,0.17857142857142858
PIE-AVL,PIE,AVL,72,0.9583333333333334,4.763888888888889,0.19444444444444445
PIE-BGR,PIE,BGR,29,-7.482758620689655,-0.9655172413793104,0.10344827586206896
PIE-BLV,PIE,BLV,19,1.4736842105263157,6.0,0.3157894736842105
PIE-BMI,PIE,BMI,16,-6.875,0.5625,0.0625
PIE-BNA,PIE,BNA,21,-3.0952380952380953,5.714285714285714,0.14285714285714285
PIE-CAK,PIE,CAK,16,-14.5,-2.6875,0.0625
PIE-CHA,PIE,CHA,17,21.352941176470587,21.0,0.29411764705882354
PIE-CID,PIE,CID,21,-20.0,-10.761904761904763,0.047619047619047616
PIE-CKB,PIE,CKB,9,128.66666666666666,134.0,0.2222222222222222
PIE-CVG,PIE,CVG,49,-6.571428571428571,-1.5510204081632653,0.12244897959183673
PIE-DAY,PIE,DAY,17,7.0,7.823529411764706,0.23529411764705882
PIE-DSM,PIE,DSM,19,18.63157894736842,23.473684210526315,0.47368421052631576
PIE-ELM,PIE,ELM,18,-12.61111111111111,-5.555555555555555,0.16666666666666666
PIE-EYW,PIE,EYW,18,-8.222222222222221,-0.7777777777777778,0.05555555555555555
PIE-FAR,PIE,FAR,17,-2.3529411764705883,10.882352941176471,0.11764705882352941
PIE-FNT,PIE,FNT,41,11.121951219512194,13.804878048780488,0.3170731707317073
PIE-FSD,PIE,FSD,17,-11.647058823529411,-8.941176470588236,0.11764705882352941
PIE-FWA,PIE,FWA,25,-3.44,2.4,0.2
PIE-GRR,PIE,GRR,65,18.215384615384615,20.23076923076923,0.3230769230769231
PIE-GSO,PIE,GSO,7,1.8571428571428572,3.5714285714285716,0.2857142857142857
PIE-GSP,PIE,GSP,17,-8.176470588235293,-4.705882352941177,0.058823529411764705
PIE-HGR,PIE,HGR,17,-3.3529411764705883,-1.2941176470588236,0.11764705882352941
PIE-HTS,PIE,HTS,17,-3.176470588235294,0.058823529411764705,0.11764705882352941
PIE-IAG,PIE,IAG,21,0.8571428571428571,2.380952380952381,0.09523809523809523
PIE-IND,PIE,IND,29,3.2413793103448274,12.206896551724139,0.2413793103448276
PIE-LCK,PIE,LCK,19,-9.210526315789474,-4.842105263157895,0.05263157894736842
PIE-LEX,PIE,LEX,20,-11.1,-5.85,0.1
PIE-MCI,PIE,MCI,5,12.4,12.6,0.2
PIE-MDT,PIE,MDT,19,-16.57894736842105,-8.736842105263158,0.0
PIE-MEM,PIE,MEM,7,10.714285714285714,12.0,0.2857142857142857
PIE-MLI,PIE,MLI,12,-5.583333333333333,1.9166666666666667,0.08333333333333333
PIE-OMA,PIE,OMA,19,-7.684210526315789,-2.736842105263158,0.10526315789473684
PIE-PBG,PIE,PBG,21,-8.714285714285714,-5.190476190476191,0.19047619047619047
PIE-PIA,PIE,PIA,27,-6.925925925925926,-0.9629629629629629,0.037037037037037035
PIE-PIT,PIE,PIT,18,17.833333333333332,22.666666666666668,0.3333333333333333
PIE-PVU,PIE,PVU,2,36.5,37.0,1.0
PIE-RFD,PIE,RFD,20,-11.05,-6.85,0.1
PIE-RIC,PIE,RIC,7,-14.714285714285714,-7.571428571428571,0.0
PIE-ROA,PIE,ROA,19,-4.315789473684211,-2.9473684210526314,0.10526315789473684
PIE-SBN,PIE,SBN,20,-7.25,-8.2,0.05
PIE-SDF,PIE,SDF,17,-2.8823529411764706,0.0,0.11764705882352941
PIE-SGF,PIE,SGF,20,12.85,13.9,0.2
PIE-SWF,PIE,SWF,17,1.9411764705882353,7.352941176470588,0.11764705882352941
PIE-SYR,PIE,SYR,27,4.0,4.037037037037037,0.18518518518518517
PIE-TOL,PIE,TOL,21,-4.428571428571429,2.619047619047619,0.047619047619047616
PIE-TRI,PIE,TRI,7,16.857142857142858,12.142857142857142,0.42857142857142855
PIE-TUL,PIE,TUL,9,16.444444444444443,7.111111111111111,0.3333333333333333
PIE-TVC,PIE,TVC,17,-7.588235294117647,-1.1764705882352942,0.058823529411764705
PIE-TYS,PIE,TYS,47,42.91489361702128,45.148936170212764,0.3191489361702128
PIE-USA,PIE,USA,37,7.1891891891891895,7.864864864864865,0.21621621621621623
PIE-XNA,PIE,XNA,17,-11.882352941176471,-12.117647058823529,0.0
PIH-SLC,PIH,SLC,120,-6.116666666666666,-3.8333333333333335,0.09166666666666666
PIT-ATL,PIT,ATL,384,-3.5494791666666665,4.286458333333333,0.13802083333333334
PIT-AUS,PIT,AUS,59,-6.101694915254237,3.2542372881355934,0.1864406779661017
PIT-BNA,PIT,BNA,131,-7.534351145038168,1.8778625954198473,0.11450381679389313
PIT-BOS,PIT,BOS,273,1.304029304029304,5.549450549450549,0.1978021978021978
PIT-BWI,PIT,BWI,182,-8.313186813186814,0.4010989010989011,0.10989010989010989
PIT-CHS,PIT,CHS,4,-6.75,8.0,0.0
PIT-CLT,PIT,CLT,288,3.2256944444444446,10.104166666666666,0.1875
PIT-DAL,PIT,DAL,53,-14.471698113207546,-0.09433962264150944,0.09433962264150944
PIT-DCA,PIT,DCA,267,-2.400749063670412,4.119850187265918,0.149812734082397
PIT-DEN,PIT,DEN,231,-5.887445887445887,7.909090909090909,0.14285714285714285
PIT-DFW,PIT,DFW,233,11.124463519313304,18.373390557939913,0.26180257510729615
PIT-DTW,PIT,DTW,178,-7.134831460674158,0.6348314606741573,0.0898876404494382
PIT-EWR,PIT,EWR,369,-15.254742547425474,0.8699186991869918,0.08672086720867209
PIT-EYW,PIT,EYW,17,-8.411764705882353,-7.117647058823529,0.11764705882352941
PIT-FLL,PIT,FLL,184,6.663043478260869,8.467391304347826,0.30434782608695654
PIT-HOU,PIT,HOU,52,-0.17307692307692307,9.961538461538462,0.25
PIT-IAD,PIT,IAD,103,-10.844660194174757,-4.116504854368932,0.06796116504854369
PIT-IAH,PIT,IAH,67,15.059701492537313,17.17910447761194,0.1791044776119403
PIT-JAX,PIT,JAX,10,-3.9,-6.3,0.3
PIT-JFK,PIT,JFK,284,-12.950704225352112,-4.024647887323944,0.07042253521126761
PIT-LAS,PIT,LAS,120,-8.4,7.908333333333333,0.15833333333333333
PIT-LAX,PIT,LAX,54,-3.314814814814815,17.09259259259259,0.2222222222222222
PIT-LGA,PIT,LGA,489,-1.5276073619631902,5.427402862985685,0.11860940695296524
PIT-MCO,PIT,MCO,425,6.5458823529411765,9.491764705882353,0.2447058823529412
PIT-MDW,PIT,MDW,168,-4.648809523809524,3.6607142857142856,0.1130952380952381
PIT-MIA,PIT,MIA,160,4.85,7.4125,0.25
PIT-MLB,PIT,MLB,17,-13.235294117647058,-6.647058823529412,0.058823529411764705
PIT-MSP,PIT,MSP,149,-11.731543624161073,1.516778523489933,0.10738255033557047
PIT-ORD,PIT,ORD,418,-6.6124401913875595,1.7535885167464116,0.10047846889952153
PIT-PBI,PIT,PBI,17,8.941176470588236,19.941176470588236,0.23529411764705882
PIT-PGD,PIT,PGD,20,-7.3,-6.05,0.15
PIT-PHL,PIT,PHL,134,46.41044776119403,49.37313432835821,0.20149253731343283
PIT-PHX,PIT,PHX,120,10.7,22.966666666666665,0.2
PIT-PIE,PIT,PIE,18,12.88888888888889,20.72222222222222,0.3888888888888889
PIT-RDU,PIT,RDU,111,-9.837837837837839,-4.216216216216216,0.07207207207207207
PIT-RSW,PIT,RSW,102,9.382352941176471,7.745098039215686,0.27450980392156865
PIT-SAV,PIT,SAV,3,-8.666666666666666,-5.666666666666667,0.0
PIT-SEA,PIT,SEA,52,-20.673076923076923,-2.1346153846153846,0.1346153846153846
PIT-SFB,PIT,SFB,17,-4.529411764705882,7.470588235294118,0.17647058823529413
PIT-SFO,PIT,SFO,60,31.416666666666668,44.75,0.35
PIT-SRQ,PIT,SRQ,27,-3.3703703703703702,0.6666666666666666,0.18518518518518517
PIT-STL,PIT,STL,59,2.016949152542373,5.9491525423728815,0.13559322033898305
PIT-TPA,PIT,TPA,172,3.6569767441860463,9.255813953488373,0.21511627906976744
PLN-DTW,PLN,DTW,90,7.333333333333333,23.566666666666666,0.17777777777777778
PNS-ATL,PNS,ATL,332,-11.44277108433735,-2.4819277108433737,0.030120481927710843
PNS-BNA,PNS,BNA,117,-3.8290598290598292,7.145299145299146,0.07692307692307693
PNS-CLT,PNS,CLT,285,21.29122807017544,23.90877192982456,0.22456140350877193
PNS-DAL,PNS,DAL,61,1.0819672131147542,4.311475409836065,0.16393442622950818
PNS-DCA,PNS,DCA,132,1.3106060606060606,5.704545454545454,0.1590909090909091
PNS-DEN,PNS,DEN,36,5.138888888888889,11.444444444444445,0.25
PNS-DFW,PNS,DFW,232,28.650862068965516,28.280172413793103,0.27586206896551724
PNS-FLL,PNS,FLL,49,3.857142857142857,6.448979591836735,0.20408163265306123
PNS-HOU,PNS,HOU,60,-1.95,8.166666666666666,0.11666666666666667
PNS-IAH,PNS,IAH,106,14.849056603773585,22.462264150943398,0.12264150943396226
PNS-LGA,PNS,LGA,58,11.120689655172415,21.96551724137931,0.13793103448275862
PNS-MCO,PNS,MCO,61,20.229508196721312,24.19672131147541,0.2786885245901639
PNS-MIA,PNS,MIA,134,-0.31343283582089554,2.6791044776119404,0.13432835820895522
PNS-ORD,PNS,ORD,66,1.9848484848484849,7.712121212121212,0.16666666666666666
PPG-HNL,PPG,HNL,19,5.315789473684211,7.105263157894737,0.3157894736842105
PRC-DEN,PRC,DEN,60,18.483333333333334,21.833333333333332,0.3
PRC-LAX,PRC,LAX,58,31.75862068965517,33.13793103448276,0.15517241379310345
PSC-AZA,PSC,AZA,27,17.074074074074073,9.925925925925926,0.25925925925925924
PSC-DEN,PSC,DEN,121,2.1818181818181817,6.099173553719008,0.14049586776859505
PSC-LAS,PSC,LAS,19,11.68421052631579,14.578947368421053,0.2631578947368421
PSC-MSP,PSC,MSP,59,4.932203389830509,12.135593220338983,0.13559322033898305
PSC-PHX,PSC,PHX,15,-12.0,-3.066666666666667,0.0
PSC-SEA,PSC,SEA,226,7.323008849557522,14.336283185840708,0.2079646017699115
PSC-SFO,PSC,SFO,81,35.925925925925924,35.160493827160494,0.3950617283950617
PSC-SLC,PSC,SLC,164,12.987804878048781,16.628048780487806,0.15853658536585366
PSE-JFK,PSE,JFK,59,3.9491525423728815,10.59322033898305,0.15254237288135594
PSE-MCO,PSE,MCO,116,4.344827586206897,3.6982758620689653,0.23275862068965517
PSG-JNU,PSG,JNU,56,-1.625,-0.5178571428571429,0.17857142857142858
PSG-WRG,PSG,WRG,56,-4.732142857142857,-6.107142857142857,0.17857142857142858
PSM-PGD,PSM,PGD,31,68.09677419354838,77.45161290322581,0.2903225806451613
PSM-SFB,PSM,SFB,26,-22.615384615384617,-7.653846153846154,0.07692307692307693
PSP-ATL,PSP,ATL,60,-1.1333333333333333,9.7,0.08333333333333333
PSP-AUS,PSP,AUS,28,15.964285714285714,16.964285714285715,0.32142857142857145
PSP-BLI,PSP,BLI,22,12.772727272727273,18.454545454545453,0.3181818181818182
PSP-BOI,PSP,BOI,2,-15.5,-1.0,0.0
PSP-DAL,PSP,DAL,53,2.7169811320754715,4.962264150943396,0.1320754716981132
PSP-DEN,PSP,DEN,290,2.9793103448275864,13.386206896551725,0.1310344827586207
PSP-DFW,PSP,DFW,196,1.7346938775510203,7.076530612244898,0.14795918367346939
PSP-IAH,PSP,IAH,60,7.316666666666666,17.183333333333334,0.15
PSP-JFK,PSP,JFK,55,11.618181818181819,14.927272727272728,0.32727272727272727
PSP-LAS,PSP,LAS,123,7.666666666666667,12.78048780487805,0.18699186991869918
PSP-LAX,PSP,LAX,61,0.4098360655737705,1.1967213114754098,0.16393442622950818
PSP-MSP,PSP,MSP,103,-2.5825242718446604,7.242718446601942,0.14563106796116504
PSP-OAK,PSP,OAK,105,6.20952380952381,8.219047619047618,0.22857142857142856
PSP-ORD,PSP,ORD,118,-3.7457627118644066,4.279661016949152,0.11864406779661017
PSP-PDX,PSP,PDX,118,3.4661016949152543,6.1440677966101696,0.1864406779661017
PSP-PHX,PSP,PHX,272,7.4963235294117645,5.860294117647059,0.14705882352941177
PSP-SEA,PSP,SEA,357,-4.366946778711484,3.1876750700280114,0.13445378151260504
PSP-SFO,PSP,SFO,435,24.822988505747126,22.386206896551723,0.4114942528735632
PSP-SJC,PSP,SJC,59,-2.983050847457627,6.203389830508475,0.15254237288135594
PSP-SLC,PSP,SLC,178,8.213483146067416,16.39325842696629,0.12921348314606743
PSP-SMF,PSP,SMF,89,4.348314606741573,6.46067415730337,0.14606741573033707
PVD-ATL,PVD,ATL,147,-1.3129251700680271,11.122448979591837,0.12244897959183673
PVD-BNA,PVD,BNA,7,-3.4285714285714284,-5.857142857142857,0.2857142857142857
PVD-BWI,PVD,BWI,261,-7.0,3.2950191570881224,0.09195402298850575
PVD-CLT,PVD,CLT,183,16.51366120218579,24.333333333333332,0.20218579234972678
PVD-DCA,PVD,DCA,357,-1.0560224089635855,5.8543417366946775,0.16806722689075632
PVD-DTW,PVD,DTW,116,12.75,23.396551724137932,0.20689655172413793
PVD-FLL,PVD,FLL,72,2.6805555555555554,1.4861111111111112,0.2222222222222222
PVD-IAD,PVD,IAD,7,7.428571428571429,20.285714285714285,0.2857142857142857
PVD-LGA,PVD,LGA,98,-6.142857142857143,-1.3265306122448979,0.09183673469387756
PVD-MCO,PVD,MCO,244,8.995901639344263,13.323770491803279,0.22950819672131148
PVD-MDW,PVD,MDW,57,-1.2982456140350878,13.526315789473685,0.14035087719298245
PVD-ORD,PVD,ORD,89,-2.955056179775281,6.382022471910112,0.14606741573033707
PVD-PBI,PVD,PBI,47,6.9361702127659575,17.574468085106382,0.3404255319148936
PVD-PGD,PVD,PGD,23,12.0,24.17391304347826,0.2608695652173913
PVD-PHL,PVD,PHL,53,7.981132075471698,8.320754716981131,0.20754716981132076
PVD-RSW,PVD,RSW,20,10.75,10.4,0.4
PVD-TPA,PVD,TPA,59,0.423728813559322,9.94915254237288,0.11864406779661017
PVU-AUS,PVU,AUS,17,-17.235294117647058,-1.7647058823529411,0.058823529411764705
PVU-AZA,PVU,AZA,99,-3.414141414141414,5.434343434343434,0.1111111111111111
PVU-BNA,PVU,BNA,17,-3.7058823529411766,-2.8823529411764706,0.11764705882352941
PVU-HOU,PVU,HOU,16,7.1875,29.4375,0.1875
PVU-LAS,PVU,LAS,17,30.176470588235293,39.64705882352941,0.29411764705882354
PVU-LAX,PVU,LAX,2,58.5,53.0,0.5
PVU-MDW,PVU,MDW,7,-1.2857142857142858,-6.571428571428571,0.2857142857142857
PVU-PDX,PVU,PDX,17,-8.823529411764707,-3.235294117647059,0.058823529411764705
PVU-PHX,PVU,PHX,17,-4.647058823529412,-0.4117647058823529,0.23529411764705882
PVU-PIE,PVU,PIE,2,24.5,33.0,1.0
PVU-SAN,PVU,SAN,17,-1.2352941176470589,-2.9411764705882355,0.17647058823529413
PVU-SFB,PVU,SFB,17,-21.470588235294116,-2.5294117647058822,0.058823529411764705
PVU-SNA,PVU,SNA,74,-12.527027027027026,-3.135135135135135,0.06756756756756757
PWM-ATL,PWM,ATL,59,-11.220338983050848,9.847457627118644,0.0847457627118644
PWM-BWI,PWM,BWI,169,-1.3846153846153846,11.254437869822485,0.14201183431952663
PWM-CLT,PWM,CLT,60,92.46666666666667,107.98333333333333,0.15
PWM-DCA,PWM,DCA,208,6.841346153846154,14.04326923076923,0.18269230769230768
PWM-DTW,PWM,DTW,56,-9.642857142857142,4.267857142857143,0.08928571428571429
PWM-EWR,PWM,EWR,62,-13.548387096774194,-0.8387096774193549,0.04838709677419355
PWM-IAD,PWM,IAD,65,-3.5538461538461537,0.6615384615384615,0.1076923076923077
PWM-JFK,PWM,JFK,104,8.798076923076923,16.634615384615383,0.19230769230769232
PWM-LGA,PWM,LGA,157,-0.9681528662420382,9.127388535031848,0.14012738853503184
PWM-MCO,PWM,MCO,70,-15.228571428571428,1.0,0.14285714285714285
PWM-ORD,PWM,ORD,58,-20.82758620689655,-6.655172413793103,0.034482758620689655
PWM-PHL,PWM,PHL,59,4.593220338983051,16.152542372881356,0.1864406779661017
RAP-AZA,RAP,AZA,28,36.92857142857143,42.285714285714285,0.21428571428571427
RAP-DEN,RAP,DEN,240,5.7875,14.9625,0.2
RAP-DFW,RAP,DFW,118,31.466101694915253,38.32203389830509,0.19491525423728814
RAP-LAS,RAP,LAS,18,25.0,18.27777777777778,0.2222222222222222
RAP-MSP,RAP,MSP,162,14.598765432098766,22.438271604938272,0.16666666666666666
RDD-LAX,RDD,LAX,60,2.95,9.116666666666667,0.11666666666666667
RDD-SFO,RDD,SFO,119,-6.714285714285714,2.563025210084034,0.10084033613445378
RDM-DEN,RDM,DEN,114,34.56140350877193,40.1578947368421,0.2719298245614035
RDM-LAX,RDM,LAX,88,32.375,30.522727272727273,0.2840909090909091
RDM-PHX,RDM,PHX,142,32.901408450704224,36.70422535211268,0.18309859154929578
RDM-SAN,RDM,SAN,35,30.685714285714287,20.485714285714284,0.45714285714285713
RDM-SEA,RDM,SEA,264,21.178030303030305,20.386363636363637,0.21212121212121213
RDM-SFO,RDM,SFO,148,78.9054054054054,78.29729729729729,0.527027027027027
RDM-SLC,RDM,SLC,120,23.425,22.883333333333333,0.25833333333333336
RDU-ATL,RDU,ATL,705,-1.5957446808510638,6.4822695035460995,0.1347517730496454
RDU-AUS,RDU,AUS,127,5.149606299212598,6.511811023622047,0.2125984251968504
RDU-BNA,RDU,BNA,322,-1.2857142857142858,4.248447204968944,0.12732919254658384
RDU-BOS,RDU,BOS,356,10.157303370786517,17.735955056179776,0.2247191011235955
RDU-BWI,RDU,BWI,286,-4.3321678321678325,3.993006993006993,0.11538461538461539
RDU-CLT,RDU,CLT,582,4.221649484536083,11.338487972508592,0.1872852233676976
RDU-CVG,RDU,CVG,101,2.0297029702970297,3.6633663366336635,0.13861386138613863
RDU-DAL,RDU,DAL,65,8.476923076923077,12.353846153846154,0.3076923076923077
RDU-DCA,RDU,DCA,441,4.854875283446712,4.798185941043084,0.20861678004535147
RDU-DEN,RDU,DEN,277,3.0866425992779782,13.025270758122744,0.18050541516245489
RDU-DFW,RDU,DFW,332,7.105421686746988,13.418674698795181,0.21686746987951808
RDU-DTW,RDU,DTW,197,0.16243654822335024,7.3604060913705585,0.116751269035533
RDU-EWR,RDU,EWR,383,-3.6684073107049606,6.310704960835509,0.14882506527415143
RDU-FLL,RDU,FLL,247,8.93927125506073,11.17004048582996,0.26720647773279355
RDU-HOU,RDU,HOU,20,-1.85,-2.5,0.15
RDU-IAD,RDU,IAD,108,-6.592592592592593,-2.537037037037037,0.07407407407407407
RDU-IAH,RDU,IAH,119,1.504201680672269,6.38655462184874,0.1092436974789916
RDU-JFK,RDU,JFK,578,3.633217993079585,10.944636678200691,0.18339100346020762
RDU-LAS,RDU,LAS,38,15.763157894736842,22.210526315789473,0.23684210526315788
RDU-LAX,RDU,LAX,109,-1.0,10.137614678899082,0.22018348623853212
RDU-LGA,RDU,LGA,593,10.54131534569983,15.96964586846543,0.18043844856661045
RDU-MCO,RDU,MCO,441,9.603174603174603,10.62358276643991,0.2290249433106576
RDU-MDW,RDU,MDW,153,-3.235294117647059,5.281045751633987,0.12418300653594772
RDU-MIA,RDU,MIA,374,11.692513368983958,11.684491978609625,0.26737967914438504
RDU-MSP,RDU,MSP,152,-13.848684210526315,0.4407894736842105,0.046052631578947366
RDU-ORD,RDU,ORD,429,3.4125874125874125,7.7972027972027975,0.17016317016317017
RDU-PHL,RDU,PHL,317,7.305993690851735,12.369085173501578,0.14511041009463724
RDU-PHX,RDU,PHX,61,5.180327868852459,5.081967213114754,0.22950819672131148
RDU-PIT,RDU,PIT,111,-11.531531531531531,-3.369369369369369,0.07207207207207207
RDU-SEA,RDU,SEA,109,-9.192660550458715,8.311926605504587,0.14678899082568808
RDU-SFO,RDU,SFO,80,2.625,11.8,0.2
RDU-SJU,RDU,SJU,112,14.1875,19.392857142857142,0.20535714285714285
RDU-SLC,RDU,SLC,60,0.08333333333333333,10.25,0.2
RDU-STL,RDU,STL,61,-2.4262295081967213,1.8360655737704918,0.11475409836065574
RDU-TPA,RDU,TPA,150,3.3266666666666667,5.473333333333334,0.18666666666666668
RFD-AZA,RFD,AZA,23,-17.0,1.0,0.08695652173913043
RFD-LAS,RFD,LAS,18,-3.3333333333333335,4.277777777777778,0.2222222222222222
RFD-PGD,RFD,PGD,29,46.310344827586206,51.758620689655174,0.3103448275862069
RFD-PIE,RFD,PIE,20,1.7,0.5,0.25
RFD-SFB,RFD,SFB,18,-5.277777777777778,1.0555555555555556,0.1111111111111111
RFD-SRQ,RFD,SRQ,20,-8.9,-0.6,0.1
RHI-MSP,RHI,MSP,118,-8.983050847457626,4.3559322033898304,0.1016949152542373
RIC-ATL,RIC,ATL,488,-6.493852459016393,1.5245901639344261,0.11475409836065574
RIC-BNA,RIC,BNA,19,-20.36842105263158,2.210526315789474,0.15789473684210525
RIC-BOS,RIC,BOS,231,12.203463203463203,14.164502164502165,0.2510822510822511
RIC-CLT,RIC,CLT,356,6.719101123595506,13.07865168539326,0.18258426966292135
RIC-DEN,RIC,DEN,111,-1.945945945945946,4.315315315315315,0.2072072072072072
RIC-DFW,RIC,DFW,157,19.73248407643312,22.97452229299363,0.2929936305732484
RIC-DTW,RIC,DTW,148,18.763513513513512,28.256756756756758,0.1891891891891892
RIC-FLL,RIC,FLL,120,16.908333333333335,18.683333333333334,0.26666666666666666
RIC-IAH,RIC,IAH,59,-3.9322033898305087,-2.1864406779661016,0.11864406779661017
RIC-JFK,RIC,JFK,112,13.9375,20.446428571428573,0.16964285714285715
RIC-LAS,RIC,LAS,31,-0.0967741935483871,6.548387096774194,0.25806451612903225
RIC-LGA,RIC,LGA,299,8.993311036789297,5.531772575250836,0.2809364548494983
RIC-MCO,RIC,MCO,125,22.048,24.984,0.328
RIC-MDW,RIC,MDW,67,2.014925373134328,9.283582089552239,0.208955223880597
RIC-MIA,RIC,MIA,105,12.333333333333334,12.542857142857143,0.1619047619047619
RIC-ORD,RIC,ORD,77,0.8311688311688312,3.909090909090909,0.19480519480519481
RIC-PGD,RIC,PGD,17,-4.0,4.235294117647059,0.23529411764705882
RIC-PIE,RIC,PIE,7,-16.142857142857142,-6.285714285714286,0.0
RIC-RSW,RIC,RSW,18,6.055555555555555,2.888888888888889,0.2222222222222222
RIC-SFB,RIC,SFB,17,44.05882352941177,50.23529411764706,0.17647058823529413
RIC-TPA,RIC,TPA,23,7.478260869565218,19.82608695652174,0.21739130434782608
RIW-DEN,RIW,DEN,72,6.902777777777778,8.902777777777779,0.1388888888888889
RKS-DEN,RKS,DEN,76,-0.6973684210526315,5.394736842105263,0.13157894736842105
RNO-AUS,RNO,AUS,6,9.666666666666666,-1.5,0.16666666666666666
RNO-BUR,RNO,BUR,60,-5.733333333333333,4.9,0.1
RNO-DAL,RNO,DAL,8,6.375,9.125,0.125
RNO-DEN,RNO,DEN,364,9.942307692307692,18.175824175824175,0.1565934065934066
RNO-DFW,RNO,DFW,193,6.020725388601036,12.538860103626943,0.22279792746113988
RNO-IAH,RNO,IAH,9,5.222222222222222,19.666666666666668,0.2222222222222222
RNO-JFK,RNO,JFK,18,71.22222222222223,70.22222222222223,0.2777777777777778
RNO-LAS,RNO,LAS,617,5.277147487844409,10.108589951377633,0.1880064829821718
RNO-LAX,RNO,LAX,397,-4.365239294710327,3.3073047858942064,0.0982367758186398
RNO-LGB,RNO,LGB,120,2.65,9.125,0.18333333333333332
RNO-OAK,RNO,OAK,105,-1.3142857142857143,4.20952380952381,0.11428571428571428
RNO-ORD,RNO,ORD,12,-3.0833333333333335,-1.0833333333333333,0.08333333333333333
RNO-PDX,RNO,PDX,42,26.595238095238095,26.38095238095238,0.2619047619047619
RNO-PHX,RNO,PHX,353,6.776203966005665,14.181303116147308,0.1048158640226629
RNO-SAN,RNO,SAN,127,8.338582677165354,10.968503937007874,0.1889763779527559
RNO-SEA,RNO,SEA,46,7.913043478260869,11.91304347826087,0.1956521739130435
RNO-SFO,RNO,SFO,224,30.517857142857142,30.513392857142858,0.42410714285714285
RNO-SJC,RNO,SJC,60,11.466666666666667,16.8,0.26666666666666666
RNO-SLC,RNO,SLC,183,7.0710382513661205,15.666666666666666,0.17486338797814208
ROA-ATL,ROA,ATL,171,8.415204678362572,16.672514619883042,0.14619883040935672
ROA-CLT,ROA,CLT,73,13.753424657534246,17.21917808219178,0.2876712328767123
ROA-LGA,ROA,LGA,93,7.688172043010753,7.32258064516129,0.17204301075268819
ROA-ORD,ROA,ORD,97,27.577319587628867,24.15463917525773,0.24742268041237114
ROA-PIE,ROA,PIE,19,1.1578947368421053,9.631578947368421,0.21052631578947367
ROA-SFB,ROA,SFB,17,10.0,14.470588235294118,0.35294117647058826
ROC-ATL,ROC,ATL,148,2.391891891891892,14.77027027027027,0.17567567567567569
ROC-BWI,ROC,BWI,184,-1.3858695652173914,9.353260869565217,0.13043478260869565
ROC-CLT,ROC,CLT,178,16.48314606741573,21.719101123595507,0.2247191011235955
ROC-DCA,ROC,DCA,162,0.41975308641975306,7.574074074074074,0.16049382716049382
ROC-DTW,ROC,DTW,174,5.166666666666667,17.99425287356322,0.22413793103448276
ROC-EWR,ROC,EWR,75,2.0933333333333333,10.866666666666667,0.12
ROC-IAD,ROC,IAD,46,2.369565217391304,3.739130434782609,0.21739130434782608
ROC-JFK,ROC,JFK,231,15.705627705627705,23.051948051948052,0.2683982683982684
ROC-LGA,ROC,LGA,144,-2.6458333333333335,7.069444444444445,0.18055555555555555
ROC-MCO,ROC,MCO,113,19.309734513274336,23.212389380530972,0.37168141592920356
ROC-MDW,ROC,MDW,56,-20.232142857142858,-0.5535714285714286,0.07142857142857142
ROC-MIA,ROC,MIA,8,46.625,26.25,0.25
ROC-ORD,ROC,ORD,236,-1.2669491525423728,4.961864406779661,0.1483050847457627
ROC-PGD,ROC,PGD,15,63.4,77.2,0.13333333333333333
ROC-SFB,ROC,SFB,6,-0.3333333333333333,7.666666666666667,0.16666666666666666
ROC-TPA,ROC,TPA,15,15.066666666666666,19.6,0.4666666666666667
ROW-DFW,ROW,DFW,117,19.623931623931625,24.623931623931625,0.2222222222222222
RST-MSP,RST,MSP,155,-7.806451612903226,5.7935483870967746,0.07741935483870968
RST-ORD,RST,ORD,32,-15.375,-3.6875,0.03125
RSW-ACY,RSW,ACY,91,7.538461538461538,9.252747252747254,0.21978021978021978
RSW-ATL,RSW,ATL,637,-4.177394034536892,2.405023547880691,0.10675039246467818
RSW-AUS,RSW,AUS,27,16.22222222222222,8.407407407407407,0.2222222222222222
RSW-BDL,RSW,BDL,66,17.772727272727273,15.93939393939394,0.30303030303030304
RSW-BNA,RSW,BNA,111,7.306306306306307,10.9009009009009,0.1891891891891892
RSW-BOS,RSW,BOS,439,16.478359908883828,21.031890660592254,0.31662870159453305
RSW-BUF,RSW,BUF,56,11.321428571428571,15.303571428571429,0.25
RSW-BWI,RSW,BWI,233,3.866952789699571,8.65236051502146,0.20600858369098712
RSW-CHS,RSW,CHS,19,-19.473684210526315,-2.0526315789473686,0.10526315789473684
RSW-CLE,RSW,CLE,236,8.470338983050848,11.51271186440678,0.211864406779661
RSW-CLT,RSW,CLT,403,1.4168734491315136,5.069478908188586,0.13399503722084366
RSW-CMH,RSW,CMH,142,4.957746478873239,7.274647887323944,0.22535211267605634
RSW-CVG,RSW,CVG,185,2.718918918918919,6.318918918918919,0.1891891891891892
RSW-DAL,RSW,DAL,52,17.28846153846154,14.5,0.34615384615384615
RSW-DCA,RSW,DCA,220,13.404545454545454,16.522727272727273,0.22727272727272727
RSW-DEN,RSW,DEN,134,2.1492537313432836,2.037313432835821,0.13432835820895522
RSW-DFW,RSW,DFW,219,10.08675799086758,8.703196347031964,0.2648401826484018
RSW-DTW,RSW,DTW,441,6.392290249433106,7.959183673469388,0.19954648526077098
RSW-EWR,RSW,EWR,374,1.679144385026738,12.901069518716577,0.15240641711229946
RSW-GRR,RSW,GRR,62,13.870967741935484,16.612903225806452,0.2903225806451613
RSW-HOU,RSW,HOU,8,13.5,12.375,0.375
RSW-HPN,RSW,HPN,59,11.745762711864407,22.661016949152543,0.23728813559322035
RSW-IAD,RSW,IAD,114,-7.684210526315789,-2.3333333333333335,0.09649122807017543
RSW-IAH,RSW,IAH,163,4.067484662576687,8.950920245398773,0.15337423312883436
RSW-IND,RSW,IND,211,10.990521327014218,14.360189573459715,0.23696682464454977
RSW-ISP,RSW,ISP,74,23.85135135135135,26.12162162162162,0.2972972972972973
RSW-JFK,RSW,JFK,251,7.187250996015936,13.832669322709163,0.199203187250996
RSW-LAX,RSW,LAX,29,5.241379310344827,1.8620689655172413,0.20689655172413793
RSW-LGA,RSW,LGA,196,10.331632653061224,16.525510204081634,0.22959183673469388
RSW-MCI,RSW,MCI,55,8.563636363636364,7.672727272727273,0.32727272727272727
RSW-MCO,RSW,MCO,7,-7.285714285714286,-0.8571428571428571,0.0
RSW-MDW,RSW,MDW,183,8.66120218579235,12.437158469945356,0.2459016393442623
RSW-MKE,RSW,MKE,144,11.11111111111111,17.40972222222222,0.2638888888888889
RSW-MSP,RSW,MSP,304,-0.8782894736842105,3.7401315789473686,0.14802631578947367
RSW-ORD,RSW,ORD,599,8.18363939899833,13.126878130217028,0.2036727879799666
RSW-ORF,RSW,ORF,19,-5.473684210526316,3.9473684210526314,0.10526315789473684
RSW-ORH,RSW,ORH,26,13.576923076923077,5.846153846153846,0.3076923076923077
RSW-PHL,RSW,PHL,345,17.046376811594204,20.17391304347826,0.2608695652173913
RSW-PIT,RSW,PIT,102,11.186274509803921,13.254901960784315,0.22549019607843138
RSW-PVD,RSW,PVD,21,4.142857142857143,12.761904761904763,0.19047619047619047
RSW-RIC,RSW,RIC,18,2.5555555555555554,12.222222222222221,0.2222222222222222
RSW-SDF,RSW,SDF,14,5.142857142857143,14.285714285714286,0.14285714285714285
RSW-SEA,RSW,SEA,54,-3.4444444444444446,9.333333333333334,0.18518518518518517
RSW-SFO,RSW,SFO,31,-6.451612903225806,1.5483870967741935,0.06451612903225806
RSW-SJU,RSW,SJU,33,-0.5151515151515151,12.575757575757576,0.21212121212121213
RSW-STL,RSW,STL,144,10.770833333333334,10.993055555555555,0.2986111111111111
RSW-SYR,RSW,SYR,35,-2.7714285714285714,0.6571428571428571,0.14285714285714285
RSW-TTN,RSW,TTN,74,9.54054054054054,17.95945945945946,0.28378378378378377
SAF-DFW,SAF,DFW,178,9.432584269662922,7.926966292134831,0.2303370786516854
SAF-PHX,SAF,PHX,60,-6.2,-7.366666666666666,0.08333333333333333
SAN-ABQ,SAN,ABQ,74,0.36486486486486486,4.8108108108108105,0.14864864864864866
SAN-ATL,SAN,ATL,284,-10.714788732394366,2.4119718309859155,0.06338028169014084
SAN-AUS,SAN,AUS,238,3.0798319327731094,7.73109243697479,0.19747899159663865
SAN-BNA,SAN,BNA,100,6.84,14.53,0.2
SAN-BOI,SAN,BOI,92,0.6521739130434783,4.184782608695652,0.17391304347826086
SAN-BOS,SAN,BOS,182,3.3351648351648353,9.697802197802197,0.1978021978021978
SAN-BWI,SAN,BWI,119,-4.07563025210084,5.621848739495798,0.11764705882352941
SAN-BZN,SAN,BZN,21,-0.42857142857142855,-2.5714285714285716,0.2857142857142857
SAN-CLT,SAN,CLT,229,4.0524017467248905,13.803493449781659,0.20087336244541484
SAN-COS,SAN,COS,1,6.0,0.0,0.0
SAN-DAL,SAN,DAL,230,2.3130434782608695,7.743478260869566,0.16956521739130434
SAN-DEN,SAN,DEN,780,0.6692307692307692,8.626923076923077,0.1564102564102564
SAN-DFW,SAN,DFW,568,11.39612676056338,18.25176056338028,0.19190140845070422
SAN-DSM,SAN,DSM,2,-3.5,8.5,0.5
SAN-DTW,SAN,DTW,122,2.122950819672131,7.516393442622951,0.19672131147540983
SAN-ELP,SAN,ELP,35,2.3714285714285714,-1.4285714285714286,0.11428571428571428
SAN-EUG,SAN,EUG,7,17.714285714285715,3.857142857142857,0.42857142857142855
SAN-EWR,SAN,EWR,197,-4.83756345177665,9.350253807106599,0.1065989847715736
SAN-FAT,SAN,FAT,141,3.652482269503546,5.9787234042553195,0.1773049645390071
SAN-FLL,SAN,FLL,108,-1.0277777777777777,11.86111111111111,0.1111111111111111
SAN-GEG,SAN,GEG,48,5.041666666666667,7.604166666666667,0.1875
SAN-HDN,SAN,HDN,27,0.8148148148148148,-5.0,0.2222222222222222
SAN-HNL,SAN,HNL,228,11.771929824561404,8.105263157894736,0.34649122807017546
SAN-HOU,SAN,HOU,106,3.4150943396226414,10.254716981132075,0.1792452830188679
SAN-IAD,SAN,IAD,252,-3.6031746031746033,4.694444444444445,0.10714285714285714
SAN-IAH,SAN,IAH,218,4.123853211009174,16.201834862385322,0.0871559633027523
SAN-JAC,SAN,JAC,10,-9.4,-5.7,0.2
SAN-JFK,SAN,JFK,305,6.0426229508196725,14.583606557377049,0.20655737704918034
SAN-KOA,SAN,KOA,26,7.769230769230769,6.653846153846154,0.2692307692307692
SAN-LAS,SAN,LAS,1056,3.902462121212121,9.950757575757576,0.18087121212121213
SAN-LAX,SAN,LAX,343,-1.4868804664723032,1.9300291545189505,0.08746355685131195
SAN-LIH,SAN,LIH,14,-4.714285714285714,4.5,0.07142857142857142
SAN-MCI,SAN,MCI,66,-1.3636363636363635,5.136363636363637,0.15151515151515152
SAN-MCO,SAN,MCO,104,0.5,10.615384615384615,0.22115384615384615
SAN-MDW,SAN,MDW,131,-0.022900763358778626,10.114503816793894,0.1984732824427481
SAN-MIA,SAN,MIA,119,26.798319327731093,38.411764705882355,0.14285714285714285
SAN-MRY,SAN,MRY,44,-5.909090909090909,-2.7045454545454546,0.045454545454545456
SAN-MSP,SAN,MSP,179,-8.910614525139664,1.111731843575419,0.061452513966480445
SAN-MSY,SAN,MSY,60,1.15,10.783333333333333,0.1
SAN-OAK,SAN,OAK,551,2.943738656987296,7.2323049001814885,0.19237749546279492
SAN-OGG,SAN,OGG,96,1.25,6.729166666666667,0.25
SAN-ORD,SAN,ORD,380,-9.134210526315789,1.481578947368421,0.10263157894736842
SAN-PAE,SAN,PAE,1,3.0,-7.0,0.0
SAN-PDX,SAN,PDX,214,-0.9906542056074766,3.196261682242991,0.14485981308411214
SAN-PHL,SAN,PHL,152,-9.723684210526315,-2.151315789473684,0.07236842105263158
SAN-PHX,SAN,PHX,885,5.651977401129943,9.900564971751413,0.1751412429378531
SAN-PVU,SAN,PVU,17,3.4705882352941178,6.647058823529412,0.23529411764705882
SAN-RDM,SAN,RDM,35,-2.8,0.7428571428571429,0.11428571428571428
SAN-RNO,SAN,RNO,133,4.428571428571429,11.338345864661655,0.17293233082706766
SAN-SAT,SAN,SAT,74,4.716216216216216,8.608108108108109,0.21621621621621623
SAN-SBP,SAN,SBP,37,2.135135135135135,5.783783783783784,0.21621621621621623
SAN-SEA,SAN,SEA,647,0.7573415765069552,10.897990726429676,0.1731066460587326
SAN-SFO,SAN,SFO,862,21.9338747099768,20.895591647331788,0.39211136890951276
SAN-SJC,SAN,SJC,828,2.513285024154589,5.8393719806763285,0.15458937198067632
SAN-SLC,SAN,SLC,421,-0.05938242280285035,6.092636579572447,0.15201900237529692
SAN-SMF,SAN,SMF,781,3.58898847631242,7.48527528809219,0.1882202304737516
SAN-STL,SAN,STL,61,1.9836065573770492,8.360655737704919,0.21311475409836064
SAN-STS,SAN,STS,97,3.4329896907216493,5.020618556701031,0.15463917525773196
SAN-TPA,SAN,TPA,47,-12.361702127659575,-2.6595744680851063,0.06382978723404255
SAN-TUS,SAN,TUS,73,12.205479452054794,19.34246575342466,0.3150684931506849
SAT-ATL,SAT,ATL,422,0.3246445497630332,6.571090047393365,0.13744075829383887
SAT-BNA,SAT,BNA,110,-3.081818181818182,5.009090909090909,0.09090909090909091
SAT-BOS,SAT,BOS,58,12.137931034482758,17.79310344827586,0.1724137931034483
SAT-BWI,SAT,BWI,111,-1.0810810810810811,5.7657657657657655,0.11711711711711711
SAT-CLT,SAT,CLT,230,-0.4826086956521739,3.643478260869565,0.12173913043478261
SAT-COS,SAT,COS,1,3.0,12.0,0.0
SAT-DAL,SAT,DAL,469,-1.0639658848614073,5.654584221748401,0.13859275053304904
SAT-DEN,SAT,DEN,470,-0.5659574468085107,5.672340425531915,0.14680851063829786
SAT-DFW,SAT,DFW,687,14.327510917030567,13.93886462882096,0.2765647743813683
SAT-DTW,SAT,DTW,118,-7.135593220338983,-1.3728813559322033,0.07627118644067797
SAT-ELP,SAT,ELP,121,1.2148760330578512,4.115702479338843,0.14049586776859505
SAT-EWR,SAT,EWR,119,-4.873949579831932,6.487394957983193,0.09243697478991597
SAT-FLL,SAT,FLL,72,-6.958333333333333,2.1805555555555554,0.1111111111111111
SAT-HOU,SAT,HOU,290,-0.5482758620689655,4.258620689655173,0.13793103448275862
SAT-IAD,SAT,IAD,98,-7.928571428571429,-2.7448979591836733,0.061224489795918366
SAT-IAH,SAT,IAH,269,4.048327137546468,8.007434944237918,0.12267657992565056
SAT-JFK,SAT,JFK,119,44.260504201680675,45.563025210084035,0.2605042016806723
SAT-LAS,SAT,LAS,355,10.814084507042253,15.498591549295774,0.2084507042253521
SAT-LAX,SAT,LAX,323,-2.4643962848297214,2.671826625386997,0.1238390092879257
SAT-MCI,SAT,MCI,52,-1.2115384615384615,4.75,0.17307692307692307
SAT-MCO,SAT,MCO,140,3.257142857142857,11.235714285714286,0.20714285714285716
SAT-MDW,SAT,MDW,103,-3.2524271844660193,4.834951456310679,0.11650485436893204
SAT-MIA,SAT,MIA,79,5.177215189873418,5.974683544303797,0.12658227848101267
SAT-MSP,SAT,MSP,109,11.055045871559633,17.091743119266056,0.1651376146788991
SAT-MSY,SAT,MSY,60,-0.55,4.333333333333333,0.13333333333333333
SAT-OKC,SAT,OKC,51,-3.4313725490196076,2.1372549019607843,0.058823529411764705
SAT-ORD,SAT,ORD,198,-0.23737373737373738,4.626262626262626,0.12626262626262627
SAT-PHX,SAT,PHX,451,2.199556541019956,4.170731707317073,0.16186252771618626
SAT-SAN,SAT,SAN,67,9.567164179104477,8.761194029850746,0.26865671641791045
SAT-SEA,SAT,SEA,78,6.012820512820513,9.0,0.23076923076923078
SAT-SFO,SAT,SFO,58,10.5,15.482758620689655,0.3275862068965517
SAT-SLC,SAT,SLC,165,-6.909090909090909,0.8,0.11515151515151516
SAT-STL,SAT,STL,58,1.103448275862069,7.758620689655173,0.06896551724137931
SAT-TPA,SAT,TPA,89,7.707865168539326,16.662921348314608,0.19101123595505617
SAV-ATL,SAV,ATL,407,-9.01965601965602,1.2678132678132679,0.05896805896805897
SAV-BNA,SAV,BNA,111,0.24324324324324326,8.162162162162161,0.15315315315315314
SAV-BOS,SAV,BOS,77,15.415584415584416,24.98701298701299,0.18181818181818182
SAV-BWI,SAV,BWI,119,1.915966386554622,7.352941176470588,0.15126050420168066
SAV-CAK,SAV,CAK,17,30.235294117647058,32.1764705882353,0.17647058823529413
SAV-CLT,SAV,CLT,373,4.7828418230563,13.764075067024129,0.16085790884718498
SAV-CVG,SAV,CVG,17,-6.294117647058823,-2.6470588235294117,0.11764705882352941
SAV-DAL,SAV,DAL,53,-1.2452830188679245,2.452830188679245,0.18867924528301888
SAV-DCA,SAV,DCA,130,-2.3384615384615386,1.3615384615384616,0.14615384615384616
SAV-DEN,SAV,DEN,44,-0.4318181818181818,9.022727272727273,0.18181818181818182
SAV-DFW,SAV,DFW,157,22.18471337579618,24.719745222929937,0.2484076433121019
SAV-EWR,SAV,EWR,165,-12.193939393939393,4.224242424242425,0.09090909090909091
SAV-HOU,SAV,HOU,21,2.7142857142857144,5.619047619047619,0.19047619047619047
SAV-IAD,SAV,IAD,54,-10.61111111111111,-6.962962962962963,0.037037037037037035
SAV-IAH,SAV,IAH,15,-13.2,-5.466666666666667,0.0
SAV-JFK,SAV,JFK,229,9.842794759825328,14.755458515283843,0.18777292576419213
SAV-LCK,SAV,LCK,7,-5.142857142857143,-6.428571428571429,0.14285714285714285
SAV-LGA,SAV,LGA,160,-1.75,8.79375,0.10625
SAV-MDW,SAV,MDW,59,-0.3050847457627119,9.203389830508474,0.13559322033898305
SAV-MIA,SAV,MIA,168,2.2976190476190474,3.7083333333333335,0.10714285714285714
SAV-ORD,SAV,ORD,156,0.16025641025641027,5.698717948717949,0.10256410256410256
SAV-PHL,SAV,PHL,67,29.925373134328357,34.47761194029851,0.14925373134328357
SAV-PIT,SAV,PIT,3,-5.333333333333333,-7.0,0.0
SBA-DEN,SBA,DEN,205,9.385365853658536,15.751219512195123,0.18536585365853658
SBA-DFW,SBA,DFW,59,11.915254237288135,15.864406779661017,0.15254237288135594
SBA-LAS,SBA,LAS,120,0.825,7.258333333333334,0.15
SBA-LAX,SBA,LAX,104,-7.5673076923076925,-5.298076923076923,0.028846153846153848
SBA-OAK,SBA,OAK,58,-6.879310344827586,-1.8448275862068966,0.034482758620689655
SBA-PDX,SBA,PDX,36,21.944444444444443,20.416666666666668,0.4166666666666667
SBA-PHX,SBA,PHX,158,13.234177215189874,16.550632911392405,0.18354430379746836
SBA-SEA,SBA,SEA,53,0.2830188679245283,7.60377358490566,0.20754716981132076
SBA-SFO,SBA,SFO,168,26.589285714285715,23.375,0.47023809523809523
SBA-SMF,SBA,SMF,51,-8.764705882352942,-1.3333333333333333,0.058823529411764705
SBN-ATL,SBN,ATL,163,17.50920245398773,24.950920245398773,0.3312883435582822
SBN-AZA,SBN,AZA,17,-24.705882352941178,-7.588235294117647,0.058823529411764705
SBN-CLT,SBN,CLT,163,25.11042944785276,28.503067484662576,0.31901840490797545
SBN-DFW,SBN,DFW,115,13.730434782608695,17.37391304347826,0.3130434782608696
SBN-DTW,SBN,DTW,58,18.810344827586206,24.70689655172414,0.1724137931034483
SBN-LAS,SBN,LAS,18,-24.61111111111111,-2.611111111111111,0.05555555555555555
SBN-MSP,SBN,MSP,59,4.305084745762712,19.728813559322035,0.1694915254237288
SBN-ORD,SBN,ORD,261,4.605363984674329,14.490421455938698,0.20689655172413793
SBN-PGD,SBN,PGD,30,13.9,22.1,0.3333333333333333
SBN-PIE,SBN,PIE,20,-1.25,6.6,0.25
SBN-SFB,SBN,SFB,23,42.34782608695652,49.82608695652174,0.08695652173913043
SBN-SRQ,SBN,SRQ,17,-1.2352941176470589,1.1764705882352942,0.29411764705882354
SBP-DEN,SBP,DEN,119,-5.420168067226891,4.420168067226891,0.10084033613445378
SBP-DFW,SBP,DFW,60,4.216666666666667,11.95,0.23333333333333334
SBP-LAS,SBP,LAS,58,22.0,10.086206896551724,0.3103448275862069
SBP-LAX,SBP,LAX,57,19.210526315789473,28.087719298245613,0.12280701754385964
SBP-PDX,SBP,PDX,7,-2.4285714285714284,-6.428571428571429,0.0
SBP-PHX,SBP,PHX,179,0.776536312849162,3.9553072625698324,0.0782122905027933
SBP-SAN,SBP,SAN,37,5.594594594594595,5.297297297297297,0.16216216216216217
SBP-SEA,SBP,SEA,7,20.428571428571427,14.857142857142858,0.5714285714285714
SBP-SFO,SBP,SFO,142,28.535211267605632,33.08450704225352,0.30985915492957744
SCC-ANC,SCC,ANC,85,-3.823529411764706,-3.4823529411764707,0.12941176470588237
SCE-ORD,SCE,ORD,48,-6.8125,0.9583333333333334,0.125
SCE-PHL,SCE,PHL,1,-18.0,3.0,0.0
SCK-LAS,SCK,LAS,61,24.049180327868854,21.983606557377048,0.26229508196721313
SCK-PHX,SCK,PHX,17,7.352941176470588,14.588235294117647,0.35294117647058826
SDF-ATL,SDF,ATL,409,0.5794621026894865,7.004889975550122,0.1100244498777506
SDF-AUS,SDF,AUS,3,-10.0,-11.333333333333334,0.3333333333333333
SDF-BOS,SDF,BOS,105,12.742857142857142,10.438095238095238,0.17142857142857143
SDF-BWI,SDF,BWI,125,0.88,6.424,0.144
SDF-CLT,SDF,CLT,289,9.411764705882353,12.048442906574394,0.24567474048442905
SDF-DAL,SDF,DAL,7,-6.142857142857143,3.7142857142857144,0.14285714285714285
SDF-DCA,SDF,DCA,157,4.834394904458598,7.1528662420382165,0.18471337579617833
SDF-DEN,SDF,DEN,179,-2.2960893854748603,5.268156424581005,0.12849162011173185
SDF-DFW,SDF,DFW,316,8.569620253164556,9.683544303797468,0.27531645569620256
SDF-DTW,SDF,DTW,139,11.863309352517986,20.057553956834532,0.20863309352517986
SDF-EWR,SDF,EWR,167,-16.4251497005988,-3.5988023952095807,0.04790419161676647
SDF-FLL,SDF,FLL,74,10.91891891891892,18.135135135135137,0.3108108108108108
SDF-HOU,SDF,HOU,51,-15.588235294117647,2.8823529411764706,0.058823529411764705
SDF-IAD,SDF,IAD,59,-11.559322033898304,-5.52542372881356,0.06779661016949153
SDF-LAS,SDF,LAS,62,-6.741935483870968,2.9838709677419355,0.16129032258064516
SDF-LAX,SDF,LAX,9,2.5555555555555554,17.22222222222222,0.1111111111111111
SDF-LGA,SDF,LGA,242,7.7809917355371905,11.549586776859504,0.19421487603305784
SDF-MCO,SDF,MCO,163,12.644171779141104,14.484662576687116,0.2147239263803681
SDF-MDW,SDF,MDW,155,-2.554838709677419,4.374193548387097,0.11612903225806452
SDF-MIA,SDF,MIA,82,14.817073170731707,13.890243902439025,0.3902439024390244
SDF-MSP,SDF,MSP,105,2.4285714285714284,11.095238095238095,0.18095238095238095
SDF-ORD,SDF,ORD,281,9.690391459074734,11.238434163701067,0.2099644128113879
SDF-PGD,SDF,PGD,17,-3.0588235294117645,1.7647058823529411,0.11764705882352941
SDF-PHL,SDF,PHL,13,4.6923076923076925,5.923076923076923,0.23076923076923078
SDF-PHX,SDF,PHX,60,-5.666666666666667,4.433333333333334,0.16666666666666666
SDF-PIE,SDF,PIE,17,4.0,3.6470588235294117,0.17647058823529413
SDF-RSW,SDF,RSW,14,-3.2857142857142856,2.0714285714285716,0.07142857142857142
SDF-SFB,SDF,SFB,17,49.470588235294116,58.0,0.17647058823529413
SDF-SRQ,SDF,SRQ,17,-14.294117647058824,-5.117647058823529,0.17647058823529413
SDF-TPA,SDF,TPA,61,0.01639344262295082,4.524590163934426,0.13114754098360656
SEA-ABQ,SEA,ABQ,47,14.872340425531915,21.872340425531913,0.3617021276595745
SEA-ALW,SEA,ALW,105,2.8190476190476192,4.257142857142857,0.12380952380952381
SEA-ANC,SEA,ANC,959,5.2794577685088635,16.401459854014597,0.2659019812304484
SEA-ATL,SEA,ATL,428,-0.3878504672897196,8.616822429906541,0.1658878504672897
SEA-AUS,SEA,AUS,230,-0.04782608695652174,5.952173913043478,0.1608695652173913
SEA-BLI,SEA,BLI,120,-1.8166666666666667,2.1,0.10833333333333334
SEA-BNA,SEA,BNA,164,2.3597560975609757,5.658536585365853,0.2073170731707317
SEA-BOI,SEA,BOI,617,7.256077795786061,10.371150729335495,0.1766612641815235
SEA-BOS,SEA,BOS,301,7.089700996677741,9.906976744186046,0.25249169435215946
SEA-BUR,SEA,BUR,205,10.35609756097561,11.609756097560975,0.32195121951219513
SEA-BWI,SEA,BWI,40,7.375,12.575,0.25
SEA-BZN,SEA,BZN,119,8.857142857142858,12.411764705882353,0.21008403361344538
SEA-CHS,SEA,CHS,43,0.627906976744186,6.046511627906977,0.16279069767441862
SEA-CLE,SEA,CLE,55,1.3636363636363635,0.8727272727272727,0.2
SEA-CLT,SEA,CLT,165,-4.1878787878787875,2.515151515151515,0.11515151515151516
SEA-CMH,SEA,CMH,44,6.75,12.204545454545455,0.2727272727272727
SEA-CVG,SEA,CVG,104,1.5192307692307692,6.538461538461538,0.10576923076923077
SEA-DAL,SEA,DAL,43,1.4883720930232558,9.069767441860465,0.18604651162790697
SEA-DCA,SEA,DCA,120,11.433333333333334,11.408333333333333,0.25833333333333336
SEA-DEN,SEA,DEN,896,3.9698660714285716,8.697544642857142,0.18080357142857142
SEA-DFW,SEA,DFW,600,14.313333333333333,19.8,0.20833333333333334
SEA-DTW,SEA,DTW,244,-3.4221311475409837,3.151639344262295,0.12704918032786885
SEA-EUG,SEA,EUG,204,17.79901960784314,21.84313725490196,0.18627450980392157
SEA-EWR,SEA,EWR,226,5.079646017699115,14.951327433628318,0.18584070796460178
SEA-FAI,SEA,FAI,296,-0.10810810810810811,11.14527027027027,0.17905405405405406
SEA-FAT,SEA,FAT,95,3.7578947368421054,5.757894736842105,0.16842105263157894
SEA-FCA,SEA,FCA,6,-5.833333333333333,-3.5,0.0
SEA-FLL,SEA,FLL,159,-6.6415094339622645,1.7547169811320755,0.11949685534591195
SEA-GEG,SEA,GEG,761,10.69250985545335,13.526938239159001,0.2233902759526938
SEA-GTF,SEA,GTF,53,1.2264150943396226,4.188679245283019,0.09433962264150944
SEA-HLN,SEA,HLN,60,-1.35,0.18333333333333332,0.11666666666666667
SEA-HNL,SEA,HNL,421,9.726840855106888,16.57007125890736,0.2921615201900237
SEA-IAD,SEA,IAD,176,4.954545454545454,7.7727272727272725,0.19886363636363635
SEA-IAH,SEA,IAH,236,-1.5127118644067796,7.127118644067797,0.15677966101694915
SEA-IND,SEA,IND,41,7.097560975609756,13.560975609756097,0.24390243902439024
SEA-JAC,SEA,JAC,42,10.976190476190476,11.928571428571429,0.14285714285714285
SEA-JFK,SEA,JFK,340,3.488235294117647,7.432352941176471,0.22058823529411764
SEA-JNU,SEA,JNU,177,3.937853107344633,12.016949152542374,0.23163841807909605
SEA-KOA,SEA,KOA,187,1.8128342245989304,8.609625668449198,0.25668449197860965
SEA-KTN,SEA,KTN,173,1.9421965317919074,13.213872832369942,0.17341040462427745
SEA-LAS,SEA,LAS,1001,7.861138861138861,12.382617382617383,0.22277722277722278
SEA-LAX,SEA,LAX,990,2.3353535353535353,8.053535353535354,0.15555555555555556
SEA-LIH,SEA,LIH,179,10.888268156424582,11.418994413407821,0.3575418994413408
SEA-LWS,SEA,LWS,58,16.25862068965517,23.32758620689655,0.15517241379310345
SEA-MCI,SEA,MCI,127,4.496062992125984,9.37007874015748,0.2204724409448819
SEA-MCO,SEA,MCO,269,-4.910780669144981,4.669144981412639,0.1524163568773234
SEA-MDW,SEA,MDW,59,2.016949152542373,3.3728813559322033,0.15254237288135594
SEA-MFR,SEA,MFR,161,10.5527950310559,15.111801242236025,0.17391304347826086
SEA-MIA,SEA,MIA,118,1.3135593220338984,8.932203389830509,0.288135593220339
SEA-MKE,SEA,MKE,45,2.9555555555555557,2.2222222222222223,0.2
SEA-MRY,SEA,MRY,16,2.0,2.25,0.1875
SEA-MSO,SEA,MSO,7,75.85714285714286,69.14285714285714,0.7142857142857143
SEA-MSP,SEA,MSP,334,-3.395209580838323,3.679640718562874,0.09580838323353294
SEA-MSY,SEA,MSY,125,0.992,4.4,0.208
SEA-OAK,SEA,OAK,306,4.503267973856209,9.781045751633988,0.20915032679738563
SEA-OGG,SEA,OGG,242,3.6983471074380163,12.330578512396695,0.22727272727272727
SEA-OKC,SEA,OKC,43,-1.6744186046511629,-1.6744186046511629,0.11627906976744186
SEA-OMA,SEA,OMA,45,3.466666666666667,3.3333333333333335,0.26666666666666666
SEA-ONT,SEA,ONT,261,1.1839080459770115,7.272030651340996,0.1685823754789272
SEA-ORD,SEA,ORD,501,6.62874251497006,9.451097804391217,0.21357285429141717
SEA-PDX,SEA,PDX,883,8.130237825594564,10.083805209513024,0.20951302378255945
SEA-PHL,SEA,PHL,105,11.676190476190476,13.304761904761905,0.3047619047619048
SEA-PHX,SEA,PHX,1073,4.295433364398882,9.392357875116495,0.18173345759552656
SEA-PIT,SEA,PIT,20,1.6,4.75,0.2
SEA-PSC,SEA,PSC,228,9.767543859649123,16.05263157894737,0.2149122807017544
SEA-PSP,SEA,PSP,366,4.240437158469946,6.3497267759562845,0.18032786885245902
SEA-RDM,SEA,RDM,265,12.777358490566037,18.433962264150942,0.19622641509433963
SEA-RDU,SEA,RDU,109,3.779816513761468,5.073394495412844,0.1926605504587156
SEA-RNO,SEA,RNO,47,7.404255319148936,11.425531914893616,0.2978723404255319
SEA-RSW,SEA,RSW,54,4.574074074074074,14.148148148148149,0.25925925925925924
SEA-SAN,SEA,SAN,646,4.769349845201238,9.707430340557275,0.20743034055727555
SEA-SAT,SEA,SAT,78,0.9743589743589743,4.884615384615385,0.20512820512820512
SEA-SBA,SEA,SBA,53,3.452830188679245,11.283018867924529,0.20754716981132076
SEA-SBP,SEA,SBP,7,12.714285714285714,21.714285714285715,0.42857142857142855
SEA-SFO,SEA,SFO,895,20.073743016759778,21.831284916201117,0.35195530726256985
SEA-SJC,SEA,SJC,602,2.5598006644518274,9.083056478405316,0.17940199335548174
SEA-SLC,SEA,SLC,541,3.3382624768946396,8.23475046210721,0.18853974121996303
SEA-SMF,SEA,SMF,597,5.16750418760469,8.391959798994975,0.17755443886097153
SEA-SNA,SEA,SNA,645,-0.3364341085271318,4.235658914728682,0.16434108527131783
SEA-STL,SEA,STL,70,3.8857142857142857,-0.08571428571428572,0.21428571428571427
SEA-STS,SEA,STS,59,15.338983050847459,11.627118644067796,0.288135593220339
SEA-TPA,SEA,TPA,168,1.0178571428571428,9.505952380952381,0.20238095238095238
SEA-TUS,SEA,TUS,155,3.670967741935484,9.929032258064517,0.1870967741935484
SFB-ABE,SFB,ABE,98,6.1938775510204085,10.622448979591837,0.11224489795918367
SFB-ALB,SFB,ALB,20,-10.25,-2.1,0.05
SFB-ATW,SFB,ATW,34,8.029411764705882,13.058823529411764,0.17647058823529413
SFB-AVL,SFB,AVL,77,12.545454545454545,13.753246753246753,0.33766233766233766
SFB-BGR,SFB,BGR,33,0.15151515151515152,3.5757575757575757,0.12121212121212122
SFB-BIS,SFB,BIS,9,-4.111111111111111,-0.1111111111111111,0.2222222222222222
SFB-BLV,SFB,BLV,20,-13.35,-5.1,0.05
SFB-BMI,SFB,BMI,19,18.210526315789473,24.894736842105264,0.2631578947368421
SFB-BNA,SFB,BNA,26,1.1923076923076923,4.230769230769231,0.19230769230769232
SFB-CAK,SFB,CAK,17,-1.3529411764705883,-1.3529411764705883,0.17647058823529413
SFB-CHA,SFB,CHA,17,6.764705882352941,5.764705882352941,0.23529411764705882
SFB-CID,SFB,CID,23,-1.0869565217391304,1.826086956521739,0.2608695652173913
SFB-CKB,SFB,CKB,19,4.473684210526316,6.052631578947368,0.15789473684210525
SFB-CVG,SFB,CVG,40,12.45,13.85,0.15
SFB-DAY,SFB,DAY,7,12.428571428571429,9.714285714285714,0.14285714285714285
SFB-DSM,SFB,DSM,22,21.318181818181817,27.954545454545453,0.36363636363636365
SFB-ELM,SFB,ELM,28,6.0,5.678571428571429,0.17857142857142858
SFB-EVV,SFB,EVV,17,9.058823529411764,9.235294117647058,0.4117647058823529
SFB-EYW,SFB,EYW,16,-10.125,-4.875,0.0625
SFB-FAR,SFB,FAR,17,-21.88235294117647,-4.0588235294117645,0.11764705882352941
SFB-FNT,SFB,FNT,50,-1.38,3.24,0.2
SFB-FSD,SFB,FSD,18,-17.61111111111111,-1.6111111111111112,0.0
SFB-FWA,SFB,FWA,20,-7.25,0.25,0.05
SFB-GFK,SFB,GFK,15,-14.2,4.0,0.13333333333333333
SFB-GRR,SFB,GRR,68,16.514705882352942,20.470588235294116,0.2647058823529412
SFB-GSP,SFB,GSP,17,-1.8823529411764706,-0.7647058823529411,0.17647058823529413
SFB-HGR,SFB,HGR,17,5.764705882352941,8.0,0.29411764705882354
SFB-HTS,SFB,HTS,20,8.55,12.3,0.3
SFB-IAG,SFB,IAG,17,16.352941176470587,16.529411764705884,0.23529411764705882
SFB-ICT,SFB,ICT,2,-13.0,-8.5,0.0
SFB-IND,SFB,IND,26,5.923076923076923,3.576923076923077,0.3076923076923077
SFB-LCK,SFB,LCK,19,13.105263157894736,8.578947368421053,0.3157894736842105
SFB-LEX,SFB,LEX,21,10.619047619047619,13.476190476190476,0.23809523809523808
SFB-LIT,SFB,LIT,2,46.0,39.0,0.5
SFB-MDT,SFB,MDT,44,-3.409090909090909,2.340909090909091,0.18181818181818182
SFB-MEM,SFB,MEM,17,6.588235294117647,3.1176470588235294,0.4117647058823529
SFB-MFE,SFB,MFE,19,-0.2631578947368421,-2.0526315789473686,0.10526315789473684
SFB-MLI,SFB,MLI,17,-4.588235294117647,-0.8235294117647058,0.058823529411764705
SFB-MOT,SFB,MOT,17,-25.11764705882353,-0.058823529411764705,0.058823529411764705
SFB-OMA,SFB,OMA,16,7.875,12.875,0.1875
SFB-ORF,SFB,ORF,17,16.647058823529413,8.0,0.29411764705882354
SFB-PBG,SFB,PBG,35,6.057142857142857,0.4,0.3142857142857143
SFB-PIA,SFB,PIA,17,-8.176470588235293,-5.588235294117647,0.058823529411764705
SFB-PIT,SFB,PIT,17,7.705882352941177,9.941176470588236,0.35294117647058826
SFB-PSM,SFB,PSM,26,-14.461538461538462,-6.3076923076923075,0.0
SFB-PVU,SFB,PVU,17,8.882352941176471,6.0,0.4117647058823529
SFB-RFD,SFB,RFD,18,-8.222222222222221,-5.833333333333333,0.05555555555555555
SFB-RIC,SFB,RIC,17,45.05882352941177,49.8235294117647,0.23529411764705882
SFB-ROA,SFB,ROA,17,4.352941176470588,7.529411764705882,0.29411764705882354
SFB-ROC,SFB,ROC,6,-6.5,-4.166666666666667,0.0
SFB-SBN,SFB,SBN,23,-1.173913043478261,41.17391304347826,0.13043478260869565
SFB-SDF,SFB,SDF,17,-12.117647058823529,-0.7058823529411765,0.058823529411764705
SFB-SGF,SFB,SGF,17,5.9411764705882355,7.882352941176471,0.11764705882352941
SFB-SWF,SFB,SWF,9,-3.6666666666666665,5.666666666666667,0.1111111111111111
SFB-SYR,SFB,SYR,25,-7.76,-4.44,0.04
SFB-TOL,SFB,TOL,21,0.42857142857142855,2.1904761904761907,0.38095238095238093
SFB-TRI,SFB,TRI,17,-5.294117647058823,-3.764705882352941,0.058823529411764705
SFB-TUL,SFB,TUL,12,-0.3333333333333333,3.8333333333333335,0.25
SFB-TVC,SFB,TVC,17,7.0588235294117645,5.176470588235294,0.23529411764705882
SFB-TYS,SFB,TYS,95,1.6421052631578947,4.326315789473684,0.18947368421052632
SFB-USA,SFB,USA,34,0.9705882352941176,3.323529411764706,0.20588235294117646
SFB-XNA,SFB,XNA,17,-10.647058823529411,-4.235294117647059,0.11764705882352941
SFO-ABQ,SFO,ABQ,118,20.627118644067796,25.88135593220339,0.2627118644067797
SFO-ACV,SFO,ACV,175,24.217142857142857,32.0,0.3028571428571429
SFO-ASE,SFO,ASE,114,41.23684210526316,52.728070175438596,0.35964912280701755
SFO-ATL,SFO,ATL,374,-4.81283422459893,7.197860962566845,0.11764705882352941
SFO-AUS,SFO,AUS,261,1.0114942528735633,9.651340996168582,0.16091954022988506
SFO-BFL,SFO,BFL,76,-8.605263157894736,1.1710526315789473,0.10526315789473684
SFO-BIH,SFO,BIH,39,-8.23076923076923,11.025641025641026,0.20512820512820512
SFO-BNA,SFO,BNA,60,-6.0,9.816666666666666,0.21666666666666667
SFO-BOI,SFO,BOI,209,21.196172248803826,29.16267942583732,0.3014354066985646
SFO-BOS,SFO,BOS,549,8.777777777777779,16.131147540983605,0.24408014571949
SFO-BUR,SFO,BUR,522,7.0344827586206895,11.229885057471265,0.21455938697318008
SFO-BWI,SFO,BWI,60,-6.233333333333333,4.216666666666667,0.11666666666666667
SFO-BZN,SFO,BZN,56,7.785714285714286,20.767857142857142,0.23214285714285715
SFO-CLE,SFO,CLE,48,16.3125,31.6875,0.22916666666666666
SFO-CLT,SFO,CLT,232,11.025862068965518,17.849137931034484,0.2413793103448276
SFO-CMH,SFO,CMH,50,-5.68,-3.06,0.12
SFO-DAL,SFO,DAL,6,-11.333333333333334,-5.666666666666667,0.0
SFO-DCA,SFO,DCA,119,-3.1260504201680672,-0.2184873949579832,0.13445378151260504
SFO-DEN,SFO,DEN,745,10.942281879194631,19.86308724832215,0.26711409395973157
SFO-DFW,SFO,DFW,578,23.53287197231834,31.55536332179931,0.28546712802768165
SFO-DTW,SFO,DTW,180,7.272222222222222,14.194444444444445,0.15
SFO-EGE,SFO,EGE,59,2.016949152542373,8.491525423728813,0.15254237288135594
SFO-EUG,SFO,EUG,110,9.190909090909091,20.90909090909091,0.20909090909090908
SFO-EWR,SFO,EWR,541,6.903881700554528,16.606284658040664,0.2144177449168207
SFO-FAT,SFO,FAT,175,7.777142857142858,10.457142857142857,0.22285714285714286
SFO-FCA,SFO,FCA,15,19.8,4.066666666666666,0.6666666666666666
SFO-FLL,SFO,FLL,310,4.190322580645161,14.338709677419354,0.2129032258064516
SFO-GEG,SFO,GEG,107,-3.3738317757009346,6.158878504672897,0.11214953271028037
SFO-HDN,SFO,HDN,8,-2.75,0.125,0.125
SFO-HNL,SFO,HNL,371,11.679245283018869,11.978436657681941,0.353099730458221
SFO-IAD,SFO,IAD,278,15.924460431654676,23.81654676258993,0.27697841726618705
SFO-IAH,SFO,IAH,449,2.8775055679287305,18.701559020044545,0.1514476614699332
SFO-IND,SFO,IND,58,21.896551724137932,36.39655172413793,0.3103448275862069
SFO-JAC,SFO,JAC,115,-3.9391304347826086,9.860869565217392,0.14782608695652175
SFO-JFK,SFO,JFK,873,3.513172966781214,13.743413516609392,0.1729667812142039
SFO-KOA,SFO,KOA,134,10.671641791044776,10.843283582089553,0.3358208955223881
SFO-LAS,SFO,LAS,776,22.37757731958763,27.52061855670103,0.327319587628866
SFO-LAX,SFO,LAX,1614,12.742874845105328,18.21995043370508,0.265179677819083
SFO-LIH,SFO,LIH,75,-7.173333333333333,-1.52,0.16
SFO-MCI,SFO,MCI,58,14.189655172413794,22.982758620689655,0.3275862068965517
SFO-MCO,SFO,MCO,157,-3.0191082802547773,10.439490445859873,0.12738853503184713
SFO-MDW,SFO,MDW,3,-2.0,-9.0,0.0
SFO-MFR,SFO,MFR,140,-1.4285714285714286,9.585714285714285,0.17142857142857143
SFO-MIA,SFO,MIA,270,11.511111111111111,18.892592592592592,0.21851851851851853
SFO-MRY,SFO,MRY,119,3.5126050420168067,12.142857142857142,0.226890756302521
SFO-MSP,SFO,MSP,256,-0.1484375,7.98046875,0.11328125
SFO-MSY,SFO,MSY,79,2.8227848101265822,19.569620253164558,0.21518987341772153
SFO-MTJ,SFO,MTJ,21,20.285714285714285,24.714285714285715,0.38095238095238093
SFO-OGG,SFO,OGG,190,9.178947368421053,11.08421052631579,0.24736842105263157
SFO-ONT,SFO,ONT,192,7.864583333333333,13.927083333333334,0.19270833333333334
SFO-ORD,SFO,ORD,549,8.020036429872496,16.673952641165755,0.16939890710382513
SFO-OTH,SFO,OTH,30,5.833333333333333,9.866666666666667,0.16666666666666666
SFO-PDX,SFO,PDX,444,8.801801801801801,16.27252252252252,0.24774774774774774
SFO-PHL,SFO,PHL,171,-0.24561403508771928,6.56140350877193,0.23391812865497075
SFO-PHX,SFO,PHX,721,15.37864077669903,21.446601941747574,0.2843273231622746
SFO-PIT,SFO,PIT,60,9.9,21.916666666666668,0.2833333333333333
SFO-PSC,SFO,PSC,82,-0.7926829268292683,9.987804878048781,0.13414634146341464
SFO-PSP,SFO,PSP,436,10.18348623853211,14.889908256880734,0.21559633027522937
SFO-RDD,SFO,RDD,117,14.735042735042734,18.324786324786324,0.21367521367521367
SFO-RDM,SFO,RDM,149,30.85234899328859,39.422818791946305,0.21476510067114093
SFO-RDU,SFO,RDU,78,-5.346153846153846,5.628205128205129,0.10256410256410256
SFO-RNO,SFO,RNO,224,10.227678571428571,14.477678571428571,0.23214285714285715
SFO-RSW,SFO,RSW,32,-4.4375,16.59375,0.125
SFO-SAN,SFO,SAN,860,11.923255813953489,15.918604651162791,0.27906976744186046
SFO-SAT,SFO,SAT,59,-6.627118644067797,3.440677966101695,0.1016949152542373
SFO-SBA,SFO,SBA,168,13.678571428571429,23.595238095238095,0.24404761904761904
SFO-SBP,SFO,SBP,141,5.851063829787234,13.120567375886525,0.22695035460992907
SFO-SEA,SFO,SEA,880,4.239772727272728,15.238636363636363,0.2034090909090909
SFO-SLC,SFO,SLC,550,12.398181818181818,22.765454545454546,0.2290909090909091
SFO-SMF,SFO,SMF,174,7.137931034482759,13.459770114942529,0.16091954022988506
SFO-SNA,SFO,SNA,623,9.146067415730338,13.595505617977528,0.24558587479935795
SFO-SUN,SFO,SUN,75,2.6666666666666665,12.493333333333334,0.16
SFO-TPA,SFO,TPA,106,-6.254716981132075,4.877358490566038,0.1320754716981132
SFO-TUS,SFO,TUS,161,2.4658385093167703,13.01863354037267,0.2236024844720497
SGF-ATL,SGF,ATL,164,18.176829268292682,23.926829268292682,0.23170731707317074
SGF-AZA,SGF,AZA,20,-13.45,-2.95,0.05
SGF-CLT,SGF,CLT,167,32.74251497005988,34.02994011976048,0.23353293413173654
SGF-DEN,SGF,DEN,56,2.5,17.428571428571427,0.17857142857142858
SGF-DFW,SGF,DFW,428,13.810747663551401,15.38785046728972,0.26401869158878505
SGF-LAS,SGF,LAS,17,4.0,5.117647058823529,0.23529411764705882
SGF-LAX,SGF,LAX,5,38.6,31.2,0.4
SGF-ORD,SGF,ORD,210,10.152380952380952,11.838095238095239,0.18571428571428572
SGF-PGD,SGF,PGD,17,76.88235294117646,80.88235294117646,0.17647058823529413
SGF-PIE,SGF,PIE,20,9.4,15.65,0.2
SGF-SFB,SGF,SFB,17,33.1764705882353,22.705882352941178,0.29411764705882354
SGU-DEN,SGU,DEN,102,14.77450980392157,13.598039215686274,0.28431372549019607
SGU-PHX,SGU,PHX,120,4.666666666666667,5.966666666666667,0.15
SGU-SLC,SGU,SLC,179,-6.743016759776537,-2.9497206703910615,0.10614525139664804
SHR-DEN,SHR,DEN,111,-2.954954954954955,6.243243243243243,0.12612612612612611
SHV-ATL,SHV,ATL,152,14.914473684210526,20.18421052631579,0.13815789473684212
SHV-CLT,SHV,CLT,115,11.773913043478261,12.278260869565218,0.10434782608695652
SHV-DFW,SHV,DFW,283,11.57243816254417,10.565371024734983,0.26148409893992935
SHV-LAS,SHV,LAS,16,11.6875,14.875,0.1875
SIT-JNU,SIT,JNU,115,1.5565217391304347,3.2956521739130435,0.17391304347826086
SIT-KTN,SIT,KTN,58,-6.172413793103448,-6.120689655172414,0.1206896551724138
SJC-ATL,SJC,ATL,107,-10.523364485981308,8.607476635514018,0.056074766355140186
SJC-AUS,SJC,AUS,207,1.3429951690821256,4.758454106280193,0.15458937198067632
SJC-BNA,SJC,BNA,30,2.2666666666666666,6.133333333333334,0.2
SJC-BOI,SJC,BOI,54,-6.685185185185185,2.8703703703703702,0.12962962962962962
SJC-BUR,SJC,BUR,386,-4.189119170984456,4.715025906735751,0.09585492227979274
SJC-DAL,SJC,DAL,89,-8.258426966292134,2.3820224719101124,0.02247191011235955
SJC-DEN,SJC,DEN,429,-0.46386946386946387,6.226107226107226,0.15384615384615385
SJC-DFW,SJC,DFW,209,5.2727272727272725,14.4066985645933,0.16267942583732056
SJC-EUG,SJC,EUG,49,9.918367346938776,16.122448979591837,0.24489795918367346
SJC-GEG,SJC,GEG,52,-2.4423076923076925,6.6923076923076925,0.11538461538461539
SJC-HNL,SJC,HNL,227,9.797356828193832,3.894273127753304,0.3700440528634361
SJC-HOU,SJC,HOU,60,2.5,10.6,0.21666666666666667
SJC-IAH,SJC,IAH,50,-1.44,4.74,0.12
SJC-KOA,SJC,KOA,35,2.342857142857143,4.114285714285714,0.2571428571428571
SJC-LAS,SJC,LAS,671,3.330849478390462,10.570789865871832,0.16989567809239942
SJC-LAX,SJC,LAX,792,-3.522727272727273,3.8838383838383836,0.14015151515151514
SJC-LGB,SJC,LGB,213,-3.8309859154929575,3.131455399061033,0.09389671361502347
SJC-LIH,SJC,LIH,10,-8.6,-6.8,0.2
SJC-MDW,SJC,MDW,60,-6.033333333333333,5.15,0.08333333333333333
SJC-MSP,SJC,MSP,51,-13.156862745098039,-3.8627450980392157,0.0392156862745098
SJC-OGG,SJC,OGG,110,2.672727272727273,3.4,0.2636363636363636
SJC-ONT,SJC,ONT,207,-0.12560386473429952,7.338164251207729,0.13043478260869565
SJC-ORD,SJC,ORD,61,-13.80327868852459,-0.9672131147540983,0.06557377049180328
SJC-PDX,SJC,PDX,334,3.0508982035928143,7.449101796407185,0.16766467065868262
SJC-PHX,SJC,PHX,468,2.235042735042735,8.123931623931623,0.15384615384615385
SJC-PSP,SJC,PSP,60,-0.8666666666666667,8.233333333333333,0.13333333333333333
SJC-RNO,SJC,RNO,60,-3.1333333333333333,5.95,0.08333333333333333
SJC-SAN,SJC,SAN,828,1.4384057971014492,3.3743961352657004,0.14130434782608695
SJC-SEA,SJC,SEA,614,-2.92671009771987,4.90228013029316,0.14169381107491857
SJC-SLC,SJC,SLC,286,-5.695804195804196,2.597902097902098,0.09090909090909091
SJC-SNA,SJC,SNA,457,-4.702407002188184,3.6564551422319473,0.10722100656455143
SJC-STL,SJC,STL,14,-1.6428571428571428,2.2142857142857144,0.0
SJT-DFW,SJT,DFW,178,14.286516853932584,17.410112359550563,0.19662921348314608
SJU-ATL,SJU,ATL,388,8.484536082474227,10.31701030927835,0.21649484536082475
SJU-BDL,SJU,BDL,158,58.12658227848101,49.9873417721519,0.6139240506329114
SJU-BNA,SJU,BNA,8,25.125,19.125,0.75
SJU-BOS,SJU,BOS,329,10.851063829787234,22.5531914893617,0.2613981762917933
SJU-BWI,SJU,BWI,246,14.004065040650406,17.134146341463413,0.22764227642276422
SJU-CLE,SJU,CLE,25,54.48,31.8,0.8
SJU-CLT,SJU,CLT,223,12.0,16.210762331838566,0.2242152466367713
SJU-DCA,SJU,DCA,60,29.5,40.9,0.45
SJU-DEN,SJU,DEN,57,6.684210526315789,3.1228070175438596,0.24561403508771928
SJU-DFW,SJU,DFW,129,39.72868217054263,27.914728682170544,0.5658914728682171
SJU-DTW,SJU,DTW,67,1.7014925373134329,4.850746268656716,0.1791044776119403
SJU-EWR,SJU,EWR,368,6.684782608695652,15.19836956521739,0.23097826086956522
SJU-FLL,SJU,FLL,321,19.429906542056074,21.781931464174455,0.29283489096573206
SJU-HOU,SJU,HOU,8,43.125,30.875,0.875
SJU-IAD,SJU,IAD,73,8.424657534246576,10.712328767123287,0.1643835616438356
SJU-IAH,SJU,IAH,143,10.41958041958042,9.454545454545455,0.20279720279720279
SJU-JAX,SJU,JAX,59,18.389830508474578,17.83050847457627,0.23728813559322035
SJU-JFK,SJU,JFK,500,5.918,17.878,0.206
SJU-MCO,SJU,MCO,945,20.767195767195766,22.61904761904762,0.2804232804232804
SJU-MDW,SJU,MDW,58,17.603448275862068,14.137931034482758,0.39655172413793105
SJU-MIA,SJU,MIA,430,19.84186046511628,18.6,0.2813953488372093
SJU-MSP,SJU,MSP,39,-5.615384615384615,0.15384615384615385,0.15384615384615385
SJU-ORD,SJU,ORD,190,8.326315789473684,9.08421052631579,0.2631578947368421
SJU-PHL,SJU,PHL,282,28.826241134751772,28.75177304964539,0.3971631205673759
SJU-RDU,SJU,RDU,110,14.6,13.845454545454546,0.23636363636363636
SJU-RSW,SJU,RSW,31,19.35483870967742,10.483870967741936,0.3870967741935484
SJU-STL,SJU,STL,8,2.625,0.5,0.375
SJU-STT,SJU,STT,93,6.870967741935484,8.268817204301076,0.20430107526881722
SJU-TPA,SJU,TPA,234,14.324786324786325,13.008547008547009,0.20512820512820512
SLC-ABQ,SLC,ABQ,166,-0.5120481927710844,6.63855421686747,0.1566265060240964
SLC-ATL,SLC,ATL,500,0.184,10.196,0.156
SLC-AUS,SLC,AUS,270,9.440740740740742,16.77777777777778,0.22592592592592592
SLC-BIL,SLC,BIL,165,-3.5272727272727273,2.793939393939394,0.11515151515151516
SLC-BNA,SLC,BNA,145,2.220689655172414,10.462068965517242,0.20689655172413793
SLC-BOI,SLC,BOI,245,1.1061224489795918,8.820408163265306,0.17959183673469387
SLC-BOS,SLC,BOS,172,4.186046511627907,8.848837209302326,0.23837209302325582
SLC-BTM,SLC,BTM,110,-7.618181818181818,-3.2363636363636363,0.1
SLC-BUR,SLC,BUR,230,-1.7130434782608697,6.243478260869566,0.13478260869565217
SLC-BWI,SLC,BWI,119,2.092436974789916,7.80672268907563,0.23529411764705882
SLC-BZN,SLC,BZN,177,20.423728813559322,30.915254237288135,0.21468926553672316
SLC-CDC,SLC,CDC,102,-10.46078431372549,-2.0392156862745097,0.08823529411764706
SLC-CLT,SLC,CLT,147,-0.6598639455782312,8.251700680272108,0.10884353741496598
SLC-COS,SLC,COS,60,-2.8666666666666667,2.5833333333333335,0.2
SLC-CPR,SLC,CPR,60,-7.15,7.533333333333333,0.03333333333333333
SLC-CVG,SLC,CVG,96,6.645833333333333,10.0625,0.15625
SLC-DAL,SLC,DAL,120,2.316666666666667,8.6,0.225
SLC-DCA,SLC,DCA,60,-0.3,7.2,0.11666666666666667
SLC-DEN,SLC,DEN,1291,6.31138652207591,11.1711851278079,0.21766072811773818
SLC-DFW,SLC,DFW,643,10.315707620528771,15.653188180404355,0.2332814930015552
SLC-DTW,SLC,DTW,228,2.162280701754386,7.802631578947368,0.15350877192982457
SLC-EKO,SLC,EKO,59,5.627118644067797,20.423728813559322,0.1016949152542373
SLC-EUG,SLC,EUG,111,5.126126126126126,9.288288288288289,0.15315315315315314
SLC-EWR,SLC,EWR,240,10.325,16.325,0.2375
SLC-FAT,SLC,FAT,165,-1.8909090909090909,3.672727272727273,0.12727272727272726
SLC-FCA,SLC,FCA,165,1.8,5.024242424242424,0.11515151515151516
SLC-FLL,SLC,FLL,120,19.35,26.958333333333332,0.2916666666666667
SLC-GEG,SLC,GEG,230,2.0304347826086957,10.143478260869566,0.1826086956521739
SLC-GTF,SLC,GTF,161,9.490683229813664,18.4472049689441,0.13664596273291926
SLC-HLN,SLC,HLN,124,2.806451612903226,7.080645161290323,0.12096774193548387
SLC-HNL,SLC,HNL,60,8.95,6.483333333333333,0.38333333333333336
SLC-HOU,SLC,HOU,60,10.85,16.716666666666665,0.2833333333333333
SLC-IAD,SLC,IAD,60,-1.55,4.983333333333333,0.1
SLC-IAH,SLC,IAH,357,0.6190476190476191,7.781512605042017,0.14285714285714285
SLC-IDA,SLC,IDA,164,4.634146341463414,7.762195121951219,0.1402439024390244
SLC-JAC,SLC,JAC,179,9.452513966480447,15.726256983240223,0.18994413407821228
SLC-JFK,SLC,JFK,366,6.704918032786885,12.330601092896174,0.24863387978142076
SLC-LAS,SLC,LAS,774,8.077519379844961,11.378552971576227,0.23772609819121446
SLC-LAX,SLC,LAX,916,-0.3930131004366812,6.965065502183406,0.17685589519650655
SLC-LGA,SLC,LGA,8,5.25,15.875,0.375
SLC-LGB,SLC,LGB,257,-3.093385214007782,4.852140077821011,0.1245136186770428
SLC-LWS,SLC,LWS,60,-2.466666666666667,4.933333333333334,0.13333333333333333
SLC-MCI,SLC,MCI,139,2.402877697841727,6.546762589928058,0.2014388489208633
SLC-MCO,SLC,MCO,365,-1.4054794520547946,5.024657534246575,0.1863013698630137
SLC-MDW,SLC,MDW,108,2.509259259259259,10.87037037037037,0.25
SLC-MEM,SLC,MEM,60,2.9166666666666665,6.75,0.15
SLC-MFR,SLC,MFR,121,-1.1983471074380165,7.008264462809917,0.1652892561983471
SLC-MIA,SLC,MIA,164,14.298780487804878,15.981707317073171,0.2926829268292683
SLC-MKE,SLC,MKE,62,-0.6451612903225806,9.46774193548387,0.12903225806451613
SLC-MSO,SLC,MSO,162,4.734567901234568,13.820987654320987,0.13580246913580246
SLC-MSP,SLC,MSP,240,2.5166666666666666,8.6,0.17083333333333334
SLC-MSY,SLC,MSY,59,-0.11864406779661017,1.6610169491525424,0.1864406779661017
SLC-OAK,SLC,OAK,323,4.30030959752322,12.058823529411764,0.19195046439628483
SLC-OGG,SLC,OGG,59,1.9830508474576272,8.254237288135593,0.23728813559322035
SLC-OKC,SLC,OKC,111,11.486486486486486,14.26126126126126,0.16216216216216217
SLC-OMA,SLC,OMA,106,6.962264150943396,12.462264150943396,0.16037735849056603
SLC-ONT,SLC,ONT,173,1.2138728323699421,9.028901734104046,0.13872832369942195
SLC-ORD,SLC,ORD,450,6.804444444444444,11.117777777777778,0.17333333333333334
SLC-PDX,SLC,PDX,328,2.597560975609756,4.740853658536586,0.19207317073170732
SLC-PHL,SLC,PHL,83,4.240963855421687,14.060240963855422,0.1686746987951807
SLC-PHX,SLC,PHX,961,4.795005202913631,10.045785639958376,0.2008324661810614
SLC-PIH,SLC,PIH,120,-10.625,0.23333333333333334,0.06666666666666667
SLC-PSC,SLC,PSC,163,12.28834355828221,14.552147239263803,0.2392638036809816
SLC-PSP,SLC,PSP,178,0.6910112359550562,7.578651685393258,0.14606741573033707
SLC-RDM,SLC,RDM,122,22.901639344262296,25.139344262295083,0.21311475409836064
SLC-RDU,SLC,RDU,60,1.0333333333333334,8.85,0.16666666666666666
SLC-RNO,SLC,RNO,183,1.7650273224043715,8.743169398907105,0.16393442622950818
SLC-SAN,SLC,SAN,421,2.451306413301663,6.814726840855107,0.1995249406175772
SLC-SAT,SLC,SAT,165,1.4181818181818182,6.684848484848485,0.17575757575757575
SLC-SEA,SLC,SEA,541,-0.4029574861367837,7.8743068391866915,0.19038817005545286
SLC-SFO,SLC,SFO,546,20.78205128205128,20.413919413919412,0.3772893772893773
SLC-SGU,SLC,SGU,179,-6.022346368715084,0.5083798882681564,0.09497206703910614
SLC-SJC,SLC,SJC,286,0.5664335664335665,10.157342657342657,0.18181818181818182
SLC-SMF,SLC,SMF,286,6.101398601398602,11.367132867132867,0.21678321678321677
SLC-SNA,SLC,SNA,246,1.6991869918699187,7.930894308943089,0.1951219512195122
SLC-STL,SLC,STL,135,2.562962962962963,9.34074074074074,0.17037037037037037
SLC-SUN,SLC,SUN,152,2.9407894736842106,8.197368421052632,0.16447368421052633
SLC-TPA,SLC,TPA,60,-2.7333333333333334,3.7333333333333334,0.1
SLC-TUL,SLC,TUL,107,0.16822429906542055,7.859813084112149,0.16822429906542055
SLC-TUS,SLC,TUS,178,-0.1404494382022472,8.117977528089888,0.14606741573033707
SLC-TWF,SLC,TWF,118,-6.47457627118644,5.313559322033898,0.06779661016949153
SLN-HYS,SLN,HYS,56,-3.0892857142857144,1.1607142857142858,0.16071428571428573
SLN-ORD,SLN,ORD,56,0.5178571428571429,5.982142857142857,0.14285714285714285
SMF-ATL,SMF,ATL,143,0.46853146853146854,3.902097902097902,0.1258741258741259
SMF-AUS,SMF,AUS,80,-2.7875,1.4,0.1
SMF-BOI,SMF,BOI,72,8.347222222222221,13.666666666666666,0.2361111111111111
SMF-BUR,SMF,BUR,417,-2.9952038369304557,3.8081534772182253,0.10071942446043165
SMF-CLT,SMF,CLT,60,-12.6,-2.7666666666666666,0.06666666666666667
SMF-DAL,SMF,DAL,62,-4.596774193548387,3.403225806451613,0.06451612903225806
SMF-DEN,SMF,DEN,495,1.3353535353535353,7.876767676767677,0.1393939393939394
SMF-DFW,SMF,DFW,273,6.677655677655678,13.871794871794872,0.16117216117216118
SMF-EWR,SMF,EWR,8,-0.75,-3.875,0.125
SMF-GEG,SMF,GEG,67,7.298507462686567,11.328358208955224,0.16417910447761194
SMF-HNL,SMF,HNL,119,18.058823529411764,9.907563025210084,0.42857142857142855
SMF-HOU,SMF,HOU,60,0.18333333333333332,5.15,0.13333333333333333
SMF-IAD,SMF,IAD,4,6.75,-5.25,0.25
SMF-IAH,SMF,IAH,55,-13.727272727272727,0.45454545454545453,0.03636363636363636
SMF-JFK,SMF,JFK,59,40.40677966101695,37.52542372881356,0.4067796610169492
SMF-LAS,SMF,LAS,864,5.975694444444445,11.270833333333334,0.17939814814814814
SMF-LAX,SMF,LAX,781,-3.7516005121638925,2.8079385403329065,0.1088348271446863
SMF-LGB,SMF,LGB,320,-3.91875,3.115625,0.078125
SMF-MDW,SMF,MDW,59,-7.11864406779661,1.3389830508474576,0.01694915254237288
SMF-MIA,SMF,MIA,59,0.6101694915254238,11.186440677966102,0.2542372881355932
SMF-MSP,SMF,MSP,60,4.483333333333333,11.75,0.06666666666666667
SMF-OGG,SMF,OGG,60,11.333333333333334,7.716666666666667,0.3333333333333333
SMF-ONT,SMF,ONT,269,-7.063197026022305,2.7472118959107807,0.07806691449814127
SMF-ORD,SMF,ORD,133,1.5714285714285714,8.481203007518797,0.10526315789473684
SMF-PDX,SMF,PDX,240,4.479166666666667,7.904166666666667,0.15416666666666667
SMF-PHX,SMF,PHX,557,-1.2028725314183124,4.876122082585279,0.12567324955116696
SMF-PSP,SMF,PSP,88,6.079545454545454,11.784090909090908,0.19318181818181818
SMF-SAN,SMF,SAN,782,2.9680306905370846,6.283887468030691,0.1815856777493606
SMF-SBA,SMF,SBA,51,-8.431372549019608,0.6666666666666666,0.0392156862745098
SMF-SEA,SMF,SEA,590,-4.122033898305085,4.533898305084746,0.11864406779661017
SMF-SFO,SMF,SFO,173,9.22543352601156,16.387283236994218,0.2543352601156069
SMF-SLC,SMF,SLC,287,4.264808362369338,11.714285714285714,0.14634146341463414
SMF-SNA,SMF,SNA,376,-0.5611702127659575,5.316489361702128,0.1276595744680851
SMF-STL,SMF,STL,59,-4.6440677966101696,3.983050847457627,0.03389830508474576
SMX-LAS,SMX,LAS,18,49.666666666666664,49.22222222222222,0.3333333333333333
SNA-ATL,SNA,ATL,133,-1.368421052631579,12.090225563909774,0.13533834586466165
SNA-AUS,SNA,AUS,119,6.285714285714286,11.126050420168067,0.16806722689075632
SNA-BNA,SNA,BNA,7,3.0,8.142857142857142,0.14285714285714285
SNA-BOI,SNA,BOI,34,2.8823529411764706,5.117647058823529,0.14705882352941177
SNA-CLT,SNA,CLT,60,24.45,44.15,0.08333333333333333
SNA-DAL,SNA,DAL,60,5.083333333333333,16.866666666666667,0.16666666666666666
SNA-DEN,SNA,DEN,546,-1.4084249084249085,7.135531135531136,0.1282051282051282
SNA-DFW,SNA,DFW,451,4.388026607538802,13.299334811529933,0.1662971175166297
SNA-DSM,SNA,DSM,16,9.75,13.3125,0.25
SNA-DTW,SNA,DTW,40,-2.45,10.075,0.075
SNA-EUG,SNA,EUG,17,13.294117647058824,10.058823529411764,0.35294117647058826
SNA-EWR,SNA,EWR,178,-5.853932584269663,5.589887640449438,0.10112359550561797
SNA-IAH,SNA,IAH,221,-9.760180995475114,5.294117647058823,0.06334841628959276
SNA-IDA,SNA,IDA,16,0.75,10.8125,0.125
SNA-JFK,SNA,JFK,59,21.508474576271187,25.52542372881356,0.2033898305084746
SNA-LAS,SNA,LAS,646,5.311145510835913,11.5,0.2043343653250774
SNA-MFR,SNA,MFR,16,-9.0,-2.0,0.0625
SNA-MIA,SNA,MIA,53,3.792452830188679,1.6981132075471699,0.32075471698113206
SNA-MSP,SNA,MSP,76,-11.460526315789474,3.0657894736842106,0.10526315789473684
SNA-OAK,SNA,OAK,391,0.07672634271099744,7.670076726342711,0.17902813299232737
SNA-ORD,SNA,ORD,336,-0.0744047619047619,7.9851190476190474,0.13988095238095238
SNA-PDX,SNA,PDX,207,4.14975845410628,1.2705314009661837,0.178743961352657
SNA-PHX,SNA,PHX,727,4.548830811554333,9.447042640990372,0.15818431911966988
SNA-PVU,SNA,PVU,74,32.608108108108105,40.33783783783784,0.13513513513513514
SNA-SEA,SNA,SEA,641,-2.709828393135725,4.956318252730109,0.15600624024961
SNA-SFO,SNA,SFO,624,24.98076923076923,21.735576923076923,0.3974358974358974
SNA-SJC,SNA,SJC,459,-2.6753812636165577,5.183006535947713,0.13507625272331156
SNA-SLC,SNA,SLC,246,-3.459349593495935,4.40650406504065,0.11382113821138211
SNA-SMF,SNA,SMF,374,1.7032085561497325,8.232620320855615,0.1443850267379679
SNA-STS,SNA,STS,96,0.19791666666666666,3.3333333333333335,0.11458333333333333
SNA-TUS,SNA,TUS,60,-16.55,4.883333333333334,0.1
SPI-PGD,SPI,PGD,21,23.285714285714285,25.857142857142858,0.42857142857142855
SPN-GUM,SPN,GUM,60,-17.233333333333334,-12.083333333333334,0.016666666666666666
SPS-DFW,SPS,DFW,115,9.878260869565217,13.617391304347827,0.23478260869565218
SRQ-ABE,SRQ,ABE,17,-7.647058823529412,-1.7647058823529411,0.11764705882352941
SRQ-ATL,SRQ,ATL,469,-2.0874200426439233,3.279317697228145,0.09808102345415778
SRQ-ATW,SRQ,ATW,17,-11.705882352941176,-4.823529411764706,0.058823529411764705
SRQ-AUS,SRQ,AUS,2,-9.5,-10.0,0.0
SRQ-AVL,SRQ,AVL,17,5.823529411764706,9.411764705882353,0.11764705882352941
SRQ-BLV,SRQ,BLV,16,-1.875,4.4375,0.1875
SRQ-BNA,SRQ,BNA,125,0.472,4.976,0.168
SRQ-BOS,SRQ,BOS,78,10.423076923076923,15.615384615384615,0.20512820512820512
SRQ-BUF,SRQ,BUF,7,12.285714285714286,7.857142857142857,0.2857142857142857
SRQ-BWI,SRQ,BWI,252,-0.11507936507936507,8.198412698412698,0.13095238095238096
SRQ-CAK,SRQ,CAK,17,-8.705882352941176,-9.882352941176471,0.058823529411764705
SRQ-CID,SRQ,CID,17,-16.058823529411764,-8.352941176470589,0.058823529411764705
SRQ-CLE,SRQ,CLE,65,25.6,11.892307692307693,0.46153846153846156
SRQ-CLT,SRQ,CLT,342,13.228070175438596,18.23391812865497,0.20760233918128654
SRQ-CMH,SRQ,CMH,23,11.608695652173912,18.82608695652174,0.21739130434782608
SRQ-CVG,SRQ,CVG,36,-4.666666666666667,-3.5555555555555554,0.1111111111111111
SRQ-DAL,SRQ,DAL,58,12.586206896551724,14.0,0.29310344827586204
SRQ-DCA,SRQ,DCA,60,8.116666666666667,11.683333333333334,0.26666666666666666
SRQ-DEN,SRQ,DEN,28,19.571428571428573,19.178571428571427,0.39285714285714285
SRQ-DFW,SRQ,DFW,59,28.372881355932204,25.847457627118644,0.423728813559322
SRQ-DSM,SRQ,DSM,20,97.95,102.6,0.35
SRQ-DTW,SRQ,DTW,52,12.25,16.307692307692307,0.19230769230769232
SRQ-EWR,SRQ,EWR,172,-6.354651162790698,9.011627906976743,0.09302325581395349
SRQ-FNT,SRQ,FNT,34,2.764705882352941,5.9411764705882355,0.20588235294117646
SRQ-FWA,SRQ,FWA,17,-17.235294117647058,-11.176470588235293,0.058823529411764705
SRQ-GRR,SRQ,GRR,26,23.26923076923077,30.384615384615383,0.23076923076923078
SRQ-HOU,SRQ,HOU,28,7.0,11.821428571428571,0.21428571428571427
SRQ-IAD,SRQ,IAD,76,-2.8289473684210527,-2.1184210526315788,0.09210526315789473
SRQ-IND,SRQ,IND,43,2.0697674418604652,6.604651162790698,0.2558139534883721
SRQ-JFK,SRQ,JFK,57,7.035087719298246,11.56140350877193,0.21052631578947367
SRQ-LCK,SRQ,LCK,19,-1.894736842105263,2.210526315789474,0.21052631578947367
SRQ-LGA,SRQ,LGA,178,12.803370786516854,22.49438202247191,0.17415730337078653
SRQ-MDT,SRQ,MDT,17,-7.0,-4.235294117647059,0.11764705882352941
SRQ-MDW,SRQ,MDW,60,2.933333333333333,12.366666666666667,0.23333333333333334
SRQ-MSP,SRQ,MSP,76,-6.631578947368421,1.9210526315789473,0.10526315789473684
SRQ-ORD,SRQ,ORD,184,24.570652173913043,30.29891304347826,0.19021739130434784
SRQ-PHL,SRQ,PHL,135,36.111111111111114,35.51851851851852,0.37037037037037035
SRQ-PIA,SRQ,PIA,16,-14.25,-10.6875,0.0
SRQ-PIT,SRQ,PIT,27,0.8148148148148148,6.481481481481482,0.25925925925925924
SRQ-RFD,SRQ,RFD,20,-10.9,-6.35,0.1
SRQ-SBN,SRQ,SBN,17,-17.41176470588235,-11.941176470588236,0.0
SRQ-SDF,SRQ,SDF,17,-10.941176470588236,-6.823529411764706,0.11764705882352941
SRQ-STL,SRQ,STL,67,3.074626865671642,8.970149253731343,0.16417910447761194
SRQ-SYR,SRQ,SYR,19,-17.210526315789473,-8.105263157894736,0.0
STC-AZA,STC,AZA,22,-10.636363636363637,2.4545454545454546,0.13636363636363635
STC-PGD,STC,PGD,17,71.29411764705883,78.41176470588235,0.35294117647058826
STL-ATL,STL,ATL,509,3.074656188605108,5.921414538310413,0.15717092337917485
STL-AUS,STL,AUS,79,1.6835443037974684,9.594936708860759,0.20253164556962025
STL-BNA,STL,BNA,194,-3.979381443298969,2.1030927835051547,0.10824742268041238
STL-BOS,STL,BOS,207,8.217391304347826,9.08695652173913,0.24154589371980675
STL-BWI,STL,BWI,151,-5.821192052980132,0.3443708609271523,0.06622516556291391
STL-CLE,STL,CLE,109,14.18348623853211,16.3302752293578,0.3211009174311927
STL-CLT,STL,CLT,287,4.829268292682927,8.087108013937282,0.1602787456445993
STL-CMH,STL,CMH,109,1.81651376146789,5.706422018348624,0.1651376146788991
STL-DAL,STL,DAL,337,1.57566765578635,6.9614243323442135,0.19287833827893175
STL-DCA,STL,DCA,373,13.53083109919571,15.337801608579088,0.21179624664879357
STL-DEN,STL,DEN,587,4.277683134582624,9.85008517887564,0.20272572402044292
STL-DFW,STL,DFW,337,22.31454005934718,21.623145400593472,0.32344213649851633
STL-DSM,STL,DSM,106,6.7924528301886795,10.358490566037736,0.22641509433962265
STL-DTW,STL,DTW,230,7.095652173913043,8.043478260869565,0.1782608695652174
STL-EWR,STL,EWR,159,-7.685534591194968,5.968553459119497,0.13836477987421383
STL-FLL,STL,FLL,164,12.018292682926829,11.25,0.2865853658536585
STL-HOU,STL,HOU,244,5.934426229508197,10.55327868852459,0.22540983606557377
STL-IAH,STL,IAH,121,-1.0082644628099173,3.669421487603306,0.1487603305785124
STL-ICT,STL,ICT,110,8.581818181818182,14.527272727272727,0.22727272727272727
STL-JAX,STL,JAX,52,1.25,2.4038461538461537,0.17307692307692307
STL-LAS,STL,LAS,262,5.717557251908397,17.641221374045802,0.2786259541984733
STL-LAX,STL,LAX,177,4.0,10.457627118644067,0.2824858757062147
STL-LGA,STL,LGA,576,6.428819444444445,12.40451388888889,0.1701388888888889
STL-LGB,STL,LGB,59,5.779661016949152,16.06779661016949,0.2711864406779661
STL-LIT,STL,LIT,109,7.944954128440367,13.293577981651376,0.22018348623853212
STL-MCI,STL,MCI,164,7.7317073170731705,11.329268292682928,0.2621951219512195
STL-MCO,STL,MCO,395,18.782278481012657,22.19493670886076,0.2810126582278481
STL-MDW,STL,MDW,257,-0.7431906614785992,7.400778210116732,0.12840466926070038
STL-MIA,STL,MIA,186,5.897849462365591,4.543010752688172,0.24731182795698925
STL-MKE,STL,MKE,109,10.697247706422019,11.926605504587156,0.26605504587155965
STL-MSP,STL,MSP,320,0.653125,6.5875,0.15
STL-MSY,STL,MSY,111,4.414414414414415,9.45045045045045,0.1981981981981982
STL-OAK,STL,OAK,52,19.442307692307693,22.634615384615383,0.36538461538461536
STL-OKC,STL,OKC,109,6.385321100917431,11.504587155963304,0.26605504587155965
STL-OMA,STL,OMA,109,6.5504587155963305,10.302752293577981,0.22935779816513763
STL-ORD,STL,ORD,321,17.931464174454828,20.161993769470406,0.24610591900311526
STL-PHL,STL,PHL,132,7.3106060606060606,7.825757575757576,0.19696969696969696
STL-PHX,STL,PHX,358,-0.2877094972067039,7.879888268156424,0.1871508379888268
STL-PIT,STL,PIT,60,7.633333333333334,8.8,0.18333333333333332
STL-RDU,STL,RDU,59,0.6271186440677966,4.52542372881356,0.1864406779661017
STL-RSW,STL,RSW,143,10.468531468531468,12.013986013986013,0.26573426573426573
STL-SAN,STL,SAN,61,6.672131147540983,17.508196721311474,0.2786885245901639
STL-SAT,STL,SAT,60,3.966666666666667,9.25,0.18333333333333332
STL-SEA,STL,SEA,70,-8.585714285714285,9.985714285714286,0.1
STL-SJC,STL,SJC,14,16.642857142857142,29.071428571428573,0.21428571428571427
STL-SJU,STL,SJU,8,22.125,21.5,0.5
STL-SLC,STL,SLC,134,-6.917910447761194,3.671641791044776,0.14925373134328357
STL-SMF,STL,SMF,60,15.333333333333334,18.616666666666667,0.3333333333333333
STL-SRQ,STL,SRQ,66,13.530303030303031,13.257575757575758,0.2727272727272727
STL-TPA,STL,TPA,177,6.785310734463277,9.502824858757062,0.22033898305084745
STL-TUL,STL,TUL,109,-0.3394495412844037,4.844036697247707,0.1834862385321101
STS-BUR,STS,BUR,34,29.205882352941178,28.11764705882353,0.47058823529411764
STS-LAX,STS,LAX,67,15.208955223880597,21.313432835820894,0.22388059701492538
STS-PDX,STS,PDX,57,11.105263157894736,11.719298245614034,0.12280701754385964
STS-PHX,STS,PHX,67,5.17910447761194,12.074626865671641,0.19402985074626866
STS-SAN,STS,SAN,97,11.597938144329897,6.309278350515464,0.24742268041237114
STS-SEA,STS,SEA,59,-0.7457627118644068,3.983050847457627,0.13559322033898305
STS-SNA,STS,SNA,96,1.7291666666666667,1.03125,0.11458333333333333
STT-ATL,STT,ATL,126,14.722222222222221,16.325396825396826,0.2619047619047619
STT-CLT,STT,CLT,118,15.516949152542374,12.372881355932204,0.3898305084745763
STT-DFW,STT,DFW,8,209.5,182.0,0.75
STT-EWR,STT,EWR,60,14.766666666666667,24.966666666666665,0.2
STT-FLL,STT,FLL,60,5.866666666666666,6.566666666666666,0.3
STT-IAD,STT,IAD,60,6.083333333333333,2.533333333333333,0.2
STT-IAH,STT,IAH,9,11.444444444444445,3.0,0.4444444444444444
STT-JFK,STT,JFK,119,11.470588235294118,32.42857142857143,0.20168067226890757
STT-MCO,STT,MCO,120,15.566666666666666,12.35,0.3
STT-MIA,STT,MIA,177,18.519774011299436,11.711864406779661,0.23163841807909605
STT-ORD,STT,ORD,30,12.866666666666667,7.566666666666666,0.23333333333333334
STT-PHL,STT,PHL,59,37.23728813559322,46.152542372881356,0.15254237288135594
STT-SJU,STT,SJU,110,10.454545454545455,10.454545454545455,0.2818181818181818
STX-ATL,STX,ATL,43,-5.511627906976744,-0.023255813953488372,0.11627906976744186
STX-CLT,STX,CLT,60,7.366666666666666,4.616666666666666,0.25
STX-FLL,STX,FLL,59,30.1864406779661,18.28813559322034,0.5084745762711864
STX-MIA,STX,MIA,120,29.708333333333332,26.533333333333335,0.2833333333333333
SUN-DEN,SUN,DEN,118,23.220338983050848,26.89830508474576,0.211864406779661
SUN-LAX,SUN,LAX,76,7.381578947368421,10.592105263157896,0.09210526315789473
SUN-ORD,SUN,ORD,57,47.473684210526315,41.578947368421055,0.3684210526315789
SUN-SFO,SUN,SFO,74,35.067567567567565,37.554054054054056,0.3783783783783784
SUN-SLC,SUN,SLC,152,15.80921052631579,18.467105263157894,0.13157894736842105
SUX-DEN,SUX,DEN,56,-6.517857142857143,13.785714285714286,0.05357142857142857
SUX-ORD,SUX,ORD,56,12.214285714285714,24.321428571428573,0.23214285714285715
SWF-MYR,SWF,MYR,17,52.76470588235294,57.35294117647059,0.23529411764705882
SWF-PGD,SWF,PGD,17,6.352941176470588,15.705882352941176,0.17647058823529413
SWF-PIE,SWF,PIE,17,53.470588235294116,66.11764705882354,0.17647058823529413
SWF-SFB,SWF,SFB,9,6.888888888888889,6.555555555555555,0.3333333333333333
SWO-DFW,SWO,DFW,115,2.782608695652174,11.504347826086956,0.13043478260869565
SYR-ATL,SYR,ATL,148,-7.79054054054054,10.013513513513514,0.14864864864864866
SYR-BNA,SYR,BNA,22,-1.0909090909090908,16.272727272727273,0.2727272727272727
SYR-BOS,SYR,BOS,54,4.592592592592593,7.018518518518518,0.2037037037037037
SYR-BWI,SYR,BWI,168,-12.827380952380953,-0.44047619047619047,0.09523809523809523
SYR-CLT,SYR,CLT,178,6.134831460674158,13.151685393258427,0.25842696629213485
SYR-DCA,SYR,DCA,165,-3.6484848484848484,9.654545454545454,0.10303030303030303
SYR-DEN,SYR,DEN,60,-16.816666666666666,3.05,0.08333333333333333
SYR-DFW,SYR,DFW,60,10.2,23.383333333333333,0.26666666666666666
SYR-DTW,SYR,DTW,170,-6.158823529411765,6.129411764705883,0.18235294117647058
SYR-EWR,SYR,EWR,120,-17.583333333333332,-2.3,0.13333333333333333
SYR-FLL,SYR,FLL,19,28.842105263157894,38.94736842105263,0.47368421052631576
SYR-IAD,SYR,IAD,36,-18.25,-6.0,0.027777777777777776
SYR-JFK,SYR,JFK,228,-3.93859649122807,3.192982456140351,0.13157894736842105
SYR-LGA,SYR,LGA,148,-0.06756756756756757,8.783783783783784,0.14864864864864866
SYR-MCO,SYR,MCO,181,8.469613259668508,14.933701657458563,0.22099447513812154
SYR-MIA,SYR,MIA,8,-13.375,-3.125,0.125
SYR-ORD,SYR,ORD,220,-5.886363636363637,6.85,0.17272727272727273
SYR-PGD,SYR,PGD,20,24.55,31.9,0.4
SYR-PHL,SYR,PHL,21,-18.761904761904763,6.428571428571429,0.19047619047619047
SYR-PIE,SYR,PIE,27,24.333333333333332,43.74074074074074,0.14814814814814814
SYR-RSW,SYR,RSW,35,6.3428571428571425,13.057142857142857,0.34285714285714286
SYR-SFB,SYR,SFB,25,2.92,8.64,0.32
SYR-SRQ,SYR,SRQ,19,-19.0,-5.526315789473684,0.15789473684210525
TLH-ATL,TLH,ATL,310,-1.7741935483870968,4.82258064516129,0.12903225806451613
TLH-CLT,TLH,CLT,124,8.588709677419354,10.701612903225806,0.16129032258064516
TLH-DCA,TLH,DCA,59,9.694915254237289,1.271186440677966,0.2711864406779661
TLH-DFW,TLH,DFW,179,8.860335195530727,11.458100558659218,0.22905027932960895
TLH-FLL,TLH,FLL,56,-7.75,-0.5714285714285714,0.05357142857142857
TLH-MIA,TLH,MIA,218,7.059633027522936,7.440366972477064,0.23394495412844038
TOL-AZA,TOL,AZA,8,-21.0,3.875,0.125
TOL-PGD,TOL,PGD,29,8.758620689655173,14.379310344827585,0.27586206896551724
TOL-PIE,TOL,PIE,21,-5.428571428571429,4.761904761904762,0.14285714285714285
TOL-SFB,TOL,SFB,21,12.285714285714286,18.095238095238095,0.38095238095238093
TPA-ACY,TPA,ACY,93,-4.494623655913978,-0.5161290322580645,0.10752688172043011
TPA-ALB,TPA,ALB,44,0.45454545454545453,10.795454545454545,0.11363636363636363
TPA-ATL,TPA,ATL,1108,-0.20938628158844766,6.762635379061372,0.14620938628158844
TPA-AUS,TPA,AUS,181,9.182320441988951,9.386740331491712,0.27624309392265195
TPA-BDL,TPA,BDL,126,3.8412698412698414,8.825396825396826,0.12698412698412698
TPA-BHM,TPA,BHM,67,12.417910447761194,17.432835820895523,0.29850746268656714
TPA-BNA,TPA,BNA,338,0.9467455621301775,6.878698224852071,0.16272189349112426
TPA-BOS,TPA,BOS,394,3.238578680203046,11.921319796954315,0.19543147208121828
TPA-BQN,TPA,BQN,82,7.073170731707317,15.304878048780488,0.24390243902439024
TPA-BUF,TPA,BUF,141,3.4893617021276597,4.23404255319149,0.1702127659574468
TPA-BWI,TPA,BWI,508,0.718503937007874,6.988188976377953,0.1377952755905512
TPA-CHS,TPA,CHS,26,-17.03846153846154,5.961538461538462,0.07692307692307693
TPA-CLE,TPA,CLE,240,-2.254166666666667,2.5375,0.14166666666666666
TPA-CLT,TPA,CLT,630,7.211111111111111,10.041269841269841,0.20476190476190476
TPA-CMH,TPA,CMH,161,0.937888198757764,5.875776397515528,0.12422360248447205
TPA-CVG,TPA,CVG,186,-0.8924731182795699,5.483870967741935,0.11827956989247312
TPA-DAL,TPA,DAL,235,7.3319148936170215,7.523404255319149,0.2297872340425532
TPA-DCA,TPA,DCA,368,10.127717391304348,17.26358695652174,0.1983695652173913
TPA-DEN,TPA,DEN,575,4.685217391304348,9.669565217391304,0.18608695652173912
TPA-DFW,TPA,DFW,485,15.2659793814433,16.64536082474227,0.26597938144329897
TPA-DTW,TPA,DTW,411,7.423357664233577,12.32360097323601,0.1922141119221411
TPA-EWR,TPA,EWR,454,-6.988986784140969,5.779735682819383,0.1145374449339207
TPA-FLL,TPA,FLL,222,0.6486486486486487,7.099099099099099,0.18468468468468469
TPA-GRR,TPA,GRR,31,1.1612903225806452,2.193548387096774,0.22580645161290322
TPA-HOU,TPA,HOU,187,7.096256684491979,8.764705882352942,0.22459893048128343
TPA-HPN,TPA,HPN,60,0.6166666666666667,10.183333333333334,0.23333333333333334
TPA-IAD,TPA,IAD,176,2.6193181818181817,9.5625,0.10227272727272728
TPA-IAH,TPA,IAH,279,3.3333333333333335,6.046594982078853,0.17562724014336917
TPA-IND,TPA,IND,201,1.7064676616915422,6.970149253731344,0.1791044776119403
TPA-ISP,TPA,ISP,110,-1.6363636363636365,4.627272727272727,0.13636363636363635
TPA-JFK,TPA,JFK,360,6.525,12.61111111111111,0.18055555555555555
TPA-LAS,TPA,LAS,121,5.0,7.859504132231405,0.30578512396694213
TPA-LAX,TPA,LAX,198,0.36363636363636365,4.98989898989899,0.1717171717171717
TPA-LGA,TPA,LGA,452,6.0553097345132745,14.398230088495575,0.1747787610619469
TPA-MCI,TPA,MCI,74,3.391891891891892,5.297297297297297,0.1891891891891892
TPA-MDW,TPA,MDW,241,0.3651452282157676,5.846473029045643,0.13692946058091288
TPA-MHT,TPA,MHT,2,11.5,19.5,0.5
TPA-MIA,TPA,MIA,412,14.313106796116505,16.033980582524272,0.21601941747572814
TPA-MKE,TPA,MKE,83,6.036144578313253,9.216867469879517,0.1927710843373494
TPA-MSP,TPA,MSP,193,-8.766839378238341,1.005181347150259,0.06217616580310881
TPA-MSY,TPA,MSY,221,5.009049773755656,6.122171945701357,0.18099547511312217
TPA-ORD,TPA,ORD,588,0.8197278911564626,7.931972789115647,0.14965986394557823
TPA-ORF,TPA,ORF,26,-7.076923076923077,11.423076923076923,0.19230769230769232
TPA-PDX,TPA,PDX,3,37.0,33.0,0.6666666666666666
TPA-PHL,TPA,PHL,466,13.354077253218884,18.6931330472103,0.19313304721030042
TPA-PHX,TPA,PHX,171,18.871345029239766,18.497076023391813,0.2573099415204678
TPA-PIT,TPA,PIT,171,-0.8596491228070176,5.011695906432749,0.14035087719298245
TPA-PVD,TPA,PVD,61,3.6885245901639343,6.573770491803279,0.21311475409836064
TPA-RDU,TPA,RDU,151,6.0198675496688745,10.721854304635762,0.2185430463576159
TPA-RIC,TPA,RIC,23,5.478260869565218,19.695652173913043,0.30434782608695654
TPA-ROC,TPA,ROC,15,-9.933333333333334,0.6,0.06666666666666667
TPA-SAN,TPA,SAN,47,16.21276595744681,2.148936170212766,0.425531914893617
TPA-SAT,TPA,SAT,89,15.438202247191011,8.775280898876405,0.34831460674157305
TPA-SDF,TPA,SDF,61,-1.2622950819672132,4.360655737704918,0.11475409836065574
TPA-SEA,TPA,SEA,166,-6.4397590361445785,6.144578313253012,0.1566265060240964
TPA-SFO,TPA,SFO,95,8.052631578947368,10.4,0.24210526315789474
TPA-SJU,TPA,SJU,235,-1.6340425531914893,9.62127659574468,0.13191489361702127
TPA-SLC,TPA,SLC,60,-14.5,0.4166666666666667,0.05
TPA-STL,TPA,STL,179,0.9162011173184358,5.687150837988827,0.1452513966480447
TPA-TTN,TPA,TTN,72,-7.805555555555555,-0.6666666666666666,0.125
TRI-ATL,TRI,ATL,218,1.4495412844036697,9.160550458715596,0.16055045871559634
TRI-CLT,TRI,CLT,40,-7.85,-0.2,0.1
TRI-DFW,TRI,DFW,66,-3.984848484848485,4.893939393939394,0.13636363636363635
TRI-PIE,TRI,PIE,7,81.57142857142857,82.71428571428571,0.5714285714285714
TRI-SFB,TRI,SFB,17,1.411764705882353,6.235294117647059,0.11764705882352941
TTN-ATL,TTN,ATL,10,27.1,7.9,0.5
TTN-FLL,TTN,FLL,53,7.584905660377358,11.660377358490566,0.16981132075471697
TTN-MCO,TTN,MCO,144,4.236111111111111,9.145833333333334,0.25
TTN-PBI,TTN,PBI,112,-1.8392857142857142,6.857142857142857,0.20535714285714285
TTN-RSW,TTN,RSW,74,-9.743243243243244,-0.8918918918918919,0.14864864864864866
TTN-TPA,TTN,TPA,69,10.652173913043478,15.27536231884058,0.2898550724637681
TUL-ATL,TUL,ATL,204,-4.137254901960785,1.8627450980392157,0.1323529411764706
TUL-AUS,TUL,AUS,53,-4.622641509433962,3.6226415094339623,0.09433962264150944
TUL-CLT,TUL,CLT,120,-0.16666666666666666,-0.6583333333333333,0.14166666666666666
TUL-DAL,TUL,DAL,175,-1.1542857142857144,5.822857142857143,0.14857142857142858
TUL-DCA,TUL,DCA,56,-2.732142857142857,1.1964285714285714,0.14285714285714285
TUL-DEN,TUL,DEN,251,3.1235059760956174,5.8326693227091635,0.18326693227091634
TUL-DFW,TUL,DFW,432,17.59722222222222,15.997685185185185,0.2569444444444444
TUL-HOU,TUL,HOU,81,3.6049382716049383,10.432098765432098,0.16049382716049382
TUL-IAH,TUL,IAH,66,7.787878787878788,11.590909090909092,0.12121212121212122
TUL-LAS,TUL,LAS,90,-6.522222222222222,0.9444444444444444,0.1111111111111111
TUL-LAX,TUL,LAX,76,5.368421052631579,4.2894736842105265,0.23684210526315788
TUL-LGA,TUL,LGA,50,2.34,-1.64,0.12
TUL-MCO,TUL,MCO,8,9.125,5.5,0.125
TUL-MDW,TUL,MDW,58,-2.8793103448275863,0.3448275862068966,0.13793103448275862
TUL-MIA,TUL,MIA,8,14.0,12.5,0.25
TUL-ORD,TUL,ORD,205,8.234146341463415,12.541463414634146,0.18048780487804877
TUL-PHX,TUL,PHX,159,9.270440251572326,8.440251572327044,0.22641509433962265
TUL-PIE,TUL,PIE,9,15.444444444444445,27.444444444444443,0.4444444444444444
TUL-SFB,TUL,SFB,12,1.8333333333333333,5.666666666666667,0.3333333333333333
TUL-SLC,TUL,SLC,106,-2.2547169811320753,5.320754716981132,0.16981132075471697
TUL-STL,TUL,STL,110,-8.0,-0.9454545454545454,0.06363636363636363
TUS-ATL,TUS,ATL,135,-7.5777777777777775,-0.562962962962963,0.08148148148148149
TUS-DAL,TUS,DAL,14,1.5714285714285714,9.714285714285714,0.07142857142857142
TUS-DEN,TUS,DEN,412,5.866504854368932,15.759708737864077,0.16990291262135923
TUS-DFW,TUS,DFW,357,9.235294117647058,11.588235294117647,0.19607843137254902
TUS-HOU,TUS,HOU,60,-8.333333333333334,-1.7833333333333334,0.016666666666666666
TUS-IAH,TUS,IAH,90,16.988888888888887,22.91111111111111,0.16666666666666666
TUS-LAS,TUS,LAS,231,6.034632034632034,11.25974025974026,0.21212121212121213
TUS-LAX,TUS,LAX,391,10.396419437340153,12.350383631713555,0.2608695652173913
TUS-MDW,TUS,MDW,15,-10.533333333333333,1.6,0.0
TUS-MSP,TUS,MSP,52,16.442307692307693,26.442307692307693,0.1346153846153846
TUS-ORD,TUS,ORD,153,0.7450980392156863,6.300653594771242,0.1503267973856209
TUS-PHX,TUS,PHX,498,1.0441767068273093,0.43172690763052207,0.14056224899598393
TUS-SAN,TUS,SAN,73,1.3013698630136987,6.123287671232877,0.1232876712328767
TUS-SEA,TUS,SEA,155,-0.13548387096774195,6.858064516129033,0.13548387096774195
TUS-SFO,TUS,SFO,160,25.69375,26.55625,0.33125
TUS-SLC,TUS,SLC,178,-4.033707865168539,3.561797752808989,0.08426966292134831
TUS-SNA,TUS,SNA,60,0.9666666666666667,4.366666666666666,0.08333333333333333
TVC-DTW,TVC,DTW,162,16.95679012345679,32.45679012345679,0.17901234567901234
TVC-ORD,TVC,ORD,203,23.448275862068964,29.029556650246306,0.2955665024630542
TVC-PGD,TVC,PGD,15,8.666666666666666,9.733333333333333,0.4
TVC-PIE,TVC,PIE,17,-12.647058823529411,1.7058823529411764,0.17647058823529413
TVC-SFB,TVC,SFB,17,17.470588235294116,20.764705882352942,0.4117647058823529
TWF-SLC,TWF,SLC,118,-1.3305084745762712,0.1016949152542373,0.1271186440677966
TXK-DFW,TXK,DFW,121,14.578512396694215,11.669421487603305,0.2231404958677686
TYR-DFW,TYR,DFW,172,25.872093023255815,28.151162790697676,0.2441860465116279
TYS-ATL,TYS,ATL,379,2.044854881266491,8.897097625329815,0.14775725593667546
TYS-AUS,TYS,AUS,4,10.75,7.25,0.25
TYS-BOS,TYS,BOS,2,-17.0,-5.5,0.0
TYS-CLT,TYS,CLT,387,11.821705426356589,13.648578811369509,0.2222222222222222
TYS-DCA,TYS,DCA,186,7.231182795698925,10.510752688172044,0.23118279569892472
TYS-DEN,TYS,DEN,124,-8.806451612903226,5.435483870967742,0.1774193548387097
TYS-DFW,TYS,DFW,175,0.5771428571428572,11.617142857142857,0.21714285714285714
TYS-DTW,TYS,DTW,59,-11.694915254237289,-2.7796610169491527,0.06779661016949153
TYS-EWR,TYS,EWR,19,3.263157894736842,9.368421052631579,0.21052631578947367
TYS-FLL,TYS,FLL,50,11.62,11.7,0.24
TYS-HOU,TYS,HOU,4,-6.0,5.25,0.25
TYS-LAS,TYS,LAS,16,-9.5,11.0625,0.125
TYS-LGA,TYS,LGA,189,-3.814814814814815,-0.1111111111111111,0.10052910052910052
TYS-MCO,TYS,MCO,20,8.1,8.1,0.3
TYS-MIA,TYS,MIA,58,-3.1379310344827585,-4.672413793103448,0.1724137931034483
TYS-ORD,TYS,ORD,169,15.355029585798816,16.988165680473372,0.21301775147928995
TYS-PBI,TYS,PBI,5,25.0,12.6,0.4
TYS-PGD,TYS,PGD,23,17.043478260869566,23.869565217391305,0.391304347826087
TYS-PHL,TYS,PHL,57,-14.491228070175438,-1.105263157894737,0.12280701754385964
TYS-PHX,TYS,PHX,17,-5.882352941176471,7.411764705882353,0.23529411764705882
TYS-PIE,TYS,PIE,47,42.0,36.765957446808514,0.2553191489361702
TYS-SFB,TYS,SFB,95,1.5473684210526315,5.147368421052631,0.16842105263157894
USA-FLL,USA,FLL,35,24.62857142857143,28.257142857142856,0.2571428571428571
USA-PGD,USA,PGD,19,0.42105263157894735,4.631578947368421,0.21052631578947367
USA-PIE,USA,PIE,37,1.0810810810810811,7.378378378378378,0.2702702702702703
USA-SFB,USA,SFB,34,-0.47058823529411764,1.8529411764705883,0.14705882352941177
VCT-IAH,VCT,IAH,100,12.65,21.13,0.12
VEL-DEN,VEL,DEN,52,16.76923076923077,21.423076923076923,0.11538461538461539
VLD-ATL,VLD,ATL,120,-2.1,6.966666666666667,0.09166666666666666
VPS-ATL,VPS,ATL,297,-1.0538720538720538,6.973063973063973,0.10437710437710437
VPS-BLV,VPS,BLV,29,-4.206896551724138,4.758620689655173,0.1724137931034483
VPS-BNA,VPS,BNA,126,-5.555555555555555,3.9523809523809526,0.1111111111111111
VPS-CLT,VPS,CLT,176,7.221590909090909,9.170454545454545,0.14772727272727273
VPS-CVG,VPS,CVG,22,9.318181818181818,16.954545454545453,0.13636363636363635
VPS-DAL,VPS,DAL,59,-1.4576271186440677,1.9152542372881356,0.13559322033898305
VPS-DCA,VPS,DCA,74,12.22972972972973,8.256756756756756,0.25675675675675674
VPS-DFW,VPS,DFW,172,37.80813953488372,38.627906976744185,0.20348837209302326
VPS-EWR,VPS,EWR,7,-23.857142857142858,5.857142857142857,0.14285714285714285
VPS-GRR,VPS,GRR,17,-21.0,-9.176470588235293,0.0
VPS-HOU,VPS,HOU,60,3.6,8.516666666666667,0.11666666666666667
VPS-ICT,VPS,ICT,5,-26.2,-13.6,0.0
VPS-IND,VPS,IND,5,-15.2,2.6,0.2
VPS-LAS,VPS,LAS,7,-20.0,-12.571428571428571,0.0
VPS-LCK,VPS,LCK,4,-17.0,-13.25,0.0
VPS-MDW,VPS,MDW,17,-17.176470588235293,-9.470588235294118,0.058823529411764705
VPS-MSP,VPS,MSP,44,-15.045454545454545,-5.25,0.09090909090909091
VPS-ORD,VPS,ORD,2,-14.0,5.0,0.0
VPS-XNA,VPS,XNA,7,-14.142857142857142,-12.857142857142858,0.0
WRG-KTN,WRG,KTN,56,-7.732142857142857,-7.660714285714286,0.10714285714285714
WRG-PSG,WRG,PSG,57,1.3157894736842106,4.0,0.22807017543859648
XNA-ATL,XNA,ATL,213,2.8497652582159625,6.530516431924883,0.15023474178403756
XNA-AZA,XNA,AZA,17,87.47058823529412,88.41176470588235,0.29411764705882354
XNA-BNA,XNA,BNA,18,51.77777777777778,48.5,0.05555555555555555
XNA-CLT,XNA,CLT,237,5.70464135021097,5.341772151898734,0.18143459915611815
XNA-DCA,XNA,DCA,58,-2.4655172413793105,0.1206896551724138,0.15517241379310345
XNA-DEN,XNA,DEN,185,24.78918918918919,26.556756756756755,0.2702702702702703
XNA-DFW,XNA,DFW,482,18.085062240663902,13.516597510373444,0.3132780082987552
XNA-FLL,XNA,FLL,17,100.82352941176471,98.41176470588235,0.4117647058823529
XNA-IAH,XNA,IAH,34,10.088235294117647,12.735294117647058,0.17647058823529413
XNA-LAS,XNA,LAS,18,4.166666666666667,12.666666666666666,0.2777777777777778
XNA-LAX,XNA,LAX,67,11.238805970149254,5.611940298507463,0.3283582089552239
XNA-LGA,XNA,LGA,100,9.88,14.15,0.2
XNA-MIA,XNA,MIA,14,19.285714285714285,11.142857142857142,0.2857142857142857
XNA-MSP,XNA,MSP,41,-11.975609756097562,-3.048780487804878,0.07317073170731707
XNA-ORD,XNA,ORD,264,6.5,12.465909090909092,0.17424242424242425
XNA-PHX,XNA,PHX,60,12.916666666666666,7.333333333333333,0.23333333333333334
XNA-PIE,XNA,PIE,17,-5.470588235294118,-6.0,0.17647058823529413
XNA-SFB,XNA,SFB,17,13.764705882352942,6.235294117647059,0.29411764705882354
XNA-VPS,XNA,VPS,7,-12.285714285714286,-2.5714285714285716,0.0
XWA-DEN,XWA,DEN,160,16.2625,23.64375,0.24375
XWA-MSP,XWA,MSP,114,16.412280701754387,31.92982456140351,0.21929824561403508
YAK-CDV,YAK,CDV,56,4.339285714285714,3.8214285714285716,0.21428571428571427
YAK-JNU,YAK,JNU,56,-7.464285714285714,-9.339285714285714,0.14285714285714285
YUM-DFW,YUM,DFW,60,1.6666666666666667,8.366666666666667,0.1
YUM-PHX,YUM,PHX,176,3.4488636363636362,3.7329545454545454,0.16477272727272727
